marca,modelo_color,sku,stock,precio,titulo
Reebok,RBK2100241910,RBK2100241910-2XL,0,45499.00,Biker Reebok
Reebok,RBK2100241910,RBK2100241910-2XS,0,45499.00,Biker Reebok
Reebok,RBK2100241910,RBK2100241910-L,2,45499.00,Biker Reebok
Reebok,RBK2100241910,RBK2100241910-M,2,45499.00,Biker Reebok
Reebok,RBK2100241910,RBK2100241910-S,2,45499.00,Biker Reebok
Reebok,RBK2100241910,RBK2100241910-XL,3,45499.00,Biker Reebok
Reebok,RBK2100241910,RBK2100241910-XS,4,45499.00,Biker Reebok
Reebok,RBK1100BP1241,RBK1100BP1241-4,0,113799.00,Botines Reebok Essence FG
Reebok,RBK1100BP1241,RBK1100BP1241-4.5,0,113799.00,Botines Reebok Essence FG
Reebok,RBK1100BP1241,RBK1100BP1241-5,0,113799.00,Botines Reebok Essence FG
Reebok,RBK1100BP1241,RBK1100BP1241-5.5,0,113799.00,Botines Reebok Essence FG
Reebok,RBK1100BP1241,RBK1100BP1241-6,0,113799.00,Botines Reebok Essence FG
Reebok,RBK1100BP1241,RBK1100BP1241-6.5,0,113799.00,Botines Reebok Essence FG
Reebok,RBK1100BP1241,RBK1100BP1241-7,0,113799.00,Botines Reebok Essence FG
Reebok,RBK1100BP1241,RBK1100BP1241-7.5,0,113799.00,Botines Reebok Essence FG
Reebok,RBK1100BP1241,RBK1100BP1241-8,0,89999.00,Botines Reebok Essence FG
Reebok,RBK1100BP1241,RBK1100BP1241-8.5,0,89999.00,Botines Reebok Essence FG
Reebok,RBK1100BP1241,RBK1100BP1241-9,0,89999.00,Botines Reebok Essence FG
Reebok,RBK1100BP1241,RBK1100BP1241-9.5,4,89999.00,Botines Reebok Essence FG
Reebok,RBK1100BP1241,RBK1100BP1241-10,12,89999.00,Botines Reebok Essence FG
Reebok,RBK1100BP1241,RBK1100BP1241-10.5,0,89999.00,Botines Reebok Essence FG
Reebok,RBK1100BP1241,RBK1100BP1241-11,7,89999.00,Botines Reebok Essence FG
Reebok,RBK1100BP1241,RBK1100BP1241-11.5,5,89999.00,Botines Reebok Essence FG
Reebok,RBK1100BP1241,RBK1100BP1241-12,2,89999.00,Botines Reebok Essence FG
Reebok,RBK1100BP1241,RBK1100BP1241-13,1,89999.00,Botines Reebok Essence FG
Reebok,RBK1100BP1240,RBK1100BP1240-7.5,0,103499.00,Botines Reebok Essence FG
Reebok,RBK1100BP1240,RBK1100BP1240-8,0,89999.00,Botines Reebok Essence FG
Reebok,RBK1100BP1240,RBK1100BP1240-8.5,0,89999.00,Botines Reebok Essence FG
Reebok,RBK1100BP1240,RBK1100BP1240-9,0,89999.00,Botines Reebok Essence FG
Reebok,RBK1100BP1240,RBK1100BP1240-9.5,1,89999.00,Botines Reebok Essence FG
Reebok,RBK1100BP1240,RBK1100BP1240-10,5,89999.00,Botines Reebok Essence FG
Reebok,RBK1100BP1240,RBK1100BP1240-10.5,0,89999.00,Botines Reebok Essence FG
Reebok,RBK1100BP1240,RBK1100BP1240-11,2,89999.00,Botines Reebok Essence FG
Reebok,RBK1100BP1240,RBK1100BP1240-11.5,0,89999.00,Botines Reebok Essence FG
Reebok,RBK1100BP1240,RBK1100BP1240-12,0,89999.00,Botines Reebok Essence FG
Reebok,RBK1100BP1240,RBK1100BP1240-13,0,89999.00,Botines Reebok Essence FG
Reebok,RBK1100BP1239,RBK1100BP1239-4,0,113799.00,Botines Reebok Essence FG
Reebok,RBK1100BP1239,RBK1100BP1239-4.5,0,113799.00,Botines Reebok Essence FG
Reebok,RBK1100BP1239,RBK1100BP1239-5,0,113799.00,Botines Reebok Essence FG
Reebok,RBK1100BP1239,RBK1100BP1239-5.5,0,113799.00,Botines Reebok Essence FG
Reebok,RBK1100BP1239,RBK1100BP1239-6,0,113799.00,Botines Reebok Essence FG
Reebok,RBK1100BP1239,RBK1100BP1239-6.5,0,113799.00,Botines Reebok Essence FG
Reebok,RBK1100BP1239,RBK1100BP1239-7,0,113799.00,Botines Reebok Essence FG
Reebok,RBK1100BP1239,RBK1100BP1239-7.5,0,113799.00,Botines Reebok Essence FG
Reebok,RBK1100BP1239,RBK1100BP1239-8,2,89999.00,Botines Reebok Essence FG
Reebok,RBK1100BP1239,RBK1100BP1239-8.5,0,89999.00,Botines Reebok Essence FG
Reebok,RBK1100BP1239,RBK1100BP1239-9,0,89999.00,Botines Reebok Essence FG
Reebok,RBK1100BP1239,RBK1100BP1239-9.5,3,89999.00,Botines Reebok Essence FG
Reebok,RBK1100BP1239,RBK1100BP1239-10,7,89999.00,Botines Reebok Essence FG
Reebok,RBK1100BP1239,RBK1100BP1239-10.5,0,89999.00,Botines Reebok Essence FG
Reebok,RBK1100BP1239,RBK1100BP1239-11,4,89999.00,Botines Reebok Essence FG
Reebok,RBK1100BP1239,RBK1100BP1239-11.5,0,89999.00,Botines Reebok Essence FG
Reebok,RBK1100BP1239,RBK1100BP1239-12,0,89999.00,Botines Reebok Essence FG
Reebok,RBK1100BP1239,RBK1100BP1239-13,0,89999.00,Botines Reebok Essence FG
Reebok,RBK1100BP1238,RBK1100BP1238-4,0,103499.00,Botines Reebok Essence FG
Reebok,RBK1100BP1238,RBK1100BP1238-4.5,0,103499.00,Botines Reebok Essence FG
Reebok,RBK1100BP1238,RBK1100BP1238-5,0,103499.00,Botines Reebok Essence FG
Reebok,RBK1100BP1238,RBK1100BP1238-5.5,0,103499.00,Botines Reebok Essence FG
Reebok,RBK1100BP1238,RBK1100BP1238-6,0,103499.00,Botines Reebok Essence FG
Reebok,RBK1100BP1238,RBK1100BP1238-6.5,0,103499.00,Botines Reebok Essence FG
Reebok,RBK1100BP1238,RBK1100BP1238-7,0,103499.00,Botines Reebok Essence FG
Reebok,RBK1100BP1238,RBK1100BP1238-7.5,0,103499.00,Botines Reebok Essence FG
Reebok,RBK1100BP1238,RBK1100BP1238-8,2,89999.00,Botines Reebok Essence FG
Reebok,RBK1100BP1238,RBK1100BP1238-8.5,0,89999.00,Botines Reebok Essence FG
Reebok,RBK1100BP1238,RBK1100BP1238-9,2,89999.00,Botines Reebok Essence FG
Reebok,RBK1100BP1238,RBK1100BP1238-9.5,3,89999.00,Botines Reebok Essence FG
Reebok,RBK1100BP1238,RBK1100BP1238-10,9,89999.00,Botines Reebok Essence FG
Reebok,RBK1100BP1238,RBK1100BP1238-10.5,0,89999.00,Botines Reebok Essence FG
Reebok,RBK1100BP1238,RBK1100BP1238-11,6,89999.00,Botines Reebok Essence FG
Reebok,RBK1100BP1238,RBK1100BP1238-11.5,4,89999.00,Botines Reebok Essence FG
Reebok,RBK1100BP1238,RBK1100BP1238-12,1,89999.00,Botines Reebok Essence FG
Reebok,RBK1100BP1238,RBK1100BP1238-13,0,89999.00,Botines Reebok Essence FG
Reebok,RBK1100BP1237,RBK1100BP1237-4,0,113799.00,Botines Reebok Essence FG
Reebok,RBK1100BP1237,RBK1100BP1237-4.5,0,113799.00,Botines Reebok Essence FG
Reebok,RBK1100BP1237,RBK1100BP1237-5,0,113799.00,Botines Reebok Essence FG
Reebok,RBK1100BP1237,RBK1100BP1237-5.5,0,113799.00,Botines Reebok Essence FG
Reebok,RBK1100BP1237,RBK1100BP1237-6,0,113799.00,Botines Reebok Essence FG
Reebok,RBK1100BP1237,RBK1100BP1237-6.5,0,113799.00,Botines Reebok Essence FG
Reebok,RBK1100BP1237,RBK1100BP1237-7,0,113799.00,Botines Reebok Essence FG
Reebok,RBK1100BP1237,RBK1100BP1237-7.5,0,89999.00,Botines Reebok Essence FG
Reebok,RBK1100BP1237,RBK1100BP1237-8,1,89999.00,Botines Reebok Essence FG
Reebok,RBK1100BP1237,RBK1100BP1237-8.5,0,89999.00,Botines Reebok Essence FG
Reebok,RBK1100BP1237,RBK1100BP1237-9,2,89999.00,Botines Reebok Essence FG
Reebok,RBK1100BP1237,RBK1100BP1237-9.5,3,89999.00,Botines Reebok Essence FG
Reebok,RBK1100BP1237,RBK1100BP1237-10,5,89999.00,Botines Reebok Essence FG
Reebok,RBK1100BP1237,RBK1100BP1237-10.5,0,89999.00,Botines Reebok Essence FG
Reebok,RBK1100BP1237,RBK1100BP1237-11,7,89999.00,Botines Reebok Essence FG
Reebok,RBK1100BP1237,RBK1100BP1237-11.5,2,89999.00,Botines Reebok Essence FG
Reebok,RBK1100BP1237,RBK1100BP1237-12,0,89999.00,Botines Reebok Essence FG
Reebok,RBK1100BP1237,RBK1100BP1237-13,0,89999.00,Botines Reebok Essence FG
Reebok,RBK1100BP1236,RBK1100BP1236-4,0,113799.00,Botines Reebok Essence FG
Reebok,RBK1100BP1236,RBK1100BP1236-4.5,0,113799.00,Botines Reebok Essence FG
Reebok,RBK1100BP1236,RBK1100BP1236-5,0,113799.00,Botines Reebok Essence FG
Reebok,RBK1100BP1236,RBK1100BP1236-5.5,0,113799.00,Botines Reebok Essence FG
Reebok,RBK1100BP1236,RBK1100BP1236-6,0,113799.00,Botines Reebok Essence FG
Reebok,RBK1100BP1236,RBK1100BP1236-6.5,0,113799.00,Botines Reebok Essence FG
Reebok,RBK1100BP1236,RBK1100BP1236-7,0,113799.00,Botines Reebok Essence FG
Reebok,RBK1100BP1236,RBK1100BP1236-7.5,0,89999.00,Botines Reebok Essence FG
Reebok,RBK1100BP1236,RBK1100BP1236-8,2,89999.00,Botines Reebok Essence FG
Reebok,RBK1100BP1236,RBK1100BP1236-8.5,0,89999.00,Botines Reebok Essence FG
Reebok,RBK1100BP1236,RBK1100BP1236-9,3,89999.00,Botines Reebok Essence FG
Reebok,RBK1100BP1236,RBK1100BP1236-9.5,7,89999.00,Botines Reebok Essence FG
Reebok,RBK1100BP1236,RBK1100BP1236-10,8,89999.00,Botines Reebok Essence FG
Reebok,RBK1100BP1236,RBK1100BP1236-10.5,0,89999.00,Botines Reebok Essence FG
Reebok,RBK1100BP1236,RBK1100BP1236-11,4,89999.00,Botines Reebok Essence FG
Reebok,RBK1100BP1236,RBK1100BP1236-11.5,3,89999.00,Botines Reebok Essence FG
Reebok,RBK1100BP1236,RBK1100BP1236-12,1,89999.00,Botines Reebok Essence FG
Reebok,RBK1100BP1236,RBK1100BP1236-13,1,89999.00,Botines Reebok Essence FG
Reebok,RBK1100BP1234,RBK1100BP1234-4,0,113799.00,Botines Reebok Essence FG
Reebok,RBK1100BP1234,RBK1100BP1234-4.5,0,113799.00,Botines Reebok Essence FG
Reebok,RBK1100BP1234,RBK1100BP1234-5,0,113799.00,Botines Reebok Essence FG
Reebok,RBK1100BP1234,RBK1100BP1234-5.5,0,113799.00,Botines Reebok Essence FG
Reebok,RBK1100BP1234,RBK1100BP1234-6,0,113799.00,Botines Reebok Essence FG
Reebok,RBK1100BP1234,RBK1100BP1234-6.5,0,113799.00,Botines Reebok Essence FG
Reebok,RBK1100BP1234,RBK1100BP1234-7,0,113799.00,Botines Reebok Essence FG
Reebok,RBK1100BP1234,RBK1100BP1234-7.5,0,113799.00,Botines Reebok Essence FG
Reebok,RBK1100BP1234,RBK1100BP1234-8,0,89999.00,Botines Reebok Essence FG
Reebok,RBK1100BP1234,RBK1100BP1234-8.5,0,89999.00,Botines Reebok Essence FG
Reebok,RBK1100BP1234,RBK1100BP1234-9,2,89999.00,Botines Reebok Essence FG
Reebok,RBK1100BP1234,RBK1100BP1234-9.5,8,89999.00,Botines Reebok Essence FG
Reebok,RBK1100BP1234,RBK1100BP1234-10,10,89999.00,Botines Reebok Essence FG
Reebok,RBK1100BP1234,RBK1100BP1234-10.5,0,89999.00,Botines Reebok Essence FG
Reebok,RBK1100BP1234,RBK1100BP1234-11,6,89999.00,Botines Reebok Essence FG
Reebok,RBK1100BP1234,RBK1100BP1234-11.5,2,89999.00,Botines Reebok Essence FG
Reebok,RBK1100BP1234,RBK1100BP1234-12,1,89999.00,Botines Reebok Essence FG
Reebok,RBK1100BP1234,RBK1100BP1234-13,1,89999.00,Botines Reebok Essence FG
Reebok,RBK1100BP1235,RBK1100BP1235-4,0,113799.00,Botines Reebok Essence FG
Reebok,RBK1100BP1235,RBK1100BP1235-8,1,94999.00,Botines Reebok Essence FG
Reebok,RBK1100BP1235,RBK1100BP1235-9,2,94999.00,Botines Reebok Essence FG
Reebok,RBK1100BP1235,RBK1100BP1235-9.5,3,94999.00,Botines Reebok Essence FG
Reebok,RBK1100BP1235,RBK1100BP1235-10,7,94999.00,Botines Reebok Essence FG
Reebok,RBK1100BP1235,RBK1100BP1235-11,4,94999.00,Botines Reebok Essence FG
Reebok,RBK1100BP1235,RBK1100BP1235-11.5,0,94999.00,Botines Reebok Essence FG
Reebok,RBK1100BP1235,RBK1100BP1235-13,0,94999.00,Botines Reebok Essence FG
Reebok,RBK1100BP1251,RBK1100BP1251-4,0,113799.00,Botines Reebok Essence Ic
Reebok,RBK1100BP1251,RBK1100BP1251-4.5,0,113799.00,Botines Reebok Essence Ic
Reebok,RBK1100BP1251,RBK1100BP1251-5,0,113799.00,Botines Reebok Essence Ic
Reebok,RBK1100BP1251,RBK1100BP1251-5.5,0,113799.00,Botines Reebok Essence Ic
Reebok,RBK1100BP1251,RBK1100BP1251-6,0,113799.00,Botines Reebok Essence Ic
Reebok,RBK1100BP1251,RBK1100BP1251-6.5,0,113799.00,Botines Reebok Essence Ic
Reebok,RBK1100BP1251,RBK1100BP1251-7,0,113799.00,Botines Reebok Essence Ic
Reebok,RBK1100BP1251,RBK1100BP1251-7.5,0,113799.00,Botines Reebok Essence Ic
Reebok,RBK1100BP1251,RBK1100BP1251-8,0,89999.00,Botines Reebok Essence Ic
Reebok,RBK1100BP1251,RBK1100BP1251-8.5,0,89999.00,Botines Reebok Essence Ic
Reebok,RBK1100BP1251,RBK1100BP1251-9,0,89999.00,Botines Reebok Essence Ic
Reebok,RBK1100BP1251,RBK1100BP1251-9.5,0,89999.00,Botines Reebok Essence Ic
Reebok,RBK1100BP1251,RBK1100BP1251-10,1,89999.00,Botines Reebok Essence Ic
Reebok,RBK1100BP1251,RBK1100BP1251-10.5,0,89999.00,Botines Reebok Essence Ic
Reebok,RBK1100BP1251,RBK1100BP1251-11,4,89999.00,Botines Reebok Essence Ic
Reebok,RBK1100BP1251,RBK1100BP1251-11.5,3,89999.00,Botines Reebok Essence Ic
Reebok,RBK1100BP1251,RBK1100BP1251-12,1,89999.00,Botines Reebok Essence Ic
Reebok,RBK1100BP1251,RBK1100BP1251-13,0,89999.00,Botines Reebok Essence Ic
Reebok,RBK1100BP1248,RBK1100BP1248-4,0,103499.00,Botines Reebok Essence Ic
Reebok,RBK1100BP1248,RBK1100BP1248-4.5,0,103499.00,Botines Reebok Essence Ic
Reebok,RBK1100BP1248,RBK1100BP1248-5,0,103499.00,Botines Reebok Essence Ic
Reebok,RBK1100BP1248,RBK1100BP1248-5.5,0,103499.00,Botines Reebok Essence Ic
Reebok,RBK1100BP1248,RBK1100BP1248-6,0,103499.00,Botines Reebok Essence Ic
Reebok,RBK1100BP1248,RBK1100BP1248-6.5,0,103499.00,Botines Reebok Essence Ic
Reebok,RBK1100BP1248,RBK1100BP1248-7,0,103499.00,Botines Reebok Essence Ic
Reebok,RBK1100BP1248,RBK1100BP1248-7.5,0,89999.00,Botines Reebok Essence Ic
Reebok,RBK1100BP1248,RBK1100BP1248-8,1,89999.00,Botines Reebok Essence Ic
Reebok,RBK1100BP1248,RBK1100BP1248-8.5,0,89999.00,Botines Reebok Essence Ic
Reebok,RBK1100BP1248,RBK1100BP1248-9,3,89999.00,Botines Reebok Essence Ic
Reebok,RBK1100BP1248,RBK1100BP1248-9.5,3,89999.00,Botines Reebok Essence Ic
Reebok,RBK1100BP1248,RBK1100BP1248-10,9,89999.00,Botines Reebok Essence Ic
Reebok,RBK1100BP1248,RBK1100BP1248-10.5,0,89999.00,Botines Reebok Essence Ic
Reebok,RBK1100BP1248,RBK1100BP1248-11,7,89999.00,Botines Reebok Essence Ic
Reebok,RBK1100BP1248,RBK1100BP1248-11.5,4,89999.00,Botines Reebok Essence Ic
Reebok,RBK1100BP1248,RBK1100BP1248-12,1,89999.00,Botines Reebok Essence Ic
Reebok,RBK1100BP1248,RBK1100BP1248-13,0,89999.00,Botines Reebok Essence Ic
Reebok,RBK1100BP1247,RBK1100BP1247-4,0,113799.00,Botines Reebok Essence Ic
Reebok,RBK1100BP1247,RBK1100BP1247-4.5,0,113799.00,Botines Reebok Essence Ic
Reebok,RBK1100BP1247,RBK1100BP1247-5,0,113799.00,Botines Reebok Essence Ic
Reebok,RBK1100BP1247,RBK1100BP1247-5.5,0,113799.00,Botines Reebok Essence Ic
Reebok,RBK1100BP1247,RBK1100BP1247-6,0,113799.00,Botines Reebok Essence Ic
Reebok,RBK1100BP1247,RBK1100BP1247-6.5,0,113799.00,Botines Reebok Essence Ic
Reebok,RBK1100BP1247,RBK1100BP1247-7,0,113799.00,Botines Reebok Essence Ic
Reebok,RBK1100BP1247,RBK1100BP1247-7.5,0,113799.00,Botines Reebok Essence Ic
Reebok,RBK1100BP1247,RBK1100BP1247-8,2,89999.00,Botines Reebok Essence Ic
Reebok,RBK1100BP1247,RBK1100BP1247-8.5,0,89999.00,Botines Reebok Essence Ic
Reebok,RBK1100BP1247,RBK1100BP1247-9,2,89999.00,Botines Reebok Essence Ic
Reebok,RBK1100BP1247,RBK1100BP1247-9.5,6,89999.00,Botines Reebok Essence Ic
Reebok,RBK1100BP1247,RBK1100BP1247-10,8,89999.00,Botines Reebok Essence Ic
Reebok,RBK1100BP1247,RBK1100BP1247-10.5,0,89999.00,Botines Reebok Essence Ic
Reebok,RBK1100BP1247,RBK1100BP1247-11,3,89999.00,Botines Reebok Essence Ic
Reebok,RBK1100BP1247,RBK1100BP1247-11.5,2,89999.00,Botines Reebok Essence Ic
Reebok,RBK1100BP1247,RBK1100BP1247-12,1,89999.00,Botines Reebok Essence Ic
Reebok,RBK1100BP1247,RBK1100BP1247-13,0,89999.00,Botines Reebok Essence Ic
Reebok,RBK1100BP1246,RBK1100BP1246-4,0,103499.00,Botines Reebok Essence Ic
Reebok,RBK1100BP1246,RBK1100BP1246-4.5,0,103499.00,Botines Reebok Essence Ic
Reebok,RBK1100BP1246,RBK1100BP1246-5,0,103499.00,Botines Reebok Essence Ic
Reebok,RBK1100BP1246,RBK1100BP1246-5.5,0,103499.00,Botines Reebok Essence Ic
Reebok,RBK1100BP1246,RBK1100BP1246-6,0,103499.00,Botines Reebok Essence Ic
Reebok,RBK1100BP1246,RBK1100BP1246-6.5,0,103499.00,Botines Reebok Essence Ic
Reebok,RBK1100BP1246,RBK1100BP1246-7,0,103499.00,Botines Reebok Essence Ic
Reebok,RBK1100BP1246,RBK1100BP1246-7.5,0,89999.00,Botines Reebok Essence Ic
Reebok,RBK1100BP1246,RBK1100BP1246-8,0,89999.00,Botines Reebok Essence Ic
Reebok,RBK1100BP1246,RBK1100BP1246-8.5,0,89999.00,Botines Reebok Essence Ic
Reebok,RBK1100BP1246,RBK1100BP1246-9,0,89999.00,Botines Reebok Essence Ic
Reebok,RBK1100BP1246,RBK1100BP1246-9.5,4,89999.00,Botines Reebok Essence Ic
Reebok,RBK1100BP1246,RBK1100BP1246-10,8,89999.00,Botines Reebok Essence Ic
Reebok,RBK1100BP1246,RBK1100BP1246-10.5,0,89999.00,Botines Reebok Essence Ic
Reebok,RBK1100BP1246,RBK1100BP1246-11,4,89999.00,Botines Reebok Essence Ic
Reebok,RBK1100BP1246,RBK1100BP1246-11.5,3,89999.00,Botines Reebok Essence Ic
Reebok,RBK1100BP1246,RBK1100BP1246-12,1,89999.00,Botines Reebok Essence Ic
Reebok,RBK1100BP1246,RBK1100BP1246-13,0,89999.00,Botines Reebok Essence Ic
Reebok,RBK1100BP1249,RBK1100BP1249-4,0,113799.00,Botines Reebok Essence Ic
Reebok,RBK1100BP1249,RBK1100BP1249-9,1,89999.00,Botines Reebok Essence Ic
Reebok,RBK1100BP1249,RBK1100BP1249-9.5,1,89999.00,Botines Reebok Essence Ic
Reebok,RBK1100BP1249,RBK1100BP1249-10,3,89999.00,Botines Reebok Essence Ic
Reebok,RBK1100BP1249,RBK1100BP1249-11,3,89999.00,Botines Reebok Essence Ic
Reebok,RBK1100BP1249,RBK1100BP1249-11.5,2,89999.00,Botines Reebok Essence Ic
Reebok,RBK1100BP1249,RBK1100BP1249-12,1,89999.00,Botines Reebok Essence Ic
Reebok,RBK1100BP1250,RBK1100BP1250-4,0,89999.00,Botines Reebok Essence Tg
Reebok,RBK1100BP1250,RBK1100BP1250-4.5,0,89999.00,Botines Reebok Essence Tg
Reebok,RBK1100BP1250,RBK1100BP1250-5,0,89999.00,Botines Reebok Essence Tg
Reebok,RBK1100BP1250,RBK1100BP1250-5.5,0,89999.00,Botines Reebok Essence Tg
Reebok,RBK1100BP1250,RBK1100BP1250-6,0,89999.00,Botines Reebok Essence Tg
Reebok,RBK1100BP1250,RBK1100BP1250-6.5,0,89999.00,Botines Reebok Essence Tg
Reebok,RBK1100BP1250,RBK1100BP1250-7,0,89999.00,Botines Reebok Essence Tg
Reebok,RBK1100BP1250,RBK1100BP1250-7.5,0,89999.00,Botines Reebok Essence Tg
Reebok,RBK1100BP1250,RBK1100BP1250-8,0,89999.00,Botines Reebok Essence Tg
Reebok,RBK1100BP1250,RBK1100BP1250-8.5,0,89999.00,Botines Reebok Essence Tg
Reebok,RBK1100BP1250,RBK1100BP1250-9,0,89999.00,Botines Reebok Essence Tg
Reebok,RBK1100BP1250,RBK1100BP1250-9.5,0,89999.00,Botines Reebok Essence Tg
Reebok,RBK1100BP1250,RBK1100BP1250-10,0,89999.00,Botines Reebok Essence Tg
Reebok,RBK1100BP1250,RBK1100BP1250-10.5,0,89999.00,Botines Reebok Essence Tg
Reebok,RBK1100BP1250,RBK1100BP1250-11,0,89999.00,Botines Reebok Essence Tg
Reebok,RBK1100BP1250,RBK1100BP1250-11.5,0,89999.00,Botines Reebok Essence Tg
Reebok,RBK1100BP1250,RBK1100BP1250-12,1,89999.00,Botines Reebok Essence Tg
Reebok,RBK1100BP1250,RBK1100BP1250-13,0,89999.00,Botines Reebok Essence Tg
Reebok,RBK1100BP1245,RBK1100BP1245-4,0,103499.00,Botines Reebok Essence Tg
Reebok,RBK1100BP1245,RBK1100BP1245-4.5,0,103499.00,Botines Reebok Essence Tg
Reebok,RBK1100BP1245,RBK1100BP1245-5,0,103499.00,Botines Reebok Essence Tg
Reebok,RBK1100BP1245,RBK1100BP1245-5.5,0,103499.00,Botines Reebok Essence Tg
Reebok,RBK1100BP1245,RBK1100BP1245-6,0,103499.00,Botines Reebok Essence Tg
Reebok,RBK1100BP1245,RBK1100BP1245-6.5,0,103499.00,Botines Reebok Essence Tg
Reebok,RBK1100BP1245,RBK1100BP1245-7,0,103499.00,Botines Reebok Essence Tg
Reebok,RBK1100BP1245,RBK1100BP1245-7.5,0,89999.00,Botines Reebok Essence Tg
Reebok,RBK1100BP1245,RBK1100BP1245-8,0,89999.00,Botines Reebok Essence Tg
Reebok,RBK1100BP1245,RBK1100BP1245-8.5,0,89999.00,Botines Reebok Essence Tg
Reebok,RBK1100BP1245,RBK1100BP1245-9,0,89999.00,Botines Reebok Essence Tg
Reebok,RBK1100BP1245,RBK1100BP1245-9.5,2,89999.00,Botines Reebok Essence Tg
Reebok,RBK1100BP1245,RBK1100BP1245-10,13,89999.00,Botines Reebok Essence Tg
Reebok,RBK1100BP1245,RBK1100BP1245-10.5,0,89999.00,Botines Reebok Essence Tg
Reebok,RBK1100BP1245,RBK1100BP1245-11,11,89999.00,Botines Reebok Essence Tg
Reebok,RBK1100BP1245,RBK1100BP1245-11.5,1,89999.00,Botines Reebok Essence Tg
Reebok,RBK1100BP1245,RBK1100BP1245-12,1,89999.00,Botines Reebok Essence Tg
Reebok,RBK1100BP1245,RBK1100BP1245-13,0,89999.00,Botines Reebok Essence Tg
Reebok,RBK1100BP1244,RBK1100BP1244-4,0,103499.00,Botines Reebok Essence Tg
Reebok,RBK1100BP1244,RBK1100BP1244-4.5,0,103499.00,Botines Reebok Essence Tg
Reebok,RBK1100BP1244,RBK1100BP1244-5,0,103499.00,Botines Reebok Essence Tg
Reebok,RBK1100BP1244,RBK1100BP1244-5.5,0,103499.00,Botines Reebok Essence Tg
Reebok,RBK1100BP1244,RBK1100BP1244-6,0,103499.00,Botines Reebok Essence Tg
Reebok,RBK1100BP1244,RBK1100BP1244-6.5,0,103499.00,Botines Reebok Essence Tg
Reebok,RBK1100BP1244,RBK1100BP1244-7,0,103499.00,Botines Reebok Essence Tg
Reebok,RBK1100BP1244,RBK1100BP1244-7.5,0,103499.00,Botines Reebok Essence Tg
Reebok,RBK1100BP1244,RBK1100BP1244-8,0,89999.00,Botines Reebok Essence Tg
Reebok,RBK1100BP1244,RBK1100BP1244-8.5,0,89999.00,Botines Reebok Essence Tg
Reebok,RBK1100BP1244,RBK1100BP1244-9,0,89999.00,Botines Reebok Essence Tg
Reebok,RBK1100BP1244,RBK1100BP1244-9.5,0,89999.00,Botines Reebok Essence Tg
Reebok,RBK1100BP1244,RBK1100BP1244-10,0,89999.00,Botines Reebok Essence Tg
Reebok,RBK1100BP1244,RBK1100BP1244-10.5,0,89999.00,Botines Reebok Essence Tg
Reebok,RBK1100BP1244,RBK1100BP1244-11,3,89999.00,Botines Reebok Essence Tg
Reebok,RBK1100BP1244,RBK1100BP1244-11.5,3,89999.00,Botines Reebok Essence Tg
Reebok,RBK1100BP1244,RBK1100BP1244-12,0,89999.00,Botines Reebok Essence Tg
Reebok,RBK1100BP1244,RBK1100BP1244-13,0,89999.00,Botines Reebok Essence Tg
Reebok,RBK1100BP1243,RBK1100BP1243-4,0,89999.00,Botines Reebok Essence Tg
Reebok,RBK1100BP1243,RBK1100BP1243-4.5,0,89999.00,Botines Reebok Essence Tg
Reebok,RBK1100BP1243,RBK1100BP1243-5,0,89999.00,Botines Reebok Essence Tg
Reebok,RBK1100BP1243,RBK1100BP1243-5.5,0,89999.00,Botines Reebok Essence Tg
Reebok,RBK1100BP1243,RBK1100BP1243-6,0,89999.00,Botines Reebok Essence Tg
Reebok,RBK1100BP1243,RBK1100BP1243-6.5,0,89999.00,Botines Reebok Essence Tg
Reebok,RBK1100BP1243,RBK1100BP1243-7,0,89999.00,Botines Reebok Essence Tg
Reebok,RBK1100BP1243,RBK1100BP1243-7.5,0,89999.00,Botines Reebok Essence Tg
Reebok,RBK1100BP1243,RBK1100BP1243-8,0,89999.00,Botines Reebok Essence Tg
Reebok,RBK1100BP1243,RBK1100BP1243-8.5,0,89999.00,Botines Reebok Essence Tg
Reebok,RBK1100BP1243,RBK1100BP1243-9,0,89999.00,Botines Reebok Essence Tg
Reebok,RBK1100BP1243,RBK1100BP1243-9.5,1,89999.00,Botines Reebok Essence Tg
Reebok,RBK1100BP1243,RBK1100BP1243-10,4,89999.00,Botines Reebok Essence Tg
Reebok,RBK1100BP1243,RBK1100BP1243-10.5,0,89999.00,Botines Reebok Essence Tg
Reebok,RBK1100BP1243,RBK1100BP1243-11,2,89999.00,Botines Reebok Essence Tg
Reebok,RBK1100BP1243,RBK1100BP1243-11.5,3,89999.00,Botines Reebok Essence Tg
Reebok,RBK1100BP1243,RBK1100BP1243-12,1,89999.00,Botines Reebok Essence Tg
Reebok,RBK1100BP1243,RBK1100BP1243-13,0,89999.00,Botines Reebok Essence Tg
Reebok,RBK1100BP1242,RBK1100BP1242-4,0,103499.00,Botines Reebok Essence Tg
Reebok,RBK1100BP1242,RBK1100BP1242-4.5,0,103499.00,Botines Reebok Essence Tg
Reebok,RBK1100BP1242,RBK1100BP1242-5,0,103499.00,Botines Reebok Essence Tg
Reebok,RBK1100BP1242,RBK1100BP1242-5.5,0,103499.00,Botines Reebok Essence Tg
Reebok,RBK1100BP1242,RBK1100BP1242-6,0,103499.00,Botines Reebok Essence Tg
Reebok,RBK1100BP1242,RBK1100BP1242-6.5,0,103499.00,Botines Reebok Essence Tg
Reebok,RBK1100BP1242,RBK1100BP1242-7,0,103499.00,Botines Reebok Essence Tg
Reebok,RBK1100BP1242,RBK1100BP1242-7.5,0,103499.00,Botines Reebok Essence Tg
Reebok,RBK1100BP1242,RBK1100BP1242-8,0,89999.00,Botines Reebok Essence Tg
Reebok,RBK1100BP1242,RBK1100BP1242-8.5,0,89999.00,Botines Reebok Essence Tg
Reebok,RBK1100BP1242,RBK1100BP1242-9,1,89999.00,Botines Reebok Essence Tg
Reebok,RBK1100BP1242,RBK1100BP1242-9.5,0,89999.00,Botines Reebok Essence Tg
Reebok,RBK1100BP1242,RBK1100BP1242-10,3,89999.00,Botines Reebok Essence Tg
Reebok,RBK1100BP1242,RBK1100BP1242-10.5,0,89999.00,Botines Reebok Essence Tg
Reebok,RBK1100BP1242,RBK1100BP1242-11,2,89999.00,Botines Reebok Essence Tg
Reebok,RBK1100BP1242,RBK1100BP1242-11.5,4,89999.00,Botines Reebok Essence Tg
Reebok,RBK1100BP1242,RBK1100BP1242-12,3,89999.00,Botines Reebok Essence Tg
Reebok,RBK1100BP1242,RBK1100BP1242-13,0,89999.00,Botines Reebok Essence Tg
Reebok,RBK1100MC0008,RBK1100MC0008-4,1,99999.00,Botines Reebok Match 1 Fg
Reebok,RBK1100MC0008,RBK1100MC0008-4.5,0,99999.00,Botines Reebok Match 1 Fg
Reebok,RBK1100MC0008,RBK1100MC0008-5,3,99999.00,Botines Reebok Match 1 Fg
Reebok,RBK1100MC0008,RBK1100MC0008-5.5,0,99999.00,Botines Reebok Match 1 Fg
Reebok,RBK1100MC0008,RBK1100MC0008-6,2,99999.00,Botines Reebok Match 1 Fg
Reebok,RBK1100MC0008,RBK1100MC0008-6.5,2,99999.00,Botines Reebok Match 1 Fg
Reebok,RBK1100MC0008,RBK1100MC0008-7,0,99999.00,Botines Reebok Match 1 Fg
Reebok,RBK1100MC0008,RBK1100MC0008-7.5,1,99999.00,Botines Reebok Match 1 Fg
Reebok,RBK1100MC0008,RBK1100MC0008-8,1,99999.00,Botines Reebok Match 1 Fg
Reebok,RBK1100MC0008,RBK1100MC0008-8.5,0,99999.00,Botines Reebok Match 1 Fg
Reebok,RBK1100MC0008,RBK1100MC0008-9,2,99999.00,Botines Reebok Match 1 Fg
Reebok,RBK1100MC0008,RBK1100MC0008-9.5,3,99999.00,Botines Reebok Match 1 Fg
Reebok,RBK1100MC0008,RBK1100MC0008-10,3,99999.00,Botines Reebok Match 1 Fg
Reebok,RBK1100MC0008,RBK1100MC0008-10.5,0,99999.00,Botines Reebok Match 1 Fg
Reebok,RBK1100MC0008,RBK1100MC0008-11,1,99999.00,Botines Reebok Match 1 Fg
Reebok,RBK1100MC0008,RBK1100MC0008-11.5,1,99999.00,Botines Reebok Match 1 Fg
Reebok,RBK1100MC0008,RBK1100MC0008-12,0,99999.00,Botines Reebok Match 1 Fg
Reebok,RBK1100MC0008,RBK1100MC0008-12.5,0,99999.00,Botines Reebok Match 1 Fg
Reebok,RBK1100MC0008,RBK1100MC0008-13,0,99999.00,Botines Reebok Match 1 Fg
Reebok,RBK1100MC0009,RBK1100MC0009-4,0,99999.00,Botines Reebok Match 1 Fg
Reebok,RBK1100MC0009,RBK1100MC0009-4.5,0,99999.00,Botines Reebok Match 1 Fg
Reebok,RBK1100MC0009,RBK1100MC0009-5,6,99999.00,Botines Reebok Match 1 Fg
Reebok,RBK1100MC0009,RBK1100MC0009-5.5,0,99999.00,Botines Reebok Match 1 Fg
Reebok,RBK1100MC0009,RBK1100MC0009-6,8,99999.00,Botines Reebok Match 1 Fg
Reebok,RBK1100MC0009,RBK1100MC0009-6.5,8,99999.00,Botines Reebok Match 1 Fg
Reebok,RBK1100MC0009,RBK1100MC0009-7,0,99999.00,Botines Reebok Match 1 Fg
Reebok,RBK1100MC0009,RBK1100MC0009-7.5,2,99999.00,Botines Reebok Match 1 Fg
Reebok,RBK1100MC0009,RBK1100MC0009-8,2,99999.00,Botines Reebok Match 1 Fg
Reebok,RBK1100MC0009,RBK1100MC0009-8.5,0,99999.00,Botines Reebok Match 1 Fg
Reebok,RBK1100MC0009,RBK1100MC0009-9,4,99999.00,Botines Reebok Match 1 Fg
Reebok,RBK1100MC0009,RBK1100MC0009-9.5,6,99999.00,Botines Reebok Match 1 Fg
Reebok,RBK1100MC0009,RBK1100MC0009-10,5,99999.00,Botines Reebok Match 1 Fg
Reebok,RBK1100MC0009,RBK1100MC0009-10.5,0,99999.00,Botines Reebok Match 1 Fg
Reebok,RBK1100MC0009,RBK1100MC0009-11,4,99999.00,Botines Reebok Match 1 Fg
Reebok,RBK1100MC0009,RBK1100MC0009-11.5,1,99999.00,Botines Reebok Match 1 Fg
Reebok,RBK1100MC0009,RBK1100MC0009-12,0,99999.00,Botines Reebok Match 1 Fg
Reebok,RBK1100MC0009,RBK1100MC0009-12.5,0,99999.00,Botines Reebok Match 1 Fg
Reebok,RBK1100MC0009,RBK1100MC0009-13,0,99999.00,Botines Reebok Match 1 Fg
Reebok,RBK1100MC0012,RBK1100MC0012-4,1,99999.00,Botines Reebok Match 1 Fg
Reebok,RBK1100MC0012,RBK1100MC0012-4.5,0,103499.00,Botines Reebok Match 1 Fg
Reebok,RBK1100MC0012,RBK1100MC0012-5,3,99999.00,Botines Reebok Match 1 Fg
Reebok,RBK1100MC0012,RBK1100MC0012-5.5,0,103499.00,Botines Reebok Match 1 Fg
Reebok,RBK1100MC0012,RBK1100MC0012-6,1,99999.00,Botines Reebok Match 1 Fg
Reebok,RBK1100MC0012,RBK1100MC0012-6.5,1,99999.00,Botines Reebok Match 1 Fg
Reebok,RBK1100MC0012,RBK1100MC0012-7,0,103499.00,Botines Reebok Match 1 Fg
Reebok,RBK1100MC0012,RBK1100MC0012-7.5,2,99999.00,Botines Reebok Match 1 Fg
Reebok,RBK1100MC0012,RBK1100MC0012-8,1,99999.00,Botines Reebok Match 1 Fg
Reebok,RBK1100MC0012,RBK1100MC0012-8.5,0,103499.00,Botines Reebok Match 1 Fg
Reebok,RBK1100MC0012,RBK1100MC0012-9,2,99999.00,Botines Reebok Match 1 Fg
Reebok,RBK1100MC0012,RBK1100MC0012-9.5,1,99999.00,Botines Reebok Match 1 Fg
Reebok,RBK1100MC0012,RBK1100MC0012-10,3,99999.00,Botines Reebok Match 1 Fg
Reebok,RBK1100MC0012,RBK1100MC0012-10.5,0,103499.00,Botines Reebok Match 1 Fg
Reebok,RBK1100MC0012,RBK1100MC0012-11,2,99999.00,Botines Reebok Match 1 Fg
Reebok,RBK1100MC0012,RBK1100MC0012-11.5,1,99999.00,Botines Reebok Match 1 Fg
Reebok,RBK1100MC0012,RBK1100MC0012-12,0,103499.00,Botines Reebok Match 1 Fg
Reebok,RBK1100MC0012,RBK1100MC0012-12.5,0,103499.00,Botines Reebok Match 1 Fg
Reebok,RBK1100MC0012,RBK1100MC0012-13,0,103499.00,Botines Reebok Match 1 Fg
Reebok,RBK1100MC0013,RBK1100MC0013-4,4,99999.00,Botines Reebok Match 1 Fg
Reebok,RBK1100MC0013,RBK1100MC0013-4.5,0,99999.00,Botines Reebok Match 1 Fg
Reebok,RBK1100MC0013,RBK1100MC0013-5,5,99999.00,Botines Reebok Match 1 Fg
Reebok,RBK1100MC0013,RBK1100MC0013-5.5,0,99999.00,Botines Reebok Match 1 Fg
Reebok,RBK1100MC0013,RBK1100MC0013-6,6,99999.00,Botines Reebok Match 1 Fg
Reebok,RBK1100MC0013,RBK1100MC0013-6.5,0,99999.00,Botines Reebok Match 1 Fg
Reebok,RBK1100MC0013,RBK1100MC0013-7,0,99999.00,Botines Reebok Match 1 Fg
Reebok,RBK1100MC0013,RBK1100MC0013-7.5,3,99999.00,Botines Reebok Match 1 Fg
Reebok,RBK1100MC0013,RBK1100MC0013-8,1,99999.00,Botines Reebok Match 1 Fg
Reebok,RBK1100MC0013,RBK1100MC0013-8.5,0,99999.00,Botines Reebok Match 1 Fg
Reebok,RBK1100MC0013,RBK1100MC0013-9,3,99999.00,Botines Reebok Match 1 Fg
Reebok,RBK1100MC0013,RBK1100MC0013-9.5,6,99999.00,Botines Reebok Match 1 Fg
Reebok,RBK1100MC0013,RBK1100MC0013-10,5,99999.00,Botines Reebok Match 1 Fg
Reebok,RBK1100MC0013,RBK1100MC0013-10.5,0,99999.00,Botines Reebok Match 1 Fg
Reebok,RBK1100MC0013,RBK1100MC0013-11,4,99999.00,Botines Reebok Match 1 Fg
Reebok,RBK1100MC0013,RBK1100MC0013-11.5,1,99999.00,Botines Reebok Match 1 Fg
Reebok,RBK1100MC0013,RBK1100MC0013-12,0,99999.00,Botines Reebok Match 1 Fg
Reebok,RBK1100MC0013,RBK1100MC0013-12.5,0,99999.00,Botines Reebok Match 1 Fg
Reebok,RBK1100MC0013,RBK1100MC0013-13,0,99999.00,Botines Reebok Match 1 Fg
Reebok,RBK1100MC0010,RBK1100MC0010-4,4,99999.00,Botines Reebok Match 1 Ic
Reebok,RBK1100MC0010,RBK1100MC0010-4.5,0,99999.00,Botines Reebok Match 1 Ic
Reebok,RBK1100MC0010,RBK1100MC0010-5,6,99999.00,Botines Reebok Match 1 Ic
Reebok,RBK1100MC0010,RBK1100MC0010-5.5,0,99999.00,Botines Reebok Match 1 Ic
Reebok,RBK1100MC0010,RBK1100MC0010-6,6,99999.00,Botines Reebok Match 1 Ic
Reebok,RBK1100MC0010,RBK1100MC0010-6.5,2,99999.00,Botines Reebok Match 1 Ic
Reebok,RBK1100MC0010,RBK1100MC0010-7,0,99999.00,Botines Reebok Match 1 Ic
Reebok,RBK1100MC0010,RBK1100MC0010-7.5,3,99999.00,Botines Reebok Match 1 Ic
Reebok,RBK1100MC0010,RBK1100MC0010-8,2,99999.00,Botines Reebok Match 1 Ic
Reebok,RBK1100MC0010,RBK1100MC0010-8.5,0,99999.00,Botines Reebok Match 1 Ic
Reebok,RBK1100MC0010,RBK1100MC0010-9,4,99999.00,Botines Reebok Match 1 Ic
Reebok,RBK1100MC0010,RBK1100MC0010-9.5,6,99999.00,Botines Reebok Match 1 Ic
Reebok,RBK1100MC0010,RBK1100MC0010-10,6,99999.00,Botines Reebok Match 1 Ic
Reebok,RBK1100MC0010,RBK1100MC0010-10.5,0,99999.00,Botines Reebok Match 1 Ic
Reebok,RBK1100MC0010,RBK1100MC0010-11,4,99999.00,Botines Reebok Match 1 Ic
Reebok,RBK1100MC0010,RBK1100MC0010-11.5,2,99999.00,Botines Reebok Match 1 Ic
Reebok,RBK1100MC0010,RBK1100MC0010-12,0,99999.00,Botines Reebok Match 1 Ic
Reebok,RBK1100MC0010,RBK1100MC0010-12.5,0,99999.00,Botines Reebok Match 1 Ic
Reebok,RBK1100MC0010,RBK1100MC0010-13,0,99999.00,Botines Reebok Match 1 Ic
Reebok,RBK1100MC0014,RBK1100MC0014-4,4,99999.00,Botines Reebok Match 1 Ic
Reebok,RBK1100MC0014,RBK1100MC0014-4.5,0,99999.00,Botines Reebok Match 1 Ic
Reebok,RBK1100MC0014,RBK1100MC0014-5,6,99999.00,Botines Reebok Match 1 Ic
Reebok,RBK1100MC0014,RBK1100MC0014-5.5,0,99999.00,Botines Reebok Match 1 Ic
Reebok,RBK1100MC0014,RBK1100MC0014-6,6,99999.00,Botines Reebok Match 1 Ic
Reebok,RBK1100MC0014,RBK1100MC0014-6.5,3,99999.00,Botines Reebok Match 1 Ic
Reebok,RBK1100MC0014,RBK1100MC0014-7,0,99999.00,Botines Reebok Match 1 Ic
Reebok,RBK1100MC0014,RBK1100MC0014-7.5,3,99999.00,Botines Reebok Match 1 Ic
Reebok,RBK1100MC0014,RBK1100MC0014-8,2,99999.00,Botines Reebok Match 1 Ic
Reebok,RBK1100MC0014,RBK1100MC0014-8.5,0,99999.00,Botines Reebok Match 1 Ic
Reebok,RBK1100MC0014,RBK1100MC0014-9,4,99999.00,Botines Reebok Match 1 Ic
Reebok,RBK1100MC0014,RBK1100MC0014-9.5,6,99999.00,Botines Reebok Match 1 Ic
Reebok,RBK1100MC0014,RBK1100MC0014-10,5,99999.00,Botines Reebok Match 1 Ic
Reebok,RBK1100MC0014,RBK1100MC0014-10.5,0,99999.00,Botines Reebok Match 1 Ic
Reebok,RBK1100MC0014,RBK1100MC0014-11,4,99999.00,Botines Reebok Match 1 Ic
Reebok,RBK1100MC0014,RBK1100MC0014-11.5,1,99999.00,Botines Reebok Match 1 Ic
Reebok,RBK1100MC0014,RBK1100MC0014-12,0,99999.00,Botines Reebok Match 1 Ic
Reebok,RBK1100MC0014,RBK1100MC0014-12.5,0,99999.00,Botines Reebok Match 1 Ic
Reebok,RBK1100MC0014,RBK1100MC0014-13,0,99999.00,Botines Reebok Match 1 Ic
Reebok,RBK5100MC0016,RBK5100MC0016-11.5K,0,99999.00,Botines Reebok Match 1 Kids
Reebok,RBK5100MC0016,RBK5100MC0016-12K,0,99999.00,Botines Reebok Match 1 Kids
Reebok,RBK5100MC0016,RBK5100MC0016-12.5K,0,99999.00,Botines Reebok Match 1 Kids
Reebok,RBK5100MC0016,RBK5100MC0016-13K,0,72399.00,Botines Reebok Match 1 Kids
Reebok,RBK5100MC0016,RBK5100MC0016-13.5K,2,99999.00,Botines Reebok Match 1 Kids
Reebok,RBK5100MC0016,RBK5100MC0016-1,2,99999.00,Botines Reebok Match 1 Kids
Reebok,RBK5100MC0016,RBK5100MC0016-1.5,2,99999.00,Botines Reebok Match 1 Kids
Reebok,RBK5100MC0016,RBK5100MC0016-2,1,99999.00,Botines Reebok Match 1 Kids
Reebok,RBK5100MC0016,RBK5100MC0016-3,0,99999.00,Botines Reebok Match 1 Kids
Reebok,RBK5100MC0016,RBK5100MC0016-4,2,99999.00,Botines Reebok Match 1 Kids
Reebok,RBK5100MC0016,RBK5100MC0016-5,2,99999.00,Botines Reebok Match 1 Kids
Reebok,RBK5100MC0016,RBK5100MC0016-6,2,99999.00,Botines Reebok Match 1 Kids
Reebok,RBK5100MC0016,"RBK5100MC0016-6,5",2,99999.00,Botines Reebok Match 1 Kids
Reebok,RBK5100MC0017,RBK5100MC0017-11.5K,0,99999.00,Botines Reebok Match 1 Kids
Reebok,RBK5100MC0017,RBK5100MC0017-12K,1,99999.00,Botines Reebok Match 1 Kids
Reebok,RBK5100MC0017,RBK5100MC0017-12.5K,0,99999.00,Botines Reebok Match 1 Kids
Reebok,RBK5100MC0017,RBK5100MC0017-13K,0,99999.00,Botines Reebok Match 1 Kids
Reebok,RBK5100MC0017,RBK5100MC0017-13.5K,1,99999.00,Botines Reebok Match 1 Kids
Reebok,RBK5100MC0017,RBK5100MC0017-1,1,99999.00,Botines Reebok Match 1 Kids
Reebok,RBK5100MC0017,RBK5100MC0017-1.5,2,99999.00,Botines Reebok Match 1 Kids
Reebok,RBK5100MC0017,RBK5100MC0017-2,0,99999.00,Botines Reebok Match 1 Kids
Reebok,RBK5100MC0017,RBK5100MC0017-3,0,99999.00,Botines Reebok Match 1 Kids
Reebok,RBK5100MC0017,RBK5100MC0017-4,1,99999.00,Botines Reebok Match 1 Kids
Reebok,RBK5100MC0017,RBK5100MC0017-5,1,99999.00,Botines Reebok Match 1 Kids
Reebok,RBK5100MC0017,RBK5100MC0017-6,1,99999.00,Botines Reebok Match 1 Kids
Reebok,RBK5100MC0017,"RBK5100MC0017-6,5",2,99999.00,Botines Reebok Match 1 Kids
Reebok,RBK1100MC0011,RBK1100MC0011-4,2,99999.00,Botines Reebok Match 1 Tg
Reebok,RBK1100MC0011,RBK1100MC0011-4.5,0,103499.00,Botines Reebok Match 1 Tg
Reebok,RBK1100MC0011,RBK1100MC0011-5,3,99999.00,Botines Reebok Match 1 Tg
Reebok,RBK1100MC0011,RBK1100MC0011-5.5,0,103499.00,Botines Reebok Match 1 Tg
Reebok,RBK1100MC0011,RBK1100MC0011-6,3,99999.00,Botines Reebok Match 1 Tg
Reebok,RBK1100MC0011,RBK1100MC0011-6.5,0,99999.00,Botines Reebok Match 1 Tg
Reebok,RBK1100MC0011,RBK1100MC0011-7,0,103499.00,Botines Reebok Match 1 Tg
Reebok,RBK1100MC0011,RBK1100MC0011-7.5,2,99999.00,Botines Reebok Match 1 Tg
Reebok,RBK1100MC0011,RBK1100MC0011-8,1,99999.00,Botines Reebok Match 1 Tg
Reebok,RBK1100MC0011,RBK1100MC0011-8.5,0,103499.00,Botines Reebok Match 1 Tg
Reebok,RBK1100MC0011,RBK1100MC0011-9,0,99999.00,Botines Reebok Match 1 Tg
Reebok,RBK1100MC0011,RBK1100MC0011-9.5,3,99999.00,Botines Reebok Match 1 Tg
Reebok,RBK1100MC0011,RBK1100MC0011-10,2,99999.00,Botines Reebok Match 1 Tg
Reebok,RBK1100MC0011,RBK1100MC0011-10.5,0,103499.00,Botines Reebok Match 1 Tg
Reebok,RBK1100MC0011,RBK1100MC0011-11,2,99999.00,Botines Reebok Match 1 Tg
Reebok,RBK1100MC0011,RBK1100MC0011-11.5,1,99999.00,Botines Reebok Match 1 Tg
Reebok,RBK1100MC0011,RBK1100MC0011-12,0,103499.00,Botines Reebok Match 1 Tg
Reebok,RBK1100MC0011,RBK1100MC0011-12.5,0,103499.00,Botines Reebok Match 1 Tg
Reebok,RBK1100MC0011,RBK1100MC0011-13,0,103499.00,Botines Reebok Match 1 Tg
Reebok,RBK1100MC0015,RBK1100MC0015-4,4,99999.00,Botines Reebok Match 1 Tg
Reebok,RBK1100MC0015,RBK1100MC0015-4.5,0,103499.00,Botines Reebok Match 1 Tg
Reebok,RBK1100MC0015,RBK1100MC0015-5,5,99999.00,Botines Reebok Match 1 Tg
Reebok,RBK1100MC0015,RBK1100MC0015-5.5,0,103499.00,Botines Reebok Match 1 Tg
Reebok,RBK1100MC0015,RBK1100MC0015-6,2,99999.00,Botines Reebok Match 1 Tg
Reebok,RBK1100MC0015,RBK1100MC0015-6.5,1,99999.00,Botines Reebok Match 1 Tg
Reebok,RBK1100MC0015,RBK1100MC0015-7,0,103499.00,Botines Reebok Match 1 Tg
Reebok,RBK1100MC0015,RBK1100MC0015-7.5,3,99999.00,Botines Reebok Match 1 Tg
Reebok,RBK1100MC0015,RBK1100MC0015-8,1,99999.00,Botines Reebok Match 1 Tg
Reebok,RBK1100MC0015,RBK1100MC0015-8.5,0,103499.00,Botines Reebok Match 1 Tg
Reebok,RBK1100MC0015,RBK1100MC0015-9,4,99999.00,Botines Reebok Match 1 Tg
Reebok,RBK1100MC0015,RBK1100MC0015-9.5,5,99999.00,Botines Reebok Match 1 Tg
Reebok,RBK1100MC0015,RBK1100MC0015-10,6,99999.00,Botines Reebok Match 1 Tg
Reebok,RBK1100MC0015,RBK1100MC0015-10.5,0,103499.00,Botines Reebok Match 1 Tg
Reebok,RBK1100MC0015,RBK1100MC0015-11,5,99999.00,Botines Reebok Match 1 Tg
Reebok,RBK1100MC0015,RBK1100MC0015-11.5,1,99999.00,Botines Reebok Match 1 Tg
Reebok,RBK1100MC0015,RBK1100MC0015-12,0,103499.00,Botines Reebok Match 1 Tg
Reebok,RBK1100MC0015,RBK1100MC0015-12.5,0,103499.00,Botines Reebok Match 1 Tg
Reebok,RBK1100MC0015,RBK1100MC0015-13,0,103499.00,Botines Reebok Match 1 Tg
Reebok,RBKSV849-RBKHG1176,RBKSV849-RBKHG1176-XS,0,88999.00,Buzo Cl Heritage Coverup
Reebok,RBKSV849-RBKHG1176,RBKSV849-RBKHG1176-S,0,88999.00,Buzo Cl Heritage Coverup
Reebok,RBKSV849-RBKHG1176,RBKSV849-RBKHG1176-M,1,88999.00,Buzo Cl Heritage Coverup
Reebok,RBKSV849-RBKHG1176,RBKSV849-RBKHG1176-L,0,88999.00,Buzo Cl Heritage Coverup
Reebok,RBKSV849-RBKHG1176,RBKSV849-RBKHG1176-XL,0,88999.00,Buzo Cl Heritage Coverup
Reebok,RBK2100253998,RBK2100253998-XS,2,103499.00,Buzo Dreamblend Spacer
Reebok,RBK2100253998,RBK2100253998-S,4,103499.00,Buzo Dreamblend Spacer
Reebok,RBK2100253998,RBK2100253998-M,6,103499.00,Buzo Dreamblend Spacer
Reebok,RBK2100253998,RBK2100253998-L,6,103499.00,Buzo Dreamblend Spacer
Reebok,RBK2100253998,RBK2100253998-XL,3,103499.00,Buzo Dreamblend Spacer
Reebok,RBK2100253998,RBK2100253998-XXL,2,103499.00,Buzo Dreamblend Spacer
Reebok,RBK21000AR0316,RBK21000AR0316-L,1,55899.00,Buzo Floral Graphic Crew
Reebok,RBK21000AR0316,RBK21000AR0316-M,0,55899.00,Buzo Floral Graphic Crew
Reebok,RBK21000AR0316,RBK21000AR0316-XL,0,55899.00,Buzo Floral Graphic Crew
Reebok,RBK21000AR0316,RBK21000AR0316-XS,0,55899.00,Buzo Floral Graphic Crew
Reebok,RBK2100012588,RBK2100012588-2XS,0,55899.00,Buzo Identity BIG Logo Fleece
Reebok,RBK2100012588,RBK2100012588-XS,1,55899.00,Buzo Identity BIG Logo Fleece
Reebok,RBK2100012588,RBK2100012588-S,0,55899.00,Buzo Identity BIG Logo Fleece
Reebok,RBK2100012588,RBK2100012588-M,0,55899.00,Buzo Identity BIG Logo Fleece
Reebok,RBK2100012588,RBK2100012588-L,0,55899.00,Buzo Identity BIG Logo Fleece
Reebok,RBK2100012588,RBK2100012588-XL,0,55899.00,Buzo Identity BIG Logo Fleece
Reebok,RBK2100012588,RBK2100012588-2XL,3,55899.00,Buzo Identity BIG Logo Fleece
Reebok,RBK2100222714,RBK2100222714-2XS,0,67299.00,Buzo Identity Small Logo
Reebok,RBK2100222714,RBK2100222714-XS,2,67299.00,Buzo Identity Small Logo
Reebok,RBK2100222714,RBK2100222714-S,0,67299.00,Buzo Identity Small Logo
Reebok,RBK2100222714,RBK2100222714-M,0,67299.00,Buzo Identity Small Logo
Reebok,RBK2100222714,RBK2100222714-L,2,67299.00,Buzo Identity Small Logo
Reebok,RBK2100222714,RBK2100222714-XL,1,67299.00,Buzo Identity Small Logo
Reebok,RBK2100222714,RBK2100222714-2XL,0,67299.00,Buzo Identity Small Logo
Reebok,RBK2100221814,RBK2100221814-2XS,0,67299.00,Buzo Identity Small Logo
Reebok,RBK2100221814,RBK2100221814-XS,2,67299.00,Buzo Identity Small Logo
Reebok,RBK2100221814,RBK2100221814-S,1,67299.00,Buzo Identity Small Logo
Reebok,RBK2100221814,RBK2100221814-M,0,67299.00,Buzo Identity Small Logo
Reebok,RBK2100221814,RBK2100221814-L,0,67299.00,Buzo Identity Small Logo
Reebok,RBK2100221814,RBK2100221814-XL,0,67299.00,Buzo Identity Small Logo
Reebok,RBK2100221814,RBK2100221814-2XL,0,67299.00,Buzo Identity Small Logo
Reebok,RBK2100202867,RBK2100202867-2XS,0,67299.00,Buzo Identity Small Logo Fleece Crew
Reebok,RBK2100202867,RBK2100202867-XS,1,67299.00,Buzo Identity Small Logo Fleece Crew
Reebok,RBK2100202867,RBK2100202867-S,0,67299.00,Buzo Identity Small Logo Fleece Crew
Reebok,RBK2100202867,RBK2100202867-M,0,67299.00,Buzo Identity Small Logo Fleece Crew
Reebok,RBK2100202867,RBK2100202867-L,0,67299.00,Buzo Identity Small Logo Fleece Crew
Reebok,RBK2100202867,RBK2100202867-XL,0,67299.00,Buzo Identity Small Logo Fleece Crew
Reebok,RBK2100202867,RBK2100202867-2XL,0,67299.00,Buzo Identity Small Logo Fleece Crew
Reebok,RBK2100214745,RBK2100214745-2XS,0,88999.00,Buzo Lux oversized hoodie
Reebok,RBK2100214745,RBK2100214745-XS,0,88999.00,Buzo Lux oversized hoodie
Reebok,RBK2100214745,RBK2100214745-S,1,88999.00,Buzo Lux oversized hoodie
Reebok,RBK2100214745,RBK2100214745-M,1,88999.00,Buzo Lux oversized hoodie
Reebok,RBK2100214745,RBK2100214745-L,3,88999.00,Buzo Lux oversized hoodie
Reebok,RBK2100214745,RBK2100214745-XL,1,88999.00,Buzo Lux oversized hoodie
Reebok,RBK2100214745,RBK2100214745-2XL,0,88999.00,Buzo Lux oversized hoodie
Reebok,RBK2100AR7680,RBK2100AR7680-XS,3,109999.00,Buzo Medio Cierre Cápsula Fútbol
Reebok,RBK2100AR7680,RBK2100AR7680-S,2,109999.00,Buzo Medio Cierre Cápsula Fútbol
Reebok,RBK2100AR7680,RBK2100AR7680-M,2,109999.00,Buzo Medio Cierre Cápsula Fútbol
Reebok,RBK2100AR7680,RBK2100AR7680-L,1,109999.00,Buzo Medio Cierre Cápsula Fútbol
Reebok,RBK2100AR7680,RBK2100AR7680-XL,5,109999.00,Buzo Medio Cierre Cápsula Fútbol
Reebok,RBK2100AR7680,RBK2100AR7680-2XL,1,109999.00,Buzo Medio Cierre Cápsula Fútbol
Reebok,RBK2100AR7681,RBK2100AR7681-2XL,6,142799.00,Buzo Medio Cierre Cápsula Fútbol
Reebok,RBK2100AR7681,RBK2100AR7681-L,5,142799.00,Buzo Medio Cierre Cápsula Fútbol
Reebok,RBK2100AR7681,RBK2100AR7681-M,4,142799.00,Buzo Medio Cierre Cápsula Fútbol
Reebok,RBK2100AR7681,RBK2100AR7681-S,4,142799.00,Buzo Medio Cierre Cápsula Fútbol
Reebok,RBK2100AR7681,RBK2100AR7681-XL,5,142799.00,Buzo Medio Cierre Cápsula Fútbol
Reebok,RBK2100AR7681,RBK2100AR7681-XS,4,142799.00,Buzo Medio Cierre Cápsula Fútbol
Reebok,RBK2100AR7682,RBK2100AR7682-2XL,4,137999.00,Buzo Medio Cierre Cápsula Fútbol
Reebok,RBK2100AR7682,RBK2100AR7682-L,3,137999.00,Buzo Medio Cierre Cápsula Fútbol
Reebok,RBK2100AR7682,RBK2100AR7682-M,6,137999.00,Buzo Medio Cierre Cápsula Fútbol
Reebok,RBK2100AR7682,RBK2100AR7682-S,0,137999.00,Buzo Medio Cierre Cápsula Fútbol
Reebok,RBK2100AR7682,RBK2100AR7682-XL,3,137999.00,Buzo Medio Cierre Cápsula Fútbol
Reebok,RBK2100AR7682,RBK2100AR7682-XS,7,137999.00,Buzo Medio Cierre Cápsula Fútbol
Reebok,RBK2100240050,RBK2100240050-XS,2,156299.00,Buzo Overhead
Reebok,RBK2100240050,RBK2100240050-S,2,156299.00,Buzo Overhead
Reebok,RBK2100240050,RBK2100240050-M,2,156299.00,Buzo Overhead
Reebok,RBK2100240050,RBK2100240050-L,2,156299.00,Buzo Overhead
Reebok,RBK2100240050,RBK2100240050-XL,3,156299.00,Buzo Overhead
Reebok,RBK2100240050,RBK2100240050-XXL,5,156299.00,Buzo Overhead
Reebok,RBK2100214929,RBK2100214929-2XS,0,77599.00,Buzo Reebok
Reebok,RBK2100214929,RBK2100214929-XS,0,77599.00,Buzo Reebok
Reebok,RBK2100214929,RBK2100214929-S,2,77599.00,Buzo Reebok
Reebok,RBK2100214929,RBK2100214929-M,3,77599.00,Buzo Reebok
Reebok,RBK2100214929,RBK2100214929-L,0,77599.00,Buzo Reebok
Reebok,RBK2100214929,RBK2100214929-XL,1,77599.00,Buzo Reebok
Reebok,RBK2100214929,RBK2100214929-2XL,0,77599.00,Buzo Reebok
Reebok,RBK2100239630,RBK2100239630-2XL,3,150099.00,Buzo Reebok 3/4 Zip Track Top Black
Reebok,RBK2100239630,RBK2100239630-2XS,0,150099.00,Buzo Reebok 3/4 Zip Track Top Black
Reebok,RBK2100239630,RBK2100239630-L,3,150099.00,Buzo Reebok 3/4 Zip Track Top Black
Reebok,RBK2100239630,RBK2100239630-M,2,150099.00,Buzo Reebok 3/4 Zip Track Top Black
Reebok,RBK2100239630,RBK2100239630-S,3,150099.00,Buzo Reebok 3/4 Zip Track Top Black
Reebok,RBK2100239630,RBK2100239630-XL,3,150099.00,Buzo Reebok 3/4 Zip Track Top Black
Reebok,RBK2100239630,RBK2100239630-XS,1,150099.00,Buzo Reebok 3/4 Zip Track Top Black
Reebok,RBK2100075694,RBK2100075694-2XS,0,156299.00,Buzo Reebok Activ Coll Woven Anorak
Reebok,RBK2100075694,RBK2100075694-XS,2,156299.00,Buzo Reebok Activ Coll Woven Anorak
Reebok,RBK2100075694,RBK2100075694-S,1,156299.00,Buzo Reebok Activ Coll Woven Anorak
Reebok,RBK2100075694,RBK2100075694-L,1,156299.00,Buzo Reebok Activ Coll Woven Anorak
Reebok,RBK2100075694,RBK2100075694-M,2,156299.00,Buzo Reebok Activ Coll Woven Anorak
Reebok,RBK2100075694,RBK2100075694-2XL,1,156299.00,Buzo Reebok Activ Coll Woven Anorak
Reebok,RBK2100075694,RBK2100075694-XL,2,156299.00,Buzo Reebok Activ Coll Woven Anorak
Reebok,RBK2100215042,RBK2100215042-2XS,0,113799.00,Buzo Reebok Athlete
Reebok,RBK2100215042,RBK2100215042-XS,5,113799.00,Buzo Reebok Athlete
Reebok,RBK2100215042,RBK2100215042-S,3,113799.00,Buzo Reebok Athlete
Reebok,RBK2100215042,RBK2100215042-M,4,113799.00,Buzo Reebok Athlete
Reebok,RBK2100215042,RBK2100215042-L,2,113799.00,Buzo Reebok Athlete
Reebok,RBK2100215042,RBK2100215042-XL,3,113799.00,Buzo Reebok Athlete
Reebok,RBK2100215042,RBK2100215042-2XL,3,113799.00,Buzo Reebok Athlete
Reebok,RBK2100215124,RBK2100215124-2XS,0,88999.00,Buzo Reebok Bran Proud
Reebok,RBK2100215124,RBK2100215124-XS,2,88999.00,Buzo Reebok Bran Proud
Reebok,RBK2100215124,RBK2100215124-S,0,88999.00,Buzo Reebok Bran Proud
Reebok,RBK2100215124,RBK2100215124-M,0,88999.00,Buzo Reebok Bran Proud
Reebok,RBK2100215124,RBK2100215124-XL,3,88999.00,Buzo Reebok Bran Proud
Reebok,RBK2100215124,RBK2100215124-L,0,88999.00,Buzo Reebok Bran Proud
Reebok,RBK2100215124,RBK2100215124-2XL,1,88999.00,Buzo Reebok Bran Proud
Reebok,RBK2100215122,RBK2100215122-2XS,0,88999.00,Buzo Reebok Bran Proud
Reebok,RBK2100215122,RBK2100215122-XS,2,88999.00,Buzo Reebok Bran Proud
Reebok,RBK2100215122,RBK2100215122-S,0,88999.00,Buzo Reebok Bran Proud
Reebok,RBK2100215122,RBK2100215122-M,0,88999.00,Buzo Reebok Bran Proud
Reebok,RBK2100215122,RBK2100215122-XL,0,88999.00,Buzo Reebok Bran Proud
Reebok,RBK2100215122,RBK2100215122-L,0,88999.00,Buzo Reebok Bran Proud
Reebok,RBK2100215122,RBK2100215122-2XL,0,88999.00,Buzo Reebok Bran Proud
Reebok,RBK2100240679,RBK2100240679-2XS,0,108699.00,Buzo Reebok Core Graphic
Reebok,RBK2100240679,RBK2100240679-XS,1,108699.00,Buzo Reebok Core Graphic
Reebok,RBK2100240679,RBK2100240679-S,3,108699.00,Buzo Reebok Core Graphic
Reebok,RBK2100240679,RBK2100240679-M,1,108699.00,Buzo Reebok Core Graphic
Reebok,RBK2100240679,RBK2100240679-L,3,108699.00,Buzo Reebok Core Graphic
Reebok,RBK2100240679,RBK2100240679-XL,1,108699.00,Buzo Reebok Core Graphic
Reebok,RBK2100240679,RBK2100240679-2XL,5,108699.00,Buzo Reebok Core Graphic
Reebok,RBK2100205874,RBK2100205874-XS,6,83799.00,Buzo Reebok Coverup
Reebok,RBK2100205874,RBK2100205874-S,6,83799.00,Buzo Reebok Coverup
Reebok,RBK2100205874,RBK2100205874-L,0,83799.00,Buzo Reebok Coverup
Reebok,RBK2100205874,RBK2100205874-M,3,83799.00,Buzo Reebok Coverup
Reebok,RBK2100205874,RBK2100205874-2XL,0,83799.00,Buzo Reebok Coverup
Reebok,RBK2100205874,RBK2100205874-XL,4,83799.00,Buzo Reebok Coverup
Reebok,RBK2100240669,RBK2100240669-2XL,3,77599.00,Buzo Reebok Curtis
Reebok,RBK2100240669,RBK2100240669-2XS,0,77599.00,Buzo Reebok Curtis
Reebok,RBK2100240669,RBK2100240669-L,3,77599.00,Buzo Reebok Curtis
Reebok,RBK2100240669,RBK2100240669-M,2,77599.00,Buzo Reebok Curtis
Reebok,RBK2100240669,RBK2100240669-S,1,77599.00,Buzo Reebok Curtis
Reebok,RBK2100240669,RBK2100240669-XL,3,77599.00,Buzo Reebok Curtis
Reebok,RBK2100240669,RBK2100240669-XS,0,77599.00,Buzo Reebok Curtis
Reebok,RBK2100253997,RBK2100253997-XS,2,103499.00,Buzo Reebok Dreamblend Spacer
Reebok,RBK2100253997,RBK2100253997-S,4,103499.00,Buzo Reebok Dreamblend Spacer
Reebok,RBK2100253997,RBK2100253997-M,4,103499.00,Buzo Reebok Dreamblend Spacer
Reebok,RBK2100253997,RBK2100253997-L,4,103499.00,Buzo Reebok Dreamblend Spacer
Reebok,RBK2100253997,RBK2100253997-XL,2,103499.00,Buzo Reebok Dreamblend Spacer
Reebok,RBK2100253997,RBK2100253997-XXL,1,103499.00,Buzo Reebok Dreamblend Spacer
Reebok,RBK2100205877,RBK2100205877-XS,4,83799.00,Buzo Reebok Essentials
Reebok,RBK2100205877,RBK2100205877-S,2,83799.00,Buzo Reebok Essentials
Reebok,RBK2100205877,RBK2100205877-L,2,83799.00,Buzo Reebok Essentials
Reebok,RBK2100205877,RBK2100205877-M,2,83799.00,Buzo Reebok Essentials
Reebok,RBK2100205877,RBK2100205877-2XL,0,83799.00,Buzo Reebok Essentials
Reebok,RBK2100205877,RBK2100205877-XL,3,83799.00,Buzo Reebok Essentials
Reebok,RBK2100217136,RBK2100217136-2XS,0,83799.00,Buzo Reebok Identity Big Logo
Reebok,RBK2100217136,RBK2100217136-XS,1,83799.00,Buzo Reebok Identity Big Logo
Reebok,RBK2100217136,RBK2100217136-S,0,83799.00,Buzo Reebok Identity Big Logo
Reebok,RBK2100217136,RBK2100217136-M,0,83799.00,Buzo Reebok Identity Big Logo
Reebok,RBK2100217136,RBK2100217136-XL,0,83799.00,Buzo Reebok Identity Big Logo
Reebok,RBK2100217136,RBK2100217136-L,0,83799.00,Buzo Reebok Identity Big Logo
Reebok,RBK2100217136,RBK2100217136-2XL,2,83799.00,Buzo Reebok Identity Big Logo
Reebok,RBK2100205965,RBK2100205965-XS,2,83799.00,Buzo Reebok Identity Big Logo
Reebok,RBK2100205965,RBK2100205965-S,0,83799.00,Buzo Reebok Identity Big Logo
Reebok,RBK2100205965,RBK2100205965-M,0,83799.00,Buzo Reebok Identity Big Logo
Reebok,RBK2100205965,RBK2100205965-L,0,83799.00,Buzo Reebok Identity Big Logo
Reebok,RBK2100205965,RBK2100205965-XL,0,83799.00,Buzo Reebok Identity Big Logo
Reebok,RBK2100205965,RBK2100205965-2XL,2,83799.00,Buzo Reebok Identity Big Logo
Reebok,RBK2100051168,RBK2100051168-2XS,0,83799.00,Buzo Reebok Identity Small Logo
Reebok,RBK2100051168,RBK2100051168-XS,4,83799.00,Buzo Reebok Identity Small Logo
Reebok,RBK2100051168,RBK2100051168-S,0,83799.00,Buzo Reebok Identity Small Logo
Reebok,RBK2100051168,RBK2100051168-M,0,83799.00,Buzo Reebok Identity Small Logo
Reebok,RBK2100051168,RBK2100051168-XL,0,83799.00,Buzo Reebok Identity Small Logo
Reebok,RBK2100051168,RBK2100051168-L,0,83799.00,Buzo Reebok Identity Small Logo
Reebok,RBK2100051168,RBK2100051168-2XL,1,83799.00,Buzo Reebok Identity Small Logo
Reebok,RBK2100221788,RBK2100221788-2XS,0,77599.00,Buzo Reebok Identity Small Logo
Reebok,RBK2100221788,RBK2100221788-XS,2,77599.00,Buzo Reebok Identity Small Logo
Reebok,RBK2100221788,RBK2100221788-S,2,77599.00,Buzo Reebok Identity Small Logo
Reebok,RBK2100221788,RBK2100221788-M,2,77599.00,Buzo Reebok Identity Small Logo
Reebok,RBK2100221788,RBK2100221788-L,0,77599.00,Buzo Reebok Identity Small Logo
Reebok,RBK2100221788,RBK2100221788-XL,3,77599.00,Buzo Reebok Identity Small Logo
Reebok,RBK2100221788,RBK2100221788-2XL,3,77599.00,Buzo Reebok Identity Small Logo
Reebok,RBK2100221785,RBK2100221785-2XS,0,83799.00,Buzo Reebok Identity Small Logo
Reebok,RBK2100221785,RBK2100221785-XS,2,83799.00,Buzo Reebok Identity Small Logo
Reebok,RBK2100221785,RBK2100221785-S,1,83799.00,Buzo Reebok Identity Small Logo
Reebok,RBK2100221785,RBK2100221785-M,3,83799.00,Buzo Reebok Identity Small Logo
Reebok,RBK2100221785,RBK2100221785-L,0,83799.00,Buzo Reebok Identity Small Logo
Reebok,RBK2100221785,RBK2100221785-XL,0,83799.00,Buzo Reebok Identity Small Logo
Reebok,RBK2100221785,RBK2100221785-2XL,0,83799.00,Buzo Reebok Identity Small Logo
Reebok,RBK2100221784,RBK2100221784-2XS,0,83799.00,Buzo Reebok Identity Small Logo
Reebok,RBK2100221784,RBK2100221784-XS,2,83799.00,Buzo Reebok Identity Small Logo
Reebok,RBK2100221784,RBK2100221784-S,0,83799.00,Buzo Reebok Identity Small Logo
Reebok,RBK2100221784,RBK2100221784-M,0,83799.00,Buzo Reebok Identity Small Logo
Reebok,RBK2100221784,RBK2100221784-L,9,83799.00,Buzo Reebok Identity Small Logo
Reebok,RBK2100221784,RBK2100221784-XL,4,83799.00,Buzo Reebok Identity Small Logo
Reebok,RBK2100221784,RBK2100221784-2XL,3,83799.00,Buzo Reebok Identity Small Logo
Reebok,RBK2100221818,RBK2100221818-2XS,0,77599.00,Buzo Reebok Identity Small Logo Fleece Crew
Reebok,RBK2100221818,RBK2100221818-XS,2,77599.00,Buzo Reebok Identity Small Logo Fleece Crew
Reebok,RBK2100221818,RBK2100221818-S,2,77599.00,Buzo Reebok Identity Small Logo Fleece Crew
Reebok,RBK2100221818,RBK2100221818-L,0,77599.00,Buzo Reebok Identity Small Logo Fleece Crew
Reebok,RBK2100221818,RBK2100221818-M,0,77599.00,Buzo Reebok Identity Small Logo Fleece Crew
Reebok,RBK2100221818,RBK2100221818-2XL,0,77599.00,Buzo Reebok Identity Small Logo Fleece Crew
Reebok,RBK2100221818,RBK2100221818-XL,2,77599.00,Buzo Reebok Identity Small Logo Fleece Crew
Reebok,RBK2100217146,RBK2100217146-2XS,0,77599.00,Buzo Reebok Identity Small Logo FT Crew
Reebok,RBK2100217146,RBK2100217146-XS,2,77599.00,Buzo Reebok Identity Small Logo FT Crew
Reebok,RBK2100217146,RBK2100217146-S,1,77599.00,Buzo Reebok Identity Small Logo FT Crew
Reebok,RBK2100217146,RBK2100217146-L,5,77599.00,Buzo Reebok Identity Small Logo FT Crew
Reebok,RBK2100217146,RBK2100217146-M,3,77599.00,Buzo Reebok Identity Small Logo FT Crew
Reebok,RBK2100217146,RBK2100217146-2XL,3,77599.00,Buzo Reebok Identity Small Logo FT Crew
Reebok,RBK2100217146,RBK2100217146-XL,3,77599.00,Buzo Reebok Identity Small Logo FT Crew
Reebok,RBK2100241456,RBK2100241456-L,0,83799.00,Buzo Reebok Isla Overhead
Reebok,RBK2100241456,RBK2100241456-M,0,83799.00,Buzo Reebok Isla Overhead
Reebok,RBK2100241456,RBK2100241456-S,3,83799.00,Buzo Reebok Isla Overhead
Reebok,RBK2100241456,RBK2100241456-XL,2,83799.00,Buzo Reebok Isla Overhead
Reebok,RBK2100241456,RBK2100241456-XS,6,83799.00,Buzo Reebok Isla Overhead
Reebok,RBK2100241456,RBK2100241456-XXL,0,83799.00,Buzo Reebok Isla Overhead
Reebok,RBK21000AR31681,RBK21000AR31681-2XL,0,67299.00,Buzo Reebok Left Chest Logo
Reebok,RBK21000AR31681,RBK21000AR31681-L,0,67299.00,Buzo Reebok Left Chest Logo
Reebok,RBK21000AR31681,RBK21000AR31681-M,0,67299.00,Buzo Reebok Left Chest Logo
Reebok,RBK21000AR31681,RBK21000AR31681-S,0,67299.00,Buzo Reebok Left Chest Logo
Reebok,RBK21000AR31681,RBK21000AR31681-XL,0,67299.00,Buzo Reebok Left Chest Logo
Reebok,RBK21000AR31681,RBK21000AR31681-XS,1,67299.00,Buzo Reebok Left Chest Logo
Reebok,RBK2100241210,RBK2100241210-XS,2,93099.00,Buzo Reebok Longline Neck
Reebok,RBK2100241210,RBK2100241210-S,3,93099.00,Buzo Reebok Longline Neck
Reebok,RBK2100241210,RBK2100241210-M,4,93099.00,Buzo Reebok Longline Neck
Reebok,RBK2100241210,RBK2100241210-L,4,93099.00,Buzo Reebok Longline Neck
Reebok,RBK2100241210,RBK2100241210-XL,5,93099.00,Buzo Reebok Longline Neck
Reebok,RBK2100012005,RBK2100012005-2XS,0,88999.00,Buzo Reebok Lux Oversized
Reebok,RBK2100012005,RBK2100012005-XS,3,88999.00,Buzo Reebok Lux Oversized
Reebok,RBK2100012005,RBK2100012005-S,0,88999.00,Buzo Reebok Lux Oversized
Reebok,RBK2100012005,RBK2100012005-M,1,88999.00,Buzo Reebok Lux Oversized
Reebok,RBK2100012005,RBK2100012005-L,4,88999.00,Buzo Reebok Lux Oversized
Reebok,RBK2100012005,RBK2100012005-XL,5,88999.00,Buzo Reebok Lux Oversized
Reebok,RBK2100012005,RBK2100012005-2XL,0,88999.00,Buzo Reebok Lux Oversized
Reebok,RBK2100241488,RBK2100241488-2XL,0,77599.00,Buzo Reebok Oversized Cropped Hoody
Reebok,RBK2100241488,RBK2100241488-2XS,0,77599.00,Buzo Reebok Oversized Cropped Hoody
Reebok,RBK2100241488,RBK2100241488-L,0,77599.00,Buzo Reebok Oversized Cropped Hoody
Reebok,RBK2100241488,RBK2100241488-M,0,77599.00,Buzo Reebok Oversized Cropped Hoody
Reebok,RBK2100241488,RBK2100241488-S,0,77599.00,Buzo Reebok Oversized Cropped Hoody
Reebok,RBK2100241488,RBK2100241488-XL,1,77599.00,Buzo Reebok Oversized Cropped Hoody
Reebok,RBK2100241488,RBK2100241488-XS,9,77599.00,Buzo Reebok Oversized Cropped Hoody
Reebok,RBK2100215502,RBK2100215502-2XS,0,77599.00,Buzo Reebok Ri Cross Chek
Reebok,RBK2100215502,RBK2100215502-XS,1,77599.00,Buzo Reebok Ri Cross Chek
Reebok,RBK2100215502,RBK2100215502-S,0,77599.00,Buzo Reebok Ri Cross Chek
Reebok,RBK2100215502,RBK2100215502-M,0,77599.00,Buzo Reebok Ri Cross Chek
Reebok,RBK2100215502,RBK2100215502-XL,0,77599.00,Buzo Reebok Ri Cross Chek
Reebok,RBK2100215502,RBK2100215502-L,0,77599.00,Buzo Reebok Ri Cross Chek
Reebok,RBK2100215502,RBK2100215502-2XL,0,77599.00,Buzo Reebok Ri Cross Chek
Reebok,RBK2100215505,RBK2100215505-2XS,0,77599.00,Buzo Reebok Ri Cross Chek
Reebok,RBK2100215505,RBK2100215505-XS,1,77599.00,Buzo Reebok Ri Cross Chek
Reebok,RBK2100215505,RBK2100215505-S,0,77599.00,Buzo Reebok Ri Cross Chek
Reebok,RBK2100215505,RBK2100215505-L,0,77599.00,Buzo Reebok Ri Cross Chek
Reebok,RBK2100215505,RBK2100215505-M,0,77599.00,Buzo Reebok Ri Cross Chek
Reebok,RBK2100215505,RBK2100215505-2XL,1,77599.00,Buzo Reebok Ri Cross Chek
Reebok,RBK2100215505,RBK2100215505-XL,0,77599.00,Buzo Reebok Ri Cross Chek
Reebok,RBK2100216493,RBK2100216493-2XS,0,103499.00,Buzo Reebok Ri Soccer
Reebok,RBK2100216493,RBK2100216493-XS,0,103499.00,Buzo Reebok Ri Soccer
Reebok,RBK2100216493,RBK2100216493-S,5,103499.00,Buzo Reebok Ri Soccer
Reebok,RBK2100216493,RBK2100216493-M,4,103499.00,Buzo Reebok Ri Soccer
Reebok,RBK2100216493,RBK2100216493-L,2,103499.00,Buzo Reebok Ri Soccer
Reebok,RBK2100216493,RBK2100216493-XL,1,103499.00,Buzo Reebok Ri Soccer
Reebok,RBK2100216493,RBK2100216493-2XL,3,103499.00,Buzo Reebok Ri Soccer
Reebok,RBK2100216491,RBK2100216491-2XS,0,103499.00,Buzo Reebok Ri Soccer
Reebok,RBK2100216491,RBK2100216491-XS,1,103499.00,Buzo Reebok Ri Soccer
Reebok,RBK2100216491,RBK2100216491-S,2,103499.00,Buzo Reebok Ri Soccer
Reebok,RBK2100216491,RBK2100216491-L,0,103499.00,Buzo Reebok Ri Soccer
Reebok,RBK2100216491,RBK2100216491-M,2,103499.00,Buzo Reebok Ri Soccer
Reebok,RBK2100216491,RBK2100216491-2XL,1,103499.00,Buzo Reebok Ri Soccer
Reebok,RBK2100216491,RBK2100216491-XL,3,103499.00,Buzo Reebok Ri Soccer
Reebok,RBK2100241202,RBK2100241202-XS,2,77599.00,Buzo Reebok Richard Cropper Crewneck
Reebok,RBK2100241202,RBK2100241202-S,2,77599.00,Buzo Reebok Richard Cropper Crewneck
Reebok,RBK2100241202,RBK2100241202-M,4,77599.00,Buzo Reebok Richard Cropper Crewneck
Reebok,RBK2100241202,RBK2100241202-L,5,77599.00,Buzo Reebok Richard Cropper Crewneck
Reebok,RBK2100241202,RBK2100241202-XL,3,77599.00,Buzo Reebok Richard Cropper Crewneck
Reebok,RBK2100241207,RBK2100241207-XS,1,77599.00,Buzo Reebok Richard Cropper Crewneck
Reebok,RBK2100241207,RBK2100241207-S,2,77599.00,Buzo Reebok Richard Cropper Crewneck
Reebok,RBK2100241207,RBK2100241207-M,3,77599.00,Buzo Reebok Richard Cropper Crewneck
Reebok,RBK2100241207,RBK2100241207-L,3,77599.00,Buzo Reebok Richard Cropper Crewneck
Reebok,RBK2100241207,RBK2100241207-XL,4,77599.00,Buzo Reebok Richard Cropper Crewneck
Reebok,RBK2100241209,RBK2100241209-XS,1,93099.00,Buzo Reebok Roll Neck
Reebok,RBK2100241209,RBK2100241209-S,2,93099.00,Buzo Reebok Roll Neck
Reebok,RBK2100241209,RBK2100241209-M,3,93099.00,Buzo Reebok Roll Neck
Reebok,RBK2100241209,RBK2100241209-L,5,93099.00,Buzo Reebok Roll Neck
Reebok,RBK2100241209,RBK2100241209-XL,1,93099.00,Buzo Reebok Roll Neck
Reebok,RBK2100241801,RBK2100241801-XS,9,77599.00,Buzo Reebok Run Raglan
Reebok,RBK2100241801,RBK2100241801-S,7,77599.00,Buzo Reebok Run Raglan
Reebok,RBK2100241801,RBK2100241801-M,2,77599.00,Buzo Reebok Run Raglan
Reebok,RBK2100241801,RBK2100241801-L,2,77599.00,Buzo Reebok Run Raglan
Reebok,RBK2100241801,RBK2100241801-XL,1,77599.00,Buzo Reebok Run Raglan
Reebok,RBK2100241801,RBK2100241801-XXL,6,77599.00,Buzo Reebok Run Raglan
Reebok,RBK2100256597,RBK2100256597-XS,0,103499.00,Buzo Reebok Satin Logo
Reebok,RBK2100256597,RBK2100256597-S,2,103499.00,Buzo Reebok Satin Logo
Reebok,RBK2100256597,RBK2100256597-M,3,103499.00,Buzo Reebok Satin Logo
Reebok,RBK2100256597,RBK2100256597-L,2,103499.00,Buzo Reebok Satin Logo
Reebok,RBK2100256597,RBK2100256597-XL,1,103499.00,Buzo Reebok Satin Logo
Reebok,RBK2100256597,RBK2100256597-XXL,0,103499.00,Buzo Reebok Satin Logo
Reebok,RBK2100256598,RBK2100256598-XS,2,103499.00,Buzo Reebok Satin Logo
Reebok,RBK2100256598,RBK2100256598-S,0,103499.00,Buzo Reebok Satin Logo
Reebok,RBK2100256598,RBK2100256598-M,1,103499.00,Buzo Reebok Satin Logo
Reebok,RBK2100256598,RBK2100256598-L,1,103499.00,Buzo Reebok Satin Logo
Reebok,RBK2100256598,RBK2100256598-XL,0,103499.00,Buzo Reebok Satin Logo
Reebok,RBK2100241817,RBK2100241817-2XL,6,83799.00,Buzo Reebok Sl
Reebok,RBK2100241817,RBK2100241817-2XS,0,83799.00,Buzo Reebok Sl
Reebok,RBK2100241817,RBK2100241817-L,1,83799.00,Buzo Reebok Sl
Reebok,RBK2100241817,RBK2100241817-M,0,83799.00,Buzo Reebok Sl
Reebok,RBK2100241817,RBK2100241817-S,1,83799.00,Buzo Reebok Sl
Reebok,RBK2100241817,RBK2100241817-XL,5,83799.00,Buzo Reebok Sl
Reebok,RBK2100241817,RBK2100241817-XS,3,83799.00,Buzo Reebok Sl
Reebok,RBK2100253990,RBK2100253990-XS,2,144899.00,Buzo Reebok Street Sport
Reebok,RBK2100253990,RBK2100253990-S,6,144899.00,Buzo Reebok Street Sport
Reebok,RBK2100253990,RBK2100253990-M,5,144899.00,Buzo Reebok Street Sport
Reebok,RBK2100253990,RBK2100253990-L,1,144899.00,Buzo Reebok Street Sport
Reebok,RBK2100253990,RBK2100253990-XL,3,144899.00,Buzo Reebok Street Sport
Reebok,RBK2100253990,RBK2100253990-XXL,0,144899.00,Buzo Reebok Street Sport
Reebok,RBK2100240371,RBK2100240371-2XL,0,83799.00,Buzo Reebok Varsity Campus
Reebok,RBK2100240371,RBK2100240371-2XS,0,83799.00,Buzo Reebok Varsity Campus
Reebok,RBK2100240371,RBK2100240371-L,3,83799.00,Buzo Reebok Varsity Campus
Reebok,RBK2100240371,RBK2100240371-M,0,83799.00,Buzo Reebok Varsity Campus
Reebok,RBK2100240371,RBK2100240371-S,0,83799.00,Buzo Reebok Varsity Campus
Reebok,RBK2100240371,RBK2100240371-XL,4,83799.00,Buzo Reebok Varsity Campus
Reebok,RBK2100240371,RBK2100240371-XS,1,83799.00,Buzo Reebok Varsity Campus
Reebok,RBK2100205778,RBK2100205778-2XS,0,103499.00,Buzo Reebok Vector Unearthed
Reebok,RBK2100205778,RBK2100205778-XS,5,103499.00,Buzo Reebok Vector Unearthed
Reebok,RBK2100205778,RBK2100205778-S,0,103499.00,Buzo Reebok Vector Unearthed
Reebok,RBK2100205778,RBK2100205778-M,0,103499.00,Buzo Reebok Vector Unearthed
Reebok,RBK2100205778,RBK2100205778-L,2,103499.00,Buzo Reebok Vector Unearthed
Reebok,RBK2100205778,RBK2100205778-XL,0,103499.00,Buzo Reebok Vector Unearthed
Reebok,RBK2100205778,RBK2100205778-2XL,3,103499.00,Buzo Reebok Vector Unearthed
Reebok,RBK2100205776,RBK2100205776-2XS,0,103499.00,Buzo Reebok Vector Unearthed
Reebok,RBK2100205776,RBK2100205776-XS,2,103499.00,Buzo Reebok Vector Unearthed
Reebok,RBK2100205776,RBK2100205776-S,1,103499.00,Buzo Reebok Vector Unearthed
Reebok,RBK2100205776,RBK2100205776-L,7,103499.00,Buzo Reebok Vector Unearthed
Reebok,RBK2100205776,RBK2100205776-M,1,103499.00,Buzo Reebok Vector Unearthed
Reebok,RBK2100205776,RBK2100205776-2XL,9,103499.00,Buzo Reebok Vector Unearthed
Reebok,RBK2100205776,RBK2100205776-XL,8,103499.00,Buzo Reebok Vector Unearthed
Reebok,RBK2100214974,RBK2100214974-2XS,0,77599.00,Buzo Running 1/4 Zip
Reebok,RBK2100214974,RBK2100214974-XS,2,77599.00,Buzo Running 1/4 Zip
Reebok,RBK2100214974,RBK2100214974-S,0,77599.00,Buzo Running 1/4 Zip
Reebok,RBK2100214974,RBK2100214974-M,0,77599.00,Buzo Running 1/4 Zip
Reebok,RBK2100214974,RBK2100214974-L,1,77599.00,Buzo Running 1/4 Zip
Reebok,RBK2100214974,RBK2100214974-XL,0,77599.00,Buzo Running 1/4 Zip
Reebok,RBK2100214974,RBK2100214974-2XL,0,77599.00,Buzo Running 1/4 Zip
Reebok,RBK21000AR50290,RBK21000AR50290-2XS,0,67299.00,Buzo Stacked Logo Crew
Reebok,RBK21000AR50290,RBK21000AR50290-XS,1,67299.00,Buzo Stacked Logo Crew
Reebok,RBK21000AR50290,RBK21000AR50290-S,0,67299.00,Buzo Stacked Logo Crew
Reebok,RBK21000AR50290,RBK21000AR50290-M,0,67299.00,Buzo Stacked Logo Crew
Reebok,RBK21000AR50290,RBK21000AR50290-L,0,67299.00,Buzo Stacked Logo Crew
Reebok,RBK21000AR50290,RBK21000AR50290-XL,0,67299.00,Buzo Stacked Logo Crew
Reebok,RBK21000AR50290,RBK21000AR50290-2XL,0,67299.00,Buzo Stacked Logo Crew
Reebok,RBK21000AR50290,RBK21000AR50290-LXL,0,67299.00,Buzo Stacked Logo Crew
Reebok,RBK21000AR50290,RBK21000AR50290-N SZ,0,67299.00,Buzo Stacked Logo Crew
Reebok,RBK21000AR50290,RBK21000AR50290-SMEF,0,67299.00,Buzo Stacked Logo Crew
Reebok,RBK2100221819,RBK2100221819-2XS,0,77599.00,Buzo Training Reebok Identity Small Logo
Reebok,RBK2100221819,RBK2100221819-XS,2,77599.00,Buzo Training Reebok Identity Small Logo
Reebok,RBK2100221819,RBK2100221819-S,0,77599.00,Buzo Training Reebok Identity Small Logo
Reebok,RBK2100221819,RBK2100221819-L,0,77599.00,Buzo Training Reebok Identity Small Logo
Reebok,RBK2100221819,RBK2100221819-M,0,77599.00,Buzo Training Reebok Identity Small Logo
Reebok,RBK2100221819,RBK2100221819-2XL,0,77599.00,Buzo Training Reebok Identity Small Logo
Reebok,RBK2100221819,RBK2100221819-XL,1,77599.00,Buzo Training Reebok Identity Small Logo
Reebok,RBK2100214627,RBK2100214627-2XS,0,95199.00,Calza Chrome Hr Tight
Reebok,RBK2100214627,RBK2100214627-XS,2,95199.00,Calza Chrome Hr Tight
Reebok,RBK2100214627,RBK2100214627-S,4,95199.00,Calza Chrome Hr Tight
Reebok,RBK2100214627,RBK2100214627-L,2,95199.00,Calza Chrome Hr Tight
Reebok,RBK2100214627,RBK2100214627-M,3,95199.00,Calza Chrome Hr Tight
Reebok,RBK2100214627,RBK2100214627-2XL,0,95199.00,Calza Chrome Hr Tight
Reebok,RBK2100214627,RBK2100214627-XL,1,95199.00,Calza Chrome Hr Tight
Reebok,RBK2100254387,RBK2100254387-XS,2,67299.00,Calza Core Fitness Training Ruched
Reebok,RBK2100254387,RBK2100254387-S,4,67299.00,Calza Core Fitness Training Ruched
Reebok,RBK2100254387,RBK2100254387-M,5,67299.00,Calza Core Fitness Training Ruched
Reebok,RBK2100254387,RBK2100254387-L,6,67299.00,Calza Core Fitness Training Ruched
Reebok,RBK2100254387,RBK2100254387-XL,6,67299.00,Calza Core Fitness Training Ruched
Reebok,RBK2100241903,RBK2100241903-2XS,0,45499.00,Calza Core High Rise Cycle
Reebok,RBK2100241903,RBK2100241903-XS,2,45499.00,Calza Core High Rise Cycle
Reebok,RBK2100241903,RBK2100241903-S,0,45499.00,Calza Core High Rise Cycle
Reebok,RBK2100241903,RBK2100241903-M,0,45499.00,Calza Core High Rise Cycle
Reebok,RBK2100241903,RBK2100241903-L,0,45499.00,Calza Core High Rise Cycle
Reebok,RBK2100241903,RBK2100241903-XL,4,45499.00,Calza Core High Rise Cycle
Reebok,RBK2100241903,RBK2100241903-2XL,0,45499.00,Calza Core High Rise Cycle
Reebok,RBK2100241928,RBK2100241928-2XS,0,55899.00,Calza Core Mid Rise Capri
Reebok,RBK2100241928,RBK2100241928-XS,3,55899.00,Calza Core Mid Rise Capri
Reebok,RBK2100241928,RBK2100241928-S,0,55899.00,Calza Core Mid Rise Capri
Reebok,RBK2100241928,RBK2100241928-M,0,55899.00,Calza Core Mid Rise Capri
Reebok,RBK2100241928,RBK2100241928-L,0,55899.00,Calza Core Mid Rise Capri
Reebok,RBK2100241928,RBK2100241928-XL,1,55899.00,Calza Core Mid Rise Capri
Reebok,RBK2100241928,RBK2100241928-2XL,0,55899.00,Calza Core Mid Rise Capri
Reebok,RBK2100241911,RBK2100241911-2XS,0,77599.00,Calza High Rise Cycle
Reebok,RBK2100241911,RBK2100241911-XS,4,77599.00,Calza High Rise Cycle
Reebok,RBK2100241911,RBK2100241911-S,4,77599.00,Calza High Rise Cycle
Reebok,RBK2100241911,RBK2100241911-M,2,77599.00,Calza High Rise Cycle
Reebok,RBK2100241911,RBK2100241911-L,4,77599.00,Calza High Rise Cycle
Reebok,RBK2100241911,RBK2100241911-XL,3,77599.00,Calza High Rise Cycle
Reebok,RBK2100241911,RBK2100241911-2XL,0,77599.00,Calza High Rise Cycle
Reebok,RBK2100241932,RBK2100241932-2XS,0,83799.00,Calza High Rise Full
Reebok,RBK2100241932,RBK2100241932-XS,0,83799.00,Calza High Rise Full
Reebok,RBK2100241932,RBK2100241932-S,5,83799.00,Calza High Rise Full
Reebok,RBK2100241932,RBK2100241932-M,2,83799.00,Calza High Rise Full
Reebok,RBK2100241932,RBK2100241932-L,9,83799.00,Calza High Rise Full
Reebok,RBK2100241932,RBK2100241932-XL,11,83799.00,Calza High Rise Full
Reebok,RBK2100241932,RBK2100241932-2XL,0,83799.00,Calza High Rise Full
Reebok,RBK2100243267,RBK2100243267-XS,5,67299.00,Calza Lux
Reebok,RBK2100243267,RBK2100243267-S,9,67299.00,Calza Lux
Reebok,RBK2100243267,RBK2100243267-M,9,67299.00,Calza Lux
Reebok,RBK2100243267,RBK2100243267-L,5,67299.00,Calza Lux
Reebok,RBK2100243267,RBK2100243267-XL,6,67299.00,Calza Lux
Reebok,RBK2100243267,RBK2100243267-XXL,0,67299.00,Calza Lux
Reebok,RBK2100243269,RBK2100243269-L,0,83799.00,Calza Lux Contourt
Reebok,RBK2100243269,RBK2100243269-M,0,83799.00,Calza Lux Contourt
Reebok,RBK2100243269,RBK2100243269-S,0,83799.00,Calza Lux Contourt
Reebok,RBK2100243269,RBK2100243269-XL,1,83799.00,Calza Lux Contourt
Reebok,RBK2100243269,RBK2100243269-XS,2,83799.00,Calza Lux Contourt
Reebok,RBK2100243269,RBK2100243269-XXL,0,83799.00,Calza Lux Contourt
Reebok,RBK2100076153,RBK2100076153-XS,4,67299.00,Calza Lux High Rise Bike
Reebok,RBK2100076153,RBK2100076153-S,3,67299.00,Calza Lux High Rise Bike
Reebok,RBK2100076153,RBK2100076153-M,4,67299.00,Calza Lux High Rise Bike
Reebok,RBK2100076153,RBK2100076153-L,7,67299.00,Calza Lux High Rise Bike
Reebok,RBK2100076153,RBK2100076153-XL,2,67299.00,Calza Lux High Rise Bike
Reebok,RBK2100243220,RBK2100243220-L,4,67299.00,Calza Lux High Rise Bike
Reebok,RBK2100243220,RBK2100243220-M,1,67299.00,Calza Lux High Rise Bike
Reebok,RBK2100243220,RBK2100243220-S,0,67299.00,Calza Lux High Rise Bike
Reebok,RBK2100243220,RBK2100243220-XL,2,67299.00,Calza Lux High Rise Bike
Reebok,RBK2100243220,RBK2100243220-XS,4,67299.00,Calza Lux High Rise Bike
Reebok,RBK2100243220,RBK2100243220-XXL,0,67299.00,Calza Lux High Rise Bike
Reebok,RBK2100254371,RBK2100254371-XS,1,51699.00,Calza Reebok Ciclista ID Train
Reebok,RBK2100254371,RBK2100254371-S,4,51699.00,Calza Reebok Ciclista ID Train
Reebok,RBK2100254371,RBK2100254371-M,4,51699.00,Calza Reebok Ciclista ID Train
Reebok,RBK2100254371,RBK2100254371-L,5,51699.00,Calza Reebok Ciclista ID Train
Reebok,RBK2100254371,RBK2100254371-XL,4,51699.00,Calza Reebok Ciclista ID Train
Reebok,RBK2100254371,RBK2100254371-XXL,1,51699.00,Calza Reebok Ciclista ID Train
Reebok,RBK21000AR4709,RBK21000AR4709-2XS,0,67299.00,Calza Reebok Classic
Reebok,RBK21000AR4709,RBK21000AR4709-XS,2,67299.00,Calza Reebok Classic
Reebok,RBK21000AR4709,RBK21000AR4709-S,0,67299.00,Calza Reebok Classic
Reebok,RBK21000AR4709,RBK21000AR4709-M,0,67299.00,Calza Reebok Classic
Reebok,RBK21000AR4709,RBK21000AR4709-L,0,67299.00,Calza Reebok Classic
Reebok,RBK21000AR4709,RBK21000AR4709-XL,0,67299.00,Calza Reebok Classic
Reebok,RBK21000AR4709,RBK21000AR4709-2XL,0,67299.00,Calza Reebok Classic
Reebok,RBK21000AR4709,RBK21000AR4709-N SZ,0,67299.00,Calza Reebok Classic
Reebok,RBK21000AR4709,RBK21000AR4709-SMEF,0,67299.00,Calza Reebok Classic
Reebok,RBK2100222364,RBK2100222364-2XS,0,103499.00,Calza Reebok Ers Perform
Reebok,RBK2100222364,RBK2100222364-XS,2,103499.00,Calza Reebok Ers Perform
Reebok,RBK2100222364,RBK2100222364-S,2,103499.00,Calza Reebok Ers Perform
Reebok,RBK2100222364,RBK2100222364-L,3,103499.00,Calza Reebok Ers Perform
Reebok,RBK2100222364,RBK2100222364-M,2,103499.00,Calza Reebok Ers Perform
Reebok,RBK2100222364,RBK2100222364-2XL,3,103499.00,Calza Reebok Ers Perform
Reebok,RBK2100222364,RBK2100222364-XL,1,103499.00,Calza Reebok Ers Perform
Reebok,RBK2100253709,RBK2100253709-XS,3,82799.00,Calza Reebok Heritage Dance Classic
Reebok,RBK2100253709,RBK2100253709-S,2,82799.00,Calza Reebok Heritage Dance Classic
Reebok,RBK2100253709,RBK2100253709-M,2,82799.00,Calza Reebok Heritage Dance Classic
Reebok,RBK2100253709,RBK2100253709-L,2,82799.00,Calza Reebok Heritage Dance Classic
Reebok,RBK2100253709,RBK2100253709-XL,2,82799.00,Calza Reebok Heritage Dance Classic
Reebok,RBK2100253709,RBK2100253709-XXL,1,82799.00,Calza Reebok Heritage Dance Classic
Reebok,RBK2100206435,RBK2100206435-2XS,0,51699.00,Calza Reebok Id
Reebok,RBK2100206435,RBK2100206435-XS,0,51699.00,Calza Reebok Id
Reebok,RBK2100206435,RBK2100206435-S,0,51699.00,Calza Reebok Id
Reebok,RBK2100206435,RBK2100206435-M,0,51699.00,Calza Reebok Id
Reebok,RBK2100206435,RBK2100206435-L,0,51699.00,Calza Reebok Id
Reebok,RBK2100206435,RBK2100206435-XL,1,51699.00,Calza Reebok Id
Reebok,RBK2100206435,RBK2100206435-2XL,0,51699.00,Calza Reebok Id
Reebok,RBK2100254377,RBK2100254377-XS,2,93099.00,Calza Reebok Lab
Reebok,RBK2100254377,RBK2100254377-S,3,93099.00,Calza Reebok Lab
Reebok,RBK2100254377,RBK2100254377-M,6,93099.00,Calza Reebok Lab
Reebok,RBK2100254377,RBK2100254377-L,6,93099.00,Calza Reebok Lab
Reebok,RBK2100254377,RBK2100254377-XL,6,93099.00,Calza Reebok Lab
Reebok,RBK2100254376,RBK2100254376-XS,2,93099.00,Calza Reebok Lab
Reebok,RBK2100254376,RBK2100254376-S,6,93099.00,Calza Reebok Lab
Reebok,RBK2100254376,RBK2100254376-M,1,93099.00,Calza Reebok Lab
Reebok,RBK2100254376,RBK2100254376-L,5,93099.00,Calza Reebok Lab
Reebok,RBK2100254376,RBK2100254376-XL,4,93099.00,Calza Reebok Lab
Reebok,RBK2100254376,RBK2100254376-XXL,1,93099.00,Calza Reebok Lab
Reebok,RBK2100253920,RBK2100253920-XS,3,77599.00,Calza Reebok Leopard Printed
Reebok,RBK2100253920,RBK2100253920-S,3,77599.00,Calza Reebok Leopard Printed
Reebok,RBK2100253920,RBK2100253920-M,2,77599.00,Calza Reebok Leopard Printed
Reebok,RBK2100253920,RBK2100253920-L,3,77599.00,Calza Reebok Leopard Printed
Reebok,RBK2100253920,RBK2100253920-XL,2,77599.00,Calza Reebok Leopard Printed
Reebok,RBK2100249530,RBK2100249530-L,12,77599.00,Calza Reebok Lux
Reebok,RBK2100249530,RBK2100249530-M,6,77599.00,Calza Reebok Lux
Reebok,RBK2100249530,RBK2100249530-S,7,77599.00,Calza Reebok Lux
Reebok,RBK2100249530,RBK2100249530-XL,11,77599.00,Calza Reebok Lux
Reebok,RBK2100249530,RBK2100249530-XS,6,77599.00,Calza Reebok Lux
Reebok,RBK2100249530,RBK2100249530-XXL,0,77599.00,Calza Reebok Lux
Reebok,RBK2100035030,RBK2100035030-2XS,0,67299.00,Calza Reebok Lux Bold
Reebok,RBK2100035030,RBK2100035030-XS,0,67299.00,Calza Reebok Lux Bold
Reebok,RBK2100035030,RBK2100035030-S,0,67299.00,Calza Reebok Lux Bold
Reebok,RBK2100035030,RBK2100035030-M,0,67299.00,Calza Reebok Lux Bold
Reebok,RBK2100035030,RBK2100035030-L,4,67299.00,Calza Reebok Lux Bold
Reebok,RBK2100035030,RBK2100035030-XL,5,67299.00,Calza Reebok Lux Bold
Reebok,RBK2100035030,RBK2100035030-2XL,0,67299.00,Calza Reebok Lux Bold
Reebok,RBK2100035028,RBK2100035028-2XS,0,67299.00,Calza Reebok Lux Bold
Reebok,RBK2100035028,RBK2100035028-XS,0,67299.00,Calza Reebok Lux Bold
Reebok,RBK2100035028,RBK2100035028-S,0,67299.00,Calza Reebok Lux Bold
Reebok,RBK2100035028,RBK2100035028-M,1,67299.00,Calza Reebok Lux Bold
Reebok,RBK2100035028,RBK2100035028-L,0,67299.00,Calza Reebok Lux Bold
Reebok,RBK2100035028,RBK2100035028-XL,1,67299.00,Calza Reebok Lux Bold
Reebok,RBK2100035028,RBK2100035028-2XL,0,67299.00,Calza Reebok Lux Bold
Reebok,RBK2100035028,RBK2100035028-N SZ,0,67299.00,Calza Reebok Lux Bold
Reebok,RBK2100035028,RBK2100035028-SMEF,0,67299.00,Calza Reebok Lux Bold
Reebok,RBK2100205589,RBK2100205589-2XS,0,86899.00,Calza Reebok Lux Faux Tight
Reebok,RBK2100205589,RBK2100205589-XS,0,86899.00,Calza Reebok Lux Faux Tight
Reebok,RBK2100205589,RBK2100205589-S,0,86899.00,Calza Reebok Lux Faux Tight
Reebok,RBK2100205589,RBK2100205589-M,0,86899.00,Calza Reebok Lux Faux Tight
Reebok,RBK2100205589,RBK2100205589-L,0,86899.00,Calza Reebok Lux Faux Tight
Reebok,RBK2100205589,RBK2100205589-XL,1,86899.00,Calza Reebok Lux Faux Tight
Reebok,RBK2100205589,RBK2100205589-2XL,0,86899.00,Calza Reebok Lux Faux Tight
Reebok,RBK21000AD7792,RBK21000AD7792-2XS,0,95199.00,Calza Reebok Lux High Rise
Reebok,RBK21000AD7792,RBK21000AD7792-XS,2,95199.00,Calza Reebok Lux High Rise
Reebok,RBK21000AD7792,RBK21000AD7792-S,0,95199.00,Calza Reebok Lux High Rise
Reebok,RBK21000AD7792,RBK21000AD7792-L,3,95199.00,Calza Reebok Lux High Rise
Reebok,RBK21000AD7792,RBK21000AD7792-M,0,95199.00,Calza Reebok Lux High Rise
Reebok,RBK21000AD7792,RBK21000AD7792-XL,2,95199.00,Calza Reebok Lux High Rise
Reebok,RBK21000AD7792,RBK21000AD7792-2XL,0,95199.00,Calza Reebok Lux High Rise
Reebok,RBK21000AD7792,RBK21000AD7792-N SZ,0,95199.00,Calza Reebok Lux High Rise
Reebok,RBK21000AD7792,RBK21000AD7792-SMEF,0,95199.00,Calza Reebok Lux High Rise
Reebok,RBK2100250283,RBK2100250283-L,4,77599.00,Calza Reebok Lux High Rise
Reebok,RBK2100250283,RBK2100250283-M,6,77599.00,Calza Reebok Lux High Rise
Reebok,RBK2100250283,RBK2100250283-S,3,77599.00,Calza Reebok Lux High Rise
Reebok,RBK2100250283,RBK2100250283-XL,7,77599.00,Calza Reebok Lux High Rise
Reebok,RBK2100250283,RBK2100250283-XS,3,77599.00,Calza Reebok Lux High Rise
Reebok,RBK2100250283,RBK2100250283-XXL,2,77599.00,Calza Reebok Lux High Rise
Reebok,RBK2100214642,RBK2100214642-2XS,0,88999.00,Calza Reebok Lux Hr
Reebok,RBK2100214642,RBK2100214642-XS,4,88999.00,Calza Reebok Lux Hr
Reebok,RBK2100214642,RBK2100214642-S,0,88999.00,Calza Reebok Lux Hr
Reebok,RBK2100214642,RBK2100214642-M,0,88999.00,Calza Reebok Lux Hr
Reebok,RBK2100214642,RBK2100214642-L,0,88999.00,Calza Reebok Lux Hr
Reebok,RBK2100214642,RBK2100214642-XL,1,88999.00,Calza Reebok Lux Hr
Reebok,RBK2100214642,RBK2100214642-2XL,0,88999.00,Calza Reebok Lux Hr
Reebok,RBK2100205609,RBK2100205609-2XS,0,86899.00,Calza Reebok Lux HR Tight
Reebok,RBK2100205609,RBK2100205609-XS,4,86899.00,Calza Reebok Lux HR Tight
Reebok,RBK2100205609,RBK2100205609-S,0,86899.00,Calza Reebok Lux HR Tight
Reebok,RBK2100205609,RBK2100205609-M,0,86899.00,Calza Reebok Lux HR Tight
Reebok,RBK2100205609,RBK2100205609-L,0,86899.00,Calza Reebok Lux HR Tight
Reebok,RBK2100205609,RBK2100205609-XL,0,86899.00,Calza Reebok Lux HR Tight
Reebok,RBK2100205609,RBK2100205609-2XL,0,86899.00,Calza Reebok Lux HR Tight
Reebok,RBK2100076171,RBK2100076171-XS,0,72399.00,Calza Reebok Lux HR Tight
Reebok,RBK2100076171,RBK2100076171-S,0,72399.00,Calza Reebok Lux HR Tight
Reebok,RBK2100076171,RBK2100076171-M,0,72399.00,Calza Reebok Lux HR Tight
Reebok,RBK2100076171,RBK2100076171-L,0,72399.00,Calza Reebok Lux HR Tight
Reebok,RBK2100076171,RBK2100076171-XL,2,72399.00,Calza Reebok Lux HR Tight
Reebok,RBK2100076150,RBK2100076150-XS,6,95199.00,Calza Reebok Lux HR Tight
Reebok,RBK2100076150,RBK2100076150-S,4,95199.00,Calza Reebok Lux HR Tight
Reebok,RBK2100076150,RBK2100076150-M,2,95199.00,Calza Reebok Lux HR Tight
Reebok,RBK2100076150,RBK2100076150-L,2,95199.00,Calza Reebok Lux HR Tight
Reebok,RBK2100076150,RBK2100076150-XL,6,95199.00,Calza Reebok Lux HR Tight
Reebok,RBK2100076147,RBK2100076147-XS,1,95199.00,Calza Reebok Lux HR Tight
Reebok,RBK2100076147,RBK2100076147-S,0,95199.00,Calza Reebok Lux HR Tight
Reebok,RBK2100076147,RBK2100076147-M,3,95199.00,Calza Reebok Lux HR Tight
Reebok,RBK2100076147,RBK2100076147-L,3,95199.00,Calza Reebok Lux HR Tight
Reebok,RBK2100076147,RBK2100076147-XL,4,95199.00,Calza Reebok Lux HR Tight
Reebok,RBK2100075365,RBK2100075365-XS,0,95199.00,Calza Reebok Lux HR Tight
Reebok,RBK2100075365,RBK2100075365-S,0,95199.00,Calza Reebok Lux HR Tight
Reebok,RBK2100075365,RBK2100075365-M,0,95199.00,Calza Reebok Lux HR Tight
Reebok,RBK2100075365,RBK2100075365-L,8,95199.00,Calza Reebok Lux HR Tight
Reebok,RBK2100075365,RBK2100075365-XL,1,95199.00,Calza Reebok Lux HR Tight
Reebok,RBK2100035434,RBK2100035434-2XS,0,95199.00,Calza Reebok Lux HR Tight
Reebok,RBK2100035434,RBK2100035434-XS,0,95199.00,Calza Reebok Lux HR Tight
Reebok,RBK2100035434,RBK2100035434-S,2,95199.00,Calza Reebok Lux HR Tight
Reebok,RBK2100035434,RBK2100035434-L,5,95199.00,Calza Reebok Lux HR Tight
Reebok,RBK2100035434,RBK2100035434-M,0,95199.00,Calza Reebok Lux HR Tight
Reebok,RBK2100035434,RBK2100035434-XL,0,95199.00,Calza Reebok Lux HR Tight
Reebok,RBK2100035434,RBK2100035434-2XL,0,95199.00,Calza Reebok Lux HR Tight
Reebok,RBK2100035434,RBK2100035434-N SZ,0,95199.00,Calza Reebok Lux HR Tight
Reebok,RBK2100035434,RBK2100035434-SMEF,0,95199.00,Calza Reebok Lux HR Tight
Reebok,RBK2100037391,RBK2100037391-2XS,0,83799.00,Calza Reebok Lux Perfom
Reebok,RBK2100037391,RBK2100037391-XS,0,83799.00,Calza Reebok Lux Perfom
Reebok,RBK2100037391,RBK2100037391-S,0,83799.00,Calza Reebok Lux Perfom
Reebok,RBK2100037391,RBK2100037391-M,0,83799.00,Calza Reebok Lux Perfom
Reebok,RBK2100037391,RBK2100037391-L,0,83799.00,Calza Reebok Lux Perfom
Reebok,RBK2100037391,RBK2100037391-XL,1,83799.00,Calza Reebok Lux Perfom
Reebok,RBK2100037391,RBK2100037391-2XL,0,83799.00,Calza Reebok Lux Perfom
Reebok,RBK2100037391,RBK2100037391-N SZ,0,83799.00,Calza Reebok Lux Perfom
Reebok,RBK2100037391,RBK2100037391-SMEF,0,83799.00,Calza Reebok Lux Perfom
Reebok,RBK2100037698,RBK2100037698-2XS,0,67299.00,Calza Reebok Mod Safari Cotton
Reebok,RBK2100037698,RBK2100037698-XS,4,67299.00,Calza Reebok Mod Safari Cotton
Reebok,RBK2100037698,RBK2100037698-S,0,67299.00,Calza Reebok Mod Safari Cotton
Reebok,RBK2100037698,RBK2100037698-M,0,67299.00,Calza Reebok Mod Safari Cotton
Reebok,RBK2100037698,RBK2100037698-L,1,67299.00,Calza Reebok Mod Safari Cotton
Reebok,RBK2100037698,RBK2100037698-XL,2,67299.00,Calza Reebok Mod Safari Cotton
Reebok,RBK21000AR37536,RBK21000AR37536-2XS,0,55899.00,Calza Reebok Ri Sl Fitted
Reebok,RBK21000AR37536,RBK21000AR37536-XS,1,55899.00,Calza Reebok Ri Sl Fitted
Reebok,RBK21000AR37536,RBK21000AR37536-S,0,55899.00,Calza Reebok Ri Sl Fitted
Reebok,RBK21000AR37536,RBK21000AR37536-M,0,55899.00,Calza Reebok Ri Sl Fitted
Reebok,RBK21000AR37536,RBK21000AR37536-L,0,55899.00,Calza Reebok Ri Sl Fitted
Reebok,RBK21000AR37536,RBK21000AR37536-XL,0,55899.00,Calza Reebok Ri Sl Fitted
Reebok,RBK21000AR37536,RBK21000AR37536-2XL,0,55899.00,Calza Reebok Ri Sl Fitted
Reebok,RBK21000AR37536,RBK21000AR37536-N SZ,0,55899.00,Calza Reebok Ri Sl Fitted
Reebok,RBK21000AR37536,RBK21000AR37536-SMEF,0,55899.00,Calza Reebok Ri Sl Fitted
Reebok,RBK2100239737,RBK2100239737-2XS,0,83799.00,Calza Reebok Tight
Reebok,RBK2100239737,RBK2100239737-XS,2,83799.00,Calza Reebok Tight
Reebok,RBK2100239737,RBK2100239737-S,3,83799.00,Calza Reebok Tight
Reebok,RBK2100239737,RBK2100239737-M,1,83799.00,Calza Reebok Tight
Reebok,RBK2100239737,RBK2100239737-L,3,83799.00,Calza Reebok Tight
Reebok,RBK2100239737,RBK2100239737-XL,3,83799.00,Calza Reebok Tight
Reebok,RBK2100239737,RBK2100239737-2XL,0,83799.00,Calza Reebok Tight
Reebok,RBK2100029025,RBK2100029025-2XS,0,44499.00,Calza Reebok Workout Basic Hot
Reebok,RBK2100029025,RBK2100029025-XS,0,44499.00,Calza Reebok Workout Basic Hot
Reebok,RBK2100029025,RBK2100029025-S,0,44499.00,Calza Reebok Workout Basic Hot
Reebok,RBK2100029025,RBK2100029025-M,0,44499.00,Calza Reebok Workout Basic Hot
Reebok,RBK2100029025,RBK2100029025-L,0,44499.00,Calza Reebok Workout Basic Hot
Reebok,RBK2100029025,RBK2100029025-XL,1,44499.00,Calza Reebok Workout Basic Hot
Reebok,RBK2100029025,RBK2100029025-2XL,0,44499.00,Calza Reebok Workout Basic Hot
Reebok,RBK2100037099,RBK2100037099-2XS,0,44499.00,Calza Rie Bike
Reebok,RBK2100037099,RBK2100037099-XS,4,44499.00,Calza Rie Bike
Reebok,RBK2100037099,RBK2100037099-S,0,44499.00,Calza Rie Bike
Reebok,RBK2100037099,RBK2100037099-M,2,44499.00,Calza Rie Bike
Reebok,RBK2100037099,RBK2100037099-L,2,44499.00,Calza Rie Bike
Reebok,RBK2100037099,RBK2100037099-XL,0,44499.00,Calza Rie Bike
Reebok,RBK2100037099,RBK2100037099-2XL,0,44499.00,Calza Rie Bike
Reebok,RBK2100037099,RBK2100037099-N SZ,0,44499.00,Calza Rie Bike
Reebok,RBK2100037099,RBK2100037099-SMEF,0,44499.00,Calza Rie Bike
Reebok,RBK2100076055,RBK2100076055-XS,4,67299.00,Calza Running Vector Tight
Reebok,RBK2100076055,RBK2100076055-S,0,67299.00,Calza Running Vector Tight
Reebok,RBK2100076055,RBK2100076055-M,0,67299.00,Calza Running Vector Tight
Reebok,RBK2100076055,RBK2100076055-L,0,67299.00,Calza Running Vector Tight
Reebok,RBK2100076055,RBK2100076055-XL,0,67299.00,Calza Running Vector Tight
Reebok,RBK21000AD3718,RBK21000AD3718-2XS,0,55899.00,Calza Speedwick 2
Reebok,RBK21000AD3718,RBK21000AD3718-XS,9,55899.00,Calza Speedwick 2
Reebok,RBK21000AD3718,RBK21000AD3718-S,0,55899.00,Calza Speedwick 2
Reebok,RBK21000AD3718,RBK21000AD3718-L,3,55899.00,Calza Speedwick 2
Reebok,RBK21000AD3718,RBK21000AD3718-M,5,55899.00,Calza Speedwick 2
Reebok,RBK21000AD3718,RBK21000AD3718-2XL,4,55899.00,Calza Speedwick 2
Reebok,RBK21000AD3718,RBK21000AD3718-XL,2,55899.00,Calza Speedwick 2
Reebok,RBK2100205737,RBK2100205737-2XS,0,44499.00,Calza Vector Reebok
Reebok,RBK2100205737,RBK2100205737-XS,6,44499.00,Calza Vector Reebok
Reebok,RBK2100205737,RBK2100205737-S,3,44499.00,Calza Vector Reebok
Reebok,RBK2100205737,RBK2100205737-M,1,44499.00,Calza Vector Reebok
Reebok,RBK2100205737,RBK2100205737-L,0,44499.00,Calza Vector Reebok
Reebok,RBK2100205737,RBK2100205737-XL,6,44499.00,Calza Vector Reebok
Reebok,RBK2100205737,RBK2100205737-2XL,0,44499.00,Calza Vector Reebok
Reebok,RBK2100075410,RBK2100075410-XS,1,67299.00,Calzas Running AOP
Reebok,RBK2100075410,RBK2100075410-S,0,67299.00,Calzas Running AOP
Reebok,RBK2100075410,RBK2100075410-L,0,67299.00,Calzas Running AOP
Reebok,RBK2100075410,RBK2100075410-M,0,67299.00,Calzas Running AOP
Reebok,RBK2100075410,RBK2100075410-XL,0,67299.00,Calzas Running AOP
Reebok,RBK2100214940,RBK2100214940-2XS,0,46599.00,Camiseta De Entrenamiento Reebok
Reebok,RBK2100214940,RBK2100214940-XS,4,46599.00,Camiseta De Entrenamiento Reebok
Reebok,RBK2100214940,RBK2100214940-S,4,46599.00,Camiseta De Entrenamiento Reebok
Reebok,RBK2100214940,RBK2100214940-M,0,46599.00,Camiseta De Entrenamiento Reebok
Reebok,RBK2100214940,RBK2100214940-L,2,46599.00,Camiseta De Entrenamiento Reebok
Reebok,RBK2100214940,RBK2100214940-XL,0,46599.00,Camiseta De Entrenamiento Reebok
Reebok,RBK2100214940,RBK2100214940-2XL,4,46599.00,Camiseta De Entrenamiento Reebok
Reebok,RBK2100254022,RBK2100254022-XS,2,82799.00,Camiseta de fútbol Street Sport
Reebok,RBK2100254022,RBK2100254022-S,4,82799.00,Camiseta de fútbol Street Sport
Reebok,RBK2100254022,RBK2100254022-M,6,82799.00,Camiseta de fútbol Street Sport
Reebok,RBK2100254022,RBK2100254022-L,6,82799.00,Camiseta de fútbol Street Sport
Reebok,RBK2100254022,RBK2100254022-XL,4,82799.00,Camiseta de fútbol Street Sport
Reebok,RBK2100254022,RBK2100254022-XXL,2,82799.00,Camiseta de fútbol Street Sport
Reebok,RBK2100224001,RBK2100224001-2XS,0,83799.00,Camiseta Reebok Crosscheck
Reebok,RBK2100224001,RBK2100224001-XS,1,83799.00,Camiseta Reebok Crosscheck
Reebok,RBK2100224001,RBK2100224001-S,3,83799.00,Camiseta Reebok Crosscheck
Reebok,RBK2100224001,RBK2100224001-M,6,83799.00,Camiseta Reebok Crosscheck
Reebok,RBK2100224001,RBK2100224001-L,5,83799.00,Camiseta Reebok Crosscheck
Reebok,RBK2100224001,RBK2100224001-XL,5,83799.00,Camiseta Reebok Crosscheck
Reebok,RBK2100224001,RBK2100224001-2XL,3,83799.00,Camiseta Reebok Crosscheck
Reebok,RBK2100254413,RBK2100254413-XS,0,62099.00,Camiseta Reebok Id Train
Reebok,RBK2100254413,RBK2100254413-S,4,62099.00,Camiseta Reebok Id Train
Reebok,RBK2100254413,RBK2100254413-M,3,62099.00,Camiseta Reebok Id Train
Reebok,RBK2100254413,RBK2100254413-L,6,62099.00,Camiseta Reebok Id Train
Reebok,RBK2100254413,RBK2100254413-XL,6,62099.00,Camiseta Reebok Id Train
Reebok,RBK2100215541,RBK2100215541-2XS,0,39299.00,Camiseta Reebok ID Train SS Tech
Reebok,RBK2100215541,RBK2100215541-XS,2,39299.00,Camiseta Reebok ID Train SS Tech
Reebok,RBK2100215541,RBK2100215541-S,0,39299.00,Camiseta Reebok ID Train SS Tech
Reebok,RBK2100215541,RBK2100215541-L,1,39299.00,Camiseta Reebok ID Train SS Tech
Reebok,RBK2100215541,RBK2100215541-M,0,39299.00,Camiseta Reebok ID Train SS Tech
Reebok,RBK2100215541,RBK2100215541-2XL,0,39299.00,Camiseta Reebok ID Train SS Tech
Reebok,RBK2100215541,RBK2100215541-XL,2,39299.00,Camiseta Reebok ID Train SS Tech
Reebok,RBK2100216499,RBK2100216499-2XS,0,39299.00,Camiseta Reebok RI Soccer Training
Reebok,RBK2100216499,RBK2100216499-XS,2,39299.00,Camiseta Reebok RI Soccer Training
Reebok,RBK2100216499,RBK2100216499-S,4,39299.00,Camiseta Reebok RI Soccer Training
Reebok,RBK2100216499,RBK2100216499-L,2,39299.00,Camiseta Reebok RI Soccer Training
Reebok,RBK2100216499,RBK2100216499-M,3,39299.00,Camiseta Reebok RI Soccer Training
Reebok,RBK2100216499,RBK2100216499-2XL,3,39299.00,Camiseta Reebok RI Soccer Training
Reebok,RBK2100216499,RBK2100216499-XL,2,39299.00,Camiseta Reebok RI Soccer Training
Reebok,RBK2100216501,RBK2100216501-2XS,0,39299.00,Camiseta Reebok RI Soccer Training
Reebok,RBK2100216501,RBK2100216501-XS,0,39299.00,Camiseta Reebok RI Soccer Training
Reebok,RBK2100216501,RBK2100216501-S,4,39299.00,Camiseta Reebok RI Soccer Training
Reebok,RBK2100216501,RBK2100216501-L,2,39299.00,Camiseta Reebok RI Soccer Training
Reebok,RBK2100216501,RBK2100216501-M,6,39299.00,Camiseta Reebok RI Soccer Training
Reebok,RBK2100216501,RBK2100216501-2XL,0,39299.00,Camiseta Reebok RI Soccer Training
Reebok,RBK2100216501,RBK2100216501-XL,3,39299.00,Camiseta Reebok RI Soccer Training
Reebok,RBK2100254020,RBK2100254020-XS,2,82799.00,Camiseta Reebok Street Sport Football
Reebok,RBK2100254020,RBK2100254020-S,4,82799.00,Camiseta Reebok Street Sport Football
Reebok,RBK2100254020,RBK2100254020-M,5,82799.00,Camiseta Reebok Street Sport Football
Reebok,RBK2100254020,RBK2100254020-L,6,82799.00,Camiseta Reebok Street Sport Football
Reebok,RBK2100254020,RBK2100254020-XL,3,82799.00,Camiseta Reebok Street Sport Football
Reebok,RBK2100254020,RBK2100254020-XXL,2,82799.00,Camiseta Reebok Street Sport Football
Reebok,RBK2100239872,RBK2100239872-2XL,0,156299.00,Campera Brooklyn Cropped Bomber
Reebok,RBK2100239872,RBK2100239872-2XS,0,156299.00,Campera Brooklyn Cropped Bomber
Reebok,RBK2100239872,RBK2100239872-L,2,156299.00,Campera Brooklyn Cropped Bomber
Reebok,RBK2100239872,RBK2100239872-M,1,156299.00,Campera Brooklyn Cropped Bomber
Reebok,RBK2100239872,RBK2100239872-S,5,156299.00,Campera Brooklyn Cropped Bomber
Reebok,RBK2100239872,RBK2100239872-XL,4,156299.00,Campera Brooklyn Cropped Bomber
Reebok,RBK2100239872,RBK2100239872-XS,2,156299.00,Campera Brooklyn Cropped Bomber
Reebok,RBK2100239873,RBK2100239873-2XL,0,156299.00,Campera Brooklyn Reebok
Reebok,RBK2100239873,RBK2100239873-2XS,0,156299.00,Campera Brooklyn Reebok
Reebok,RBK2100239873,RBK2100239873-L,0,156299.00,Campera Brooklyn Reebok
Reebok,RBK2100239873,RBK2100239873-M,0,156299.00,Campera Brooklyn Reebok
Reebok,RBK2100239873,RBK2100239873-S,0,156299.00,Campera Brooklyn Reebok
Reebok,RBK2100239873,RBK2100239873-XL,3,156299.00,Campera Brooklyn Reebok
Reebok,RBK2100239873,RBK2100239873-XS,2,156299.00,Campera Brooklyn Reebok
Reebok,RBK2100AR7683,RBK2100AR7683-2XL,2,154999.00,Campera Cápsula Fútbol
Reebok,RBK2100AR7683,RBK2100AR7683-L,3,154999.00,Campera Cápsula Fútbol
Reebok,RBK2100AR7683,RBK2100AR7683-M,3,154999.00,Campera Cápsula Fútbol
Reebok,RBK2100AR7683,RBK2100AR7683-S,3,154999.00,Campera Cápsula Fútbol
Reebok,RBK2100AR7683,RBK2100AR7683-XL,3,154999.00,Campera Cápsula Fútbol
Reebok,RBK2100AR7683,RBK2100AR7683-XS,3,154999.00,Campera Cápsula Fútbol
Reebok,RBK2100AR7685,RBK2100AR7685-2XL,3,154999.00,Campera Cápsula Fútbol
Reebok,RBK2100AR7685,RBK2100AR7685-L,3,154999.00,Campera Cápsula Fútbol
Reebok,RBK2100AR7685,RBK2100AR7685-M,4,154999.00,Campera Cápsula Fútbol
Reebok,RBK2100AR7685,RBK2100AR7685-S,4,154999.00,Campera Cápsula Fútbol
Reebok,RBK2100AR7685,RBK2100AR7685-XL,4,154999.00,Campera Cápsula Fútbol
Reebok,RBK2100AR7685,RBK2100AR7685-XS,5,154999.00,Campera Cápsula Fútbol
Reebok,RBK2100063398,RBK2100063398-2XS,0,134499.00,Campera Certified Jacket
Reebok,RBK2100063398,RBK2100063398-XS,5,134499.00,Campera Certified Jacket
Reebok,RBK2100063398,RBK2100063398-S,6,134499.00,Campera Certified Jacket
Reebok,RBK2100063398,RBK2100063398-M,0,134499.00,Campera Certified Jacket
Reebok,RBK2100063398,RBK2100063398-L,0,134499.00,Campera Certified Jacket
Reebok,RBK2100063398,RBK2100063398-XL,2,134499.00,Campera Certified Jacket
Reebok,RBK2100063398,RBK2100063398-2XL,1,134499.00,Campera Certified Jacket
Reebok,RBK2100076243,RBK2100076243-2XS,0,103499.00,Campera CL CS BBall
Reebok,RBK2100076243,RBK2100076243-M,0,103499.00,Campera CL CS BBall
Reebok,RBK2100076243,RBK2100076243-L,10,103499.00,Campera CL CS BBall
Reebok,RBK2100076243,RBK2100076243-XL,3,103499.00,Campera CL CS BBall
Reebok,RBK2100022969,RBK2100022969-2XS,0,134499.00,Campera Cl F Fr Tracktop
Reebok,RBK2100022969,RBK2100022969-XS,1,134499.00,Campera Cl F Fr Tracktop
Reebok,RBK2100022969,RBK2100022969-S,0,134499.00,Campera Cl F Fr Tracktop
Reebok,RBK2100022969,RBK2100022969-L,0,134499.00,Campera Cl F Fr Tracktop
Reebok,RBK2100022969,RBK2100022969-M,0,134499.00,Campera Cl F Fr Tracktop
Reebok,RBK2100022969,RBK2100022969-2XL,0,134499.00,Campera Cl F Fr Tracktop
Reebok,RBK2100022969,RBK2100022969-XL,0,134499.00,Campera Cl F Fr Tracktop
Reebok,RBK2100076217,RBK2100076217-2XS,0,103499.00,Campera Classics Franchise Track
Reebok,RBK2100076217,RBK2100076217-M,0,103499.00,Campera Classics Franchise Track
Reebok,RBK2100076217,RBK2100076217-L,3,103499.00,Campera Classics Franchise Track
Reebok,RBK2100076217,RBK2100076217-XL,2,103499.00,Campera Classics Franchise Track
Reebok,RBK2100253711,RBK2100253711-XS,2,155199.00,Campera deportiva Heritage Dance Blocked
Reebok,RBK2100253711,RBK2100253711-S,2,155199.00,Campera deportiva Heritage Dance Blocked
Reebok,RBK2100253711,RBK2100253711-M,5,155199.00,Campera deportiva Heritage Dance Blocked
Reebok,RBK2100253711,RBK2100253711-L,6,155199.00,Campera deportiva Heritage Dance Blocked
Reebok,RBK2100253711,RBK2100253711-XL,4,155199.00,Campera deportiva Heritage Dance Blocked
Reebok,RBK2100253711,RBK2100253711-XXL,2,155199.00,Campera deportiva Heritage Dance Blocked
Reebok,RBK2100253712,RBK2100253712-XS,2,155199.00,Campera deportiva Heritage Dance Blocked
Reebok,RBK2100253712,RBK2100253712-S,3,155199.00,Campera deportiva Heritage Dance Blocked
Reebok,RBK2100253712,RBK2100253712-M,3,155199.00,Campera deportiva Heritage Dance Blocked
Reebok,RBK2100253712,RBK2100253712-L,5,155199.00,Campera deportiva Heritage Dance Blocked
Reebok,RBK2100253712,RBK2100253712-XL,4,155199.00,Campera deportiva Heritage Dance Blocked
Reebok,RBK2100253712,RBK2100253712-XXL,2,155199.00,Campera deportiva Heritage Dance Blocked
Reebok,RBK2100253993,RBK2100253993-XS,2,144899.00,Campera Dreamblend Spacer Full Zip
Reebok,RBK2100253993,RBK2100253993-S,5,144899.00,Campera Dreamblend Spacer Full Zip
Reebok,RBK2100253993,RBK2100253993-M,5,144899.00,Campera Dreamblend Spacer Full Zip
Reebok,RBK2100253993,RBK2100253993-L,4,144899.00,Campera Dreamblend Spacer Full Zip
Reebok,RBK2100253993,RBK2100253993-XL,3,144899.00,Campera Dreamblend Spacer Full Zip
Reebok,RBK2100253993,RBK2100253993-XXL,0,144899.00,Campera Dreamblend Spacer Full Zip
Reebok,RBK2100253995,RBK2100253995-XS,2,144899.00,Campera Dreamblend Spacer Full Zip
Reebok,RBK2100253995,RBK2100253995-S,6,144899.00,Campera Dreamblend Spacer Full Zip
Reebok,RBK2100253995,RBK2100253995-M,5,144899.00,Campera Dreamblend Spacer Full Zip
Reebok,RBK2100253995,RBK2100253995-L,2,144899.00,Campera Dreamblend Spacer Full Zip
Reebok,RBK2100253995,RBK2100253995-XL,3,144899.00,Campera Dreamblend Spacer Full Zip
Reebok,RBK2100253995,RBK2100253995-XXL,1,144899.00,Campera Dreamblend Spacer Full Zip
Reebok,RBK2100254018,RBK2100254018-XS,2,186299.00,Campera Heritage Logo Track Top
Reebok,RBK2100254018,RBK2100254018-S,4,186299.00,Campera Heritage Logo Track Top
Reebok,RBK2100254018,RBK2100254018-M,6,186299.00,Campera Heritage Logo Track Top
Reebok,RBK2100254018,RBK2100254018-L,6,186299.00,Campera Heritage Logo Track Top
Reebok,RBK2100254018,RBK2100254018-XL,3,186299.00,Campera Heritage Logo Track Top
Reebok,RBK2100254018,RBK2100254018-XXL,2,186299.00,Campera Heritage Logo Track Top
Reebok,RBK2100202857,RBK2100202857-2XS,0,83799.00,Campera Identity SL Fleece Fz
Reebok,RBK2100202857,RBK2100202857-XS,0,83799.00,Campera Identity SL Fleece Fz
Reebok,RBK2100202857,RBK2100202857-S,0,83799.00,Campera Identity SL Fleece Fz
Reebok,RBK2100202857,RBK2100202857-M,0,83799.00,Campera Identity SL Fleece Fz
Reebok,RBK2100202857,RBK2100202857-L,0,83799.00,Campera Identity SL Fleece Fz
Reebok,RBK2100202857,RBK2100202857-XL,0,83799.00,Campera Identity SL Fleece Fz
Reebok,RBK2100202857,RBK2100202857-2XL,1,83799.00,Campera Identity SL Fleece Fz
Reebok,RBK2100205162,RBK2100205162-2XS,0,103499.00,Campera Reebok
Reebok,RBK2100205162,RBK2100205162-XS,9,103499.00,Campera Reebok
Reebok,RBK2100205162,RBK2100205162-S,5,103499.00,Campera Reebok
Reebok,RBK2100205162,RBK2100205162-M,0,103499.00,Campera Reebok
Reebok,RBK2100205162,RBK2100205162-L,4,103499.00,Campera Reebok
Reebok,RBK2100205162,RBK2100205162-XL,3,103499.00,Campera Reebok
Reebok,RBK2100239868,RBK2100239868-XS,2,155199.00,Campera Reebok
Reebok,RBK2100239868,RBK2100239868-S,2,155199.00,Campera Reebok
Reebok,RBK2100239868,RBK2100239868-M,3,155199.00,Campera Reebok
Reebok,RBK2100239868,RBK2100239868-L,2,155199.00,Campera Reebok
Reebok,RBK2100239868,RBK2100239868-XL,2,155199.00,Campera Reebok
Reebok,RBK2100239868,RBK2100239868-XXL,0,155199.00,Campera Reebok
Reebok,RBK2100256655,RBK2100256655-XS,2,144899.00,Campera Reebok
Reebok,RBK2100256655,RBK2100256655-S,2,144899.00,Campera Reebok
Reebok,RBK2100256655,RBK2100256655-M,2,144899.00,Campera Reebok
Reebok,RBK2100256655,RBK2100256655-L,3,144899.00,Campera Reebok
Reebok,RBK2100256655,RBK2100256655-XL,2,144899.00,Campera Reebok
Reebok,RBK2100256655,RBK2100256655-XXL,1,144899.00,Campera Reebok
Reebok,RBK2100256645,RBK2100256645-XS,1,144899.00,Campera Reebok
Reebok,RBK2100256645,RBK2100256645-S,2,144899.00,Campera Reebok
Reebok,RBK2100256645,RBK2100256645-M,1,144899.00,Campera Reebok
Reebok,RBK2100256645,RBK2100256645-L,3,144899.00,Campera Reebok
Reebok,RBK2100256645,RBK2100256645-XL,3,144899.00,Campera Reebok
Reebok,RBK2100256645,RBK2100256645-XXL,1,144899.00,Campera Reebok
Reebok,RBK2100239834,RBK2100239834-2XS,0,196599.00,Campera Reebok Animal Print Vector Track
Reebok,RBK2100239834,RBK2100239834-XS,6,196599.00,Campera Reebok Animal Print Vector Track
Reebok,RBK2100239834,RBK2100239834-S,4,196599.00,Campera Reebok Animal Print Vector Track
Reebok,RBK2100239834,RBK2100239834-M,8,196599.00,Campera Reebok Animal Print Vector Track
Reebok,RBK2100239834,RBK2100239834-L,8,196599.00,Campera Reebok Animal Print Vector Track
Reebok,RBK2100239834,RBK2100239834-XL,4,196599.00,Campera Reebok Animal Print Vector Track
Reebok,RBK2100239834,RBK2100239834-2XL,0,196599.00,Campera Reebok Animal Print Vector Track
Reebok,RBK2100239646,RBK2100239646-2XS,0,175899.00,Campera Reebok Archive
Reebok,RBK2100239646,RBK2100239646-XS,1,175899.00,Campera Reebok Archive
Reebok,RBK2100239646,RBK2100239646-S,1,175899.00,Campera Reebok Archive
Reebok,RBK2100239646,RBK2100239646-M,2,175899.00,Campera Reebok Archive
Reebok,RBK2100239646,RBK2100239646-L,3,175899.00,Campera Reebok Archive
Reebok,RBK2100239646,RBK2100239646-XL,4,175899.00,Campera Reebok Archive
Reebok,RBK2100239646,RBK2100239646-2XL,0,175899.00,Campera Reebok Archive
Reebok,RBK2100215045,RBK2100215045-2XS,0,134499.00,Campera Reebok Athlete Full Zip
Reebok,RBK2100215045,RBK2100215045-XS,2,134499.00,Campera Reebok Athlete Full Zip
Reebok,RBK2100215045,RBK2100215045-S,2,134499.00,Campera Reebok Athlete Full Zip
Reebok,RBK2100215045,RBK2100215045-M,2,134499.00,Campera Reebok Athlete Full Zip
Reebok,RBK2100215045,RBK2100215045-L,2,134499.00,Campera Reebok Athlete Full Zip
Reebok,RBK2100215045,RBK2100215045-XL,0,134499.00,Campera Reebok Athlete Full Zip
Reebok,RBK2100215045,RBK2100215045-2XL,1,134499.00,Campera Reebok Athlete Full Zip
Reebok,RBK2100240046,RBK2100240046-2XS,0,77599.00,Campera Reebok Bale 2 Track Top
Reebok,RBK2100240046,RBK2100240046-XS,2,77599.00,Campera Reebok Bale 2 Track Top
Reebok,RBK2100240046,RBK2100240046-S,0,77599.00,Campera Reebok Bale 2 Track Top
Reebok,RBK2100240046,RBK2100240046-M,0,77599.00,Campera Reebok Bale 2 Track Top
Reebok,RBK2100240046,RBK2100240046-L,2,77599.00,Campera Reebok Bale 2 Track Top
Reebok,RBK2100240046,RBK2100240046-XL,2,77599.00,Campera Reebok Bale 2 Track Top
Reebok,RBK2100240046,RBK2100240046-2XL,1,77599.00,Campera Reebok Bale 2 Track Top
Reebok,RBK2100221455,RBK2100221455-2XS,0,179099.00,Campera Reebok Básquet Off Court
Reebok,RBK2100221455,RBK2100221455-XS,1,179099.00,Campera Reebok Básquet Off Court
Reebok,RBK2100221455,RBK2100221455-S,1,179099.00,Campera Reebok Básquet Off Court
Reebok,RBK2100221455,RBK2100221455-L,2,179099.00,Campera Reebok Básquet Off Court
Reebok,RBK2100221455,RBK2100221455-M,1,179099.00,Campera Reebok Básquet Off Court
Reebok,RBK2100221455,RBK2100221455-2XL,0,179099.00,Campera Reebok Básquet Off Court
Reebok,RBK2100221455,RBK2100221455-XL,3,179099.00,Campera Reebok Básquet Off Court
Reebok,RBK2100254098,RBK2100254098-XS,2,134499.00,Campera Reebok bomber Dreamblend Spacer
Reebok,RBK2100254098,RBK2100254098-S,4,134499.00,Campera Reebok bomber Dreamblend Spacer
Reebok,RBK2100254098,RBK2100254098-M,6,134499.00,Campera Reebok bomber Dreamblend Spacer
Reebok,RBK2100254098,RBK2100254098-L,6,134499.00,Campera Reebok bomber Dreamblend Spacer
Reebok,RBK2100254098,RBK2100254098-XL,4,134499.00,Campera Reebok bomber Dreamblend Spacer
Reebok,RBK2100254098,RBK2100254098-XXL,0,134499.00,Campera Reebok bomber Dreamblend Spacer
Reebok,RBK2100254099,RBK2100254099-XS,2,134499.00,Campera Reebok bomber Dreamblend Spacer
Reebok,RBK2100254099,RBK2100254099-S,4,134499.00,Campera Reebok bomber Dreamblend Spacer
Reebok,RBK2100254099,RBK2100254099-M,5,134499.00,Campera Reebok bomber Dreamblend Spacer
Reebok,RBK2100254099,RBK2100254099-L,6,134499.00,Campera Reebok bomber Dreamblend Spacer
Reebok,RBK2100254099,RBK2100254099-XL,4,134499.00,Campera Reebok bomber Dreamblend Spacer
Reebok,RBK2100254099,RBK2100254099-XXL,2,134499.00,Campera Reebok bomber Dreamblend Spacer
Reebok,RBK2100239869,RBK2100239869-2XS,0,113799.00,Campera Reebok Brooklyn Cropped Flight
Reebok,RBK2100239869,RBK2100239869-XS,3,113799.00,Campera Reebok Brooklyn Cropped Flight
Reebok,RBK2100239869,RBK2100239869-S,1,113799.00,Campera Reebok Brooklyn Cropped Flight
Reebok,RBK2100239869,RBK2100239869-M,5,113799.00,Campera Reebok Brooklyn Cropped Flight
Reebok,RBK2100239869,RBK2100239869-L,2,113799.00,Campera Reebok Brooklyn Cropped Flight
Reebok,RBK2100239869,RBK2100239869-XL,2,113799.00,Campera Reebok Brooklyn Cropped Flight
Reebok,RBK2100239869,RBK2100239869-2XL,0,113799.00,Campera Reebok Brooklyn Cropped Flight
Reebok,RBK2100AR7684,RBK2100AR7684-2XL,2,129399.00,Campera Reebok Cápsula Fútbol 2024
Reebok,RBK2100AR7684,RBK2100AR7684-L,1,129399.00,Campera Reebok Cápsula Fútbol 2024
Reebok,RBK2100AR7684,RBK2100AR7684-M,2,129399.00,Campera Reebok Cápsula Fútbol 2024
Reebok,RBK2100AR7684,RBK2100AR7684-S,2,129399.00,Campera Reebok Cápsula Fútbol 2024
Reebok,RBK2100AR7684,RBK2100AR7684-XL,3,129399.00,Campera Reebok Cápsula Fútbol 2024
Reebok,RBK2100AR7684,RBK2100AR7684-XS,2,129399.00,Campera Reebok Cápsula Fútbol 2024
Reebok,RBK2100250910,RBK2100250910-2XS,0,150099.00,Campera Reebok CL F FR Tracktop
Reebok,RBK2100250910,RBK2100250910-XS,5,150099.00,Campera Reebok CL F FR Tracktop
Reebok,RBK2100250910,RBK2100250910-S,7,150099.00,Campera Reebok CL F FR Tracktop
Reebok,RBK2100250910,RBK2100250910-M,3,150099.00,Campera Reebok CL F FR Tracktop
Reebok,RBK2100250910,RBK2100250910-L,1,150099.00,Campera Reebok CL F FR Tracktop
Reebok,RBK2100250910,RBK2100250910-XL,0,150099.00,Campera Reebok CL F FR Tracktop
Reebok,RBK2100250910,RBK2100250910-2XL,0,150099.00,Campera Reebok CL F FR Tracktop
Reebok,RBK2100250911,RBK2100250911-2XS,0,150099.00,Campera Reebok CL F FR Tracktop
Reebok,RBK2100250911,RBK2100250911-XS,6,150099.00,Campera Reebok CL F FR Tracktop
Reebok,RBK2100250911,RBK2100250911-S,0,150099.00,Campera Reebok CL F FR Tracktop
Reebok,RBK2100250911,RBK2100250911-M,0,150099.00,Campera Reebok CL F FR Tracktop
Reebok,RBK2100250911,RBK2100250911-XL,0,150099.00,Campera Reebok CL F FR Tracktop
Reebok,RBK2100250911,RBK2100250911-L,0,150099.00,Campera Reebok CL F FR Tracktop
Reebok,RBK2100250911,RBK2100250911-2XL,4,150099.00,Campera Reebok CL F FR Tracktop
Reebok,RBK2100250914,RBK2100250914-2XS,0,150099.00,Campera Reebok CL F FR Tracktop
Reebok,RBK2100250914,RBK2100250914-XS,1,150099.00,Campera Reebok CL F FR Tracktop
Reebok,RBK2100250914,RBK2100250914-S,4,150099.00,Campera Reebok CL F FR Tracktop
Reebok,RBK2100250914,RBK2100250914-M,2,150099.00,Campera Reebok CL F FR Tracktop
Reebok,RBK2100250914,RBK2100250914-L,2,150099.00,Campera Reebok CL F FR Tracktop
Reebok,RBK2100250914,RBK2100250914-XL,5,150099.00,Campera Reebok CL F FR Tracktop
Reebok,RBK2100250914,RBK2100250914-2XL,4,150099.00,Campera Reebok CL F FR Tracktop
Reebok,RBK2100214427,RBK2100214427-2XS,2,99999.00,Campera Reebok Cl Tracktop
Reebok,RBK2100214427,RBK2100214427-XS,2,99999.00,Campera Reebok Cl Tracktop
Reebok,RBK2100214427,RBK2100214427-S,1,99999.00,Campera Reebok Cl Tracktop
Reebok,RBK2100214427,RBK2100214427-M,0,99999.00,Campera Reebok Cl Tracktop
Reebok,RBK2100214427,RBK2100214427-L,0,99999.00,Campera Reebok Cl Tracktop
Reebok,RBK2100214427,RBK2100214427-XL,0,99999.00,Campera Reebok Cl Tracktop
Reebok,RBK2100214427,RBK2100214427-2XL,0,99999.00,Campera Reebok Cl Tracktop
Reebok,RBK2100256643,RBK2100256643-XS,1,144899.00,Campera Reebok Classic Fr
Reebok,RBK2100256643,RBK2100256643-S,0,144899.00,Campera Reebok Classic Fr
Reebok,RBK2100256643,RBK2100256643-M,0,144899.00,Campera Reebok Classic Fr
Reebok,RBK2100256643,RBK2100256643-L,1,144899.00,Campera Reebok Classic Fr
Reebok,RBK2100256643,RBK2100256643-XL,0,144899.00,Campera Reebok Classic Fr
Reebok,RBK2100256643,RBK2100256643-XXL,0,144899.00,Campera Reebok Classic Fr
Reebok,RBK2100256647,RBK2100256647-XS,2,144899.00,Campera Reebok Classic Fr
Reebok,RBK2100256647,RBK2100256647-S,2,144899.00,Campera Reebok Classic Fr
Reebok,RBK2100256647,RBK2100256647-M,0,144899.00,Campera Reebok Classic Fr
Reebok,RBK2100256647,RBK2100256647-L,0,144899.00,Campera Reebok Classic Fr
Reebok,RBK2100256647,RBK2100256647-XL,2,144899.00,Campera Reebok Classic Fr
Reebok,RBK2100256647,RBK2100256647-XXL,1,144899.00,Campera Reebok Classic Fr
Reebok,RBK2100256644,RBK2100256644-XS,1,144899.00,Campera Reebok Classic Fr TrackTop
Reebok,RBK2100256644,RBK2100256644-S,1,144899.00,Campera Reebok Classic Fr TrackTop
Reebok,RBK2100256644,RBK2100256644-M,3,144899.00,Campera Reebok Classic Fr TrackTop
Reebok,RBK2100256644,RBK2100256644-L,3,144899.00,Campera Reebok Classic Fr TrackTop
Reebok,RBK2100256644,RBK2100256644-XL,3,144899.00,Campera Reebok Classic Fr TrackTop
Reebok,RBK2100256644,RBK2100256644-XXL,1,144899.00,Campera Reebok Classic Fr TrackTop
Reebok,RBK2100239863,RBK2100239863-XS,2,160399.00,Campera Reebok Classics Vector Track
Reebok,RBK2100239863,RBK2100239863-S,2,160399.00,Campera Reebok Classics Vector Track
Reebok,RBK2100239863,RBK2100239863-M,3,160399.00,Campera Reebok Classics Vector Track
Reebok,RBK2100239863,RBK2100239863-L,3,160399.00,Campera Reebok Classics Vector Track
Reebok,RBK2100239863,RBK2100239863-XL,2,160399.00,Campera Reebok Classics Vector Track
Reebok,RBK2100239863,RBK2100239863-XXL,0,160399.00,Campera Reebok Classics Vector Track
Reebok,RBK2100239681,RBK2100239681-2XS,0,165599.00,Campera Reebok Contrast Funnelneck
Reebok,RBK2100239681,RBK2100239681-XS,1,165599.00,Campera Reebok Contrast Funnelneck
Reebok,RBK2100239681,RBK2100239681-S,1,165599.00,Campera Reebok Contrast Funnelneck
Reebok,RBK2100239681,RBK2100239681-M,2,165599.00,Campera Reebok Contrast Funnelneck
Reebok,RBK2100239681,RBK2100239681-L,1,165599.00,Campera Reebok Contrast Funnelneck
Reebok,RBK2100239681,RBK2100239681-XL,4,165599.00,Campera Reebok Contrast Funnelneck
Reebok,RBK2100239681,RBK2100239681-2XL,1,165599.00,Campera Reebok Contrast Funnelneck
Reebok,RBK2100241748,RBK2100241748-2XS,0,87999.00,Campera Reebok Core Zip-Through
Reebok,RBK2100241748,RBK2100241748-XS,0,87999.00,Campera Reebok Core Zip-Through
Reebok,RBK2100241748,RBK2100241748-S,0,87999.00,Campera Reebok Core Zip-Through
Reebok,RBK2100241748,RBK2100241748-M,0,87999.00,Campera Reebok Core Zip-Through
Reebok,RBK2100241748,RBK2100241748-L,1,87999.00,Campera Reebok Core Zip-Through
Reebok,RBK2100241748,RBK2100241748-XL,0,87999.00,Campera Reebok Core Zip-Through
Reebok,RBK2100241748,RBK2100241748-2XL,0,87999.00,Campera Reebok Core Zip-Through
Reebok,RBK2100256608,RBK2100256608-XS,1,155199.00,Campera Reebok DreamBlend Spacer Vector
Reebok,RBK2100256608,RBK2100256608-S,4,155199.00,Campera Reebok DreamBlend Spacer Vector
Reebok,RBK2100256608,RBK2100256608-M,6,155199.00,Campera Reebok DreamBlend Spacer Vector
Reebok,RBK2100256608,RBK2100256608-L,3,155199.00,Campera Reebok DreamBlend Spacer Vector
Reebok,RBK2100256608,RBK2100256608-XL,6,155199.00,Campera Reebok DreamBlend Spacer Vector
Reebok,RBK2100256608,RBK2100256608-XXL,2,155199.00,Campera Reebok DreamBlend Spacer Vector
Reebok,RBK2100254013,RBK2100254013-XS,2,139699.00,Campera Reebok Heritage Cut
Reebok,RBK2100254013,RBK2100254013-S,4,139699.00,Campera Reebok Heritage Cut
Reebok,RBK2100254013,RBK2100254013-M,6,139699.00,Campera Reebok Heritage Cut
Reebok,RBK2100254013,RBK2100254013-L,6,139699.00,Campera Reebok Heritage Cut
Reebok,RBK2100254013,RBK2100254013-XL,3,139699.00,Campera Reebok Heritage Cut
Reebok,RBK2100254013,RBK2100254013-XXL,2,139699.00,Campera Reebok Heritage Cut
Reebok,RBK2100250905,RBK2100250905-XS,3,144899.00,Campera Reebok Icon Classic
Reebok,RBK2100250905,RBK2100250905-S,3,144899.00,Campera Reebok Icon Classic
Reebok,RBK2100250905,RBK2100250905-M,2,144899.00,Campera Reebok Icon Classic
Reebok,RBK2100250905,RBK2100250905-L,2,144899.00,Campera Reebok Icon Classic
Reebok,RBK2100250905,RBK2100250905-XL,1,144899.00,Campera Reebok Icon Classic
Reebok,RBK2100250905,RBK2100250905-XXL,1,144899.00,Campera Reebok Icon Classic
Reebok,RBK2100221811,RBK2100221811-2XS,0,103499.00,Campera Reebok Identity SL Fleece Full Zip
Reebok,RBK2100221811,RBK2100221811-XS,1,103499.00,Campera Reebok Identity SL Fleece Full Zip
Reebok,RBK2100221811,RBK2100221811-S,2,103499.00,Campera Reebok Identity SL Fleece Full Zip
Reebok,RBK2100221811,RBK2100221811-L,2,103499.00,Campera Reebok Identity SL Fleece Full Zip
Reebok,RBK2100221811,RBK2100221811-M,3,103499.00,Campera Reebok Identity SL Fleece Full Zip
Reebok,RBK2100221811,RBK2100221811-2XL,0,103499.00,Campera Reebok Identity SL Fleece Full Zip
Reebok,RBK2100221811,RBK2100221811-XL,3,103499.00,Campera Reebok Identity SL Fleece Full Zip
Reebok,RBK2100202937,RBK2100202937-2XS,0,88999.00,Campera Reebok Identity SL Fleece Fz
Reebok,RBK2100202937,RBK2100202937-XS,2,88999.00,Campera Reebok Identity SL Fleece Fz
Reebok,RBK2100202937,RBK2100202937-M,0,88999.00,Campera Reebok Identity SL Fleece Fz
Reebok,RBK2100202937,RBK2100202937-L,0,88999.00,Campera Reebok Identity SL Fleece Fz
Reebok,RBK2100202937,RBK2100202937-2XL,2,88999.00,Campera Reebok Identity SL Fleece Fz
Reebok,RBK2100202937,RBK2100202937-XL,2,88999.00,Campera Reebok Identity SL Fleece Fz
Reebok,RBK2100221533,RBK2100221533-2XS,0,103499.00,Campera Reebok Identity SL Fleece FZ
Reebok,RBK2100221533,RBK2100221533-XS,2,103499.00,Campera Reebok Identity SL Fleece FZ
Reebok,RBK2100221533,RBK2100221533-S,0,103499.00,Campera Reebok Identity SL Fleece FZ
Reebok,RBK2100221533,RBK2100221533-L,3,103499.00,Campera Reebok Identity SL Fleece FZ
Reebok,RBK2100221533,RBK2100221533-M,2,103499.00,Campera Reebok Identity SL Fleece FZ
Reebok,RBK2100221533,RBK2100221533-2XL,0,103499.00,Campera Reebok Identity SL Fleece FZ
Reebok,RBK2100221533,RBK2100221533-XL,3,103499.00,Campera Reebok Identity SL Fleece FZ
Reebok,RBK2100221809,RBK2100221809-2XS,0,103499.00,Campera Reebok Identity SL Frecce FZ
Reebok,RBK2100221809,RBK2100221809-XS,1,103499.00,Campera Reebok Identity SL Frecce FZ
Reebok,RBK2100221809,RBK2100221809-S,0,103499.00,Campera Reebok Identity SL Frecce FZ
Reebok,RBK2100221809,RBK2100221809-M,0,103499.00,Campera Reebok Identity SL Frecce FZ
Reebok,RBK2100221809,RBK2100221809-XL,1,103499.00,Campera Reebok Identity SL Frecce FZ
Reebok,RBK2100221809,RBK2100221809-L,0,103499.00,Campera Reebok Identity SL Frecce FZ
Reebok,RBK2100221809,RBK2100221809-2XL,1,103499.00,Campera Reebok Identity SL Frecce FZ
Reebok,RBK2100239687,RBK2100239687-XS,1,108699.00,Campera Reebok Jude
Reebok,RBK2100239687,RBK2100239687-S,1,108699.00,Campera Reebok Jude
Reebok,RBK2100239687,RBK2100239687-M,2,108699.00,Campera Reebok Jude
Reebok,RBK2100239687,RBK2100239687-L,3,108699.00,Campera Reebok Jude
Reebok,RBK2100239687,RBK2100239687-XL,3,108699.00,Campera Reebok Jude
Reebok,RBK2100239687,RBK2100239687-XXL,2,108699.00,Campera Reebok Jude
Reebok,RBK2100239686,RBK2100239686-XS,1,108699.00,Campera Reebok Jude Sretch
Reebok,RBK2100239686,RBK2100239686-S,1,108699.00,Campera Reebok Jude Sretch
Reebok,RBK2100239686,RBK2100239686-M,1,108699.00,Campera Reebok Jude Sretch
Reebok,RBK2100239686,RBK2100239686-L,2,108699.00,Campera Reebok Jude Sretch
Reebok,RBK2100239686,RBK2100239686-XL,0,108699.00,Campera Reebok Jude Sretch
Reebok,RBK2100239686,RBK2100239686-XXL,4,108699.00,Campera Reebok Jude Sretch
Reebok,RBK2100241738,RBK2100241738-XS,1,156299.00,Campera Reebok Miles Running
Reebok,RBK2100241738,RBK2100241738-S,2,156299.00,Campera Reebok Miles Running
Reebok,RBK2100241738,RBK2100241738-M,3,156299.00,Campera Reebok Miles Running
Reebok,RBK2100241738,RBK2100241738-L,2,156299.00,Campera Reebok Miles Running
Reebok,RBK2100241738,RBK2100241738-XL,0,156299.00,Campera Reebok Miles Running
Reebok,RBK2100241738,RBK2100241738-XXL,1,156299.00,Campera Reebok Miles Running
Reebok,RBK2100240042,RBK2100240042-L,5,77599.00,Campera Reebok Owen Small Logo
Reebok,RBK2100240042,RBK2100240042-M,0,77599.00,Campera Reebok Owen Small Logo
Reebok,RBK2100240042,RBK2100240042-S,0,77599.00,Campera Reebok Owen Small Logo
Reebok,RBK2100240042,RBK2100240042-XL,7,77599.00,Campera Reebok Owen Small Logo
Reebok,RBK2100240042,RBK2100240042-XS,4,77599.00,Campera Reebok Owen Small Logo
Reebok,RBK2100240042,RBK2100240042-XXL,2,77599.00,Campera Reebok Owen Small Logo
Reebok,RBK2100256695,RBK2100256695-XS,1,144899.00,Campera Reebok Shooting
Reebok,RBK2100256695,RBK2100256695-S,2,144899.00,Campera Reebok Shooting
Reebok,RBK2100256695,RBK2100256695-M,3,144899.00,Campera Reebok Shooting
Reebok,RBK2100256695,RBK2100256695-L,0,144899.00,Campera Reebok Shooting
Reebok,RBK2100256695,RBK2100256695-XL,2,144899.00,Campera Reebok Shooting
Reebok,RBK2100256695,RBK2100256695-XXL,2,144899.00,Campera Reebok Shooting
Reebok,RBK2100256696,RBK2100256696-XS,1,144899.00,Campera Reebok Shooting
Reebok,RBK2100256696,RBK2100256696-S,2,144899.00,Campera Reebok Shooting
Reebok,RBK2100256696,RBK2100256696-M,2,144899.00,Campera Reebok Shooting
Reebok,RBK2100256696,RBK2100256696-L,3,144899.00,Campera Reebok Shooting
Reebok,RBK2100256696,RBK2100256696-XL,3,144899.00,Campera Reebok Shooting
Reebok,RBK2100256696,RBK2100256696-XXL,2,144899.00,Campera Reebok Shooting
Reebok,RBK2100070847,RBK2100070847-2XS,0,134499.00,Campera Reebok Speed
Reebok,RBK2100070847,RBK2100070847-XS,3,134499.00,Campera Reebok Speed
Reebok,RBK2100070847,RBK2100070847-S,7,134499.00,Campera Reebok Speed
Reebok,RBK2100070847,RBK2100070847-M,0,134499.00,Campera Reebok Speed
Reebok,RBK2100070847,RBK2100070847-L,0,134499.00,Campera Reebok Speed
Reebok,RBK2100070847,RBK2100070847-XL,1,134499.00,Campera Reebok Speed
Reebok,RBK2100070847,RBK2100070847-2XL,1,134499.00,Campera Reebok Speed
Reebok,RBK2100253839,RBK2100253839-XS,2,150099.00,Campera Reebok Street Sport
Reebok,RBK2100253839,RBK2100253839-S,3,150099.00,Campera Reebok Street Sport
Reebok,RBK2100253839,RBK2100253839-M,4,150099.00,Campera Reebok Street Sport
Reebok,RBK2100253839,RBK2100253839-L,6,150099.00,Campera Reebok Street Sport
Reebok,RBK2100253839,RBK2100253839-XL,5,150099.00,Campera Reebok Street Sport
Reebok,RBK2100256226,RBK2100256226-XS,2,170799.00,Campera Reebok Street Sport Vector Icon Track
Reebok,RBK2100256226,RBK2100256226-S,4,170799.00,Campera Reebok Street Sport Vector Icon Track
Reebok,RBK2100256226,RBK2100256226-M,6,170799.00,Campera Reebok Street Sport Vector Icon Track
Reebok,RBK2100256226,RBK2100256226-L,6,170799.00,Campera Reebok Street Sport Vector Icon Track
Reebok,RBK2100256226,RBK2100256226-XL,4,170799.00,Campera Reebok Street Sport Vector Icon Track
Reebok,RBK2100256226,RBK2100256226-XXL,2,170799.00,Campera Reebok Street Sport Vector Icon Track
Reebok,RBK2100206043,RBK2100206043-2XS,0,144899.00,Campera Reebok Tracktop
Reebok,RBK2100206043,RBK2100206043-XS,2,144899.00,Campera Reebok Tracktop
Reebok,RBK2100206043,RBK2100206043-S,1,144899.00,Campera Reebok Tracktop
Reebok,RBK2100206043,RBK2100206043-M,0,144899.00,Campera Reebok Tracktop
Reebok,RBK2100206043,RBK2100206043-L,5,144899.00,Campera Reebok Tracktop
Reebok,RBK2100206043,RBK2100206043-XL,4,144899.00,Campera Reebok Tracktop
Reebok,RBK2100206043,RBK2100206043-2XL,2,144899.00,Campera Reebok Tracktop
Reebok,RBK2100206048,RBK2100206048-2XS,0,144899.00,Campera Reebok Tracktop
Reebok,RBK2100206048,RBK2100206048-XS,1,144899.00,Campera Reebok Tracktop
Reebok,RBK2100206048,RBK2100206048-S,0,144899.00,Campera Reebok Tracktop
Reebok,RBK2100206048,RBK2100206048-M,0,144899.00,Campera Reebok Tracktop
Reebok,RBK2100206048,RBK2100206048-L,0,144899.00,Campera Reebok Tracktop
Reebok,RBK2100206048,RBK2100206048-XL,0,144899.00,Campera Reebok Tracktop
Reebok,RBK2100206048,RBK2100206048-2XL,1,144899.00,Campera Reebok Tracktop
Reebok,RBK2100215098,RBK2100215098-2XS,0,144899.00,Campera Reebok Training Lab Tech
Reebok,RBK2100215098,RBK2100215098-XS,2,144899.00,Campera Reebok Training Lab Tech
Reebok,RBK2100215098,RBK2100215098-S,0,144899.00,Campera Reebok Training Lab Tech
Reebok,RBK2100215098,RBK2100215098-L,0,144899.00,Campera Reebok Training Lab Tech
Reebok,RBK2100215098,RBK2100215098-M,0,144899.00,Campera Reebok Training Lab Tech
Reebok,RBK2100215098,RBK2100215098-2XL,0,144899.00,Campera Reebok Training Lab Tech
Reebok,RBK2100215098,RBK2100215098-XL,0,144899.00,Campera Reebok Training Lab Tech
Reebok,RBK2100242231,RBK2100242231-XS,2,134499.00,Campera Reebok Ultra Comfort
Reebok,RBK2100242231,RBK2100242231-S,4,134499.00,Campera Reebok Ultra Comfort
Reebok,RBK2100242231,RBK2100242231-M,1,134499.00,Campera Reebok Ultra Comfort
Reebok,RBK2100242231,RBK2100242231-L,3,134499.00,Campera Reebok Ultra Comfort
Reebok,RBK2100242231,RBK2100242231-XL,4,134499.00,Campera Reebok Ultra Comfort
Reebok,RBK2100242231,RBK2100242231-XXL,0,134499.00,Campera Reebok Ultra Comfort
Reebok,RBK2100063702,RBK2100063702-XS,2,77599.00,Campera Reebok Vector Knit
Reebok,RBK2100063702,RBK2100063702-M,0,77599.00,Campera Reebok Vector Knit
Reebok,RBK2100063702,RBK2100063702-L,0,77599.00,Campera Reebok Vector Knit
Reebok,RBK2100063702,RBK2100063702-XL,3,77599.00,Campera Reebok Vector Knit
Reebok,RBK2100063702,RBK2100063702-2XL,0,77599.00,Campera Reebok Vector Knit
Reebok,RBK2100063702,RBK2100063702-S,1,77599.00,Campera Reebok Vector Knit
Reebok,RBK2100221567,RBK2100221567-2XS,0,134499.00,Campera Reebok Vector Open Hem
Reebok,RBK2100221567,RBK2100221567-XS,2,134499.00,Campera Reebok Vector Open Hem
Reebok,RBK2100221567,RBK2100221567-S,1,134499.00,Campera Reebok Vector Open Hem
Reebok,RBK2100221567,RBK2100221567-M,2,134499.00,Campera Reebok Vector Open Hem
Reebok,RBK2100221567,RBK2100221567-L,2,134499.00,Campera Reebok Vector Open Hem
Reebok,RBK2100221567,RBK2100221567-XL,2,134499.00,Campera Reebok Vector Open Hem
Reebok,RBK2100221567,RBK2100221567-2XL,0,134499.00,Campera Reebok Vector Open Hem
Reebok,RBK2100239862,RBK2100239862-XS,2,160399.00,Campera Reebok Vector Track Top
Reebok,RBK2100239862,RBK2100239862-S,2,160399.00,Campera Reebok Vector Track Top
Reebok,RBK2100239862,RBK2100239862-L,2,160399.00,Campera Reebok Vector Track Top
Reebok,RBK2100239862,RBK2100239862-M,3,160399.00,Campera Reebok Vector Track Top
Reebok,RBK2100239862,RBK2100239862-XL,2,160399.00,Campera Reebok Vector Track Top
Reebok,RBK2100239862,RBK2100239862-XXL,0,160399.00,Campera Reebok Vector Track Top
Reebok,RBK2100253930,RBK2100253930-XS,1,139699.00,Campera Reebok Vector Track Top
Reebok,RBK2100253930,RBK2100253930-S,4,139699.00,Campera Reebok Vector Track Top
Reebok,RBK2100253930,RBK2100253930-M,2,139699.00,Campera Reebok Vector Track Top
Reebok,RBK2100253930,RBK2100253930-L,6,139699.00,Campera Reebok Vector Track Top
Reebok,RBK2100253930,RBK2100253930-XL,4,139699.00,Campera Reebok Vector Track Top
Reebok,RBK2100253930,RBK2100253930-XXL,2,139699.00,Campera Reebok Vector Track Top
Reebok,RBK2100253932,RBK2100253932-XS,7,139699.00,Campera Reebok Vector Track Top
Reebok,RBK2100253932,RBK2100253932-S,7,139699.00,Campera Reebok Vector Track Top
Reebok,RBK2100253932,RBK2100253932-M,6,139699.00,Campera Reebok Vector Track Top
Reebok,RBK2100253932,RBK2100253932-L,7,139699.00,Campera Reebok Vector Track Top
Reebok,RBK2100253932,RBK2100253932-XL,9,139699.00,Campera Reebok Vector Track Top
Reebok,RBK2100253932,RBK2100253932-XXL,7,139699.00,Campera Reebok Vector Track Top
Reebok,RBK2100215495,RBK2100215495-2XS,0,134499.00,Campera Reebok Woven Top
Reebok,RBK2100215495,RBK2100215495-XS,2,134499.00,Campera Reebok Woven Top
Reebok,RBK2100215495,RBK2100215495-S,0,134499.00,Campera Reebok Woven Top
Reebok,RBK2100215495,RBK2100215495-M,0,134499.00,Campera Reebok Woven Top
Reebok,RBK2100215495,RBK2100215495-XL,0,134499.00,Campera Reebok Woven Top
Reebok,RBK2100215495,RBK2100215495-L,0,134499.00,Campera Reebok Woven Top
Reebok,RBK2100215495,RBK2100215495-2XL,2,134499.00,Campera Reebok Woven Top
Reebok,RBK2100215496,RBK2100215496-2XS,0,134499.00,Campera Reebok Woven Top
Reebok,RBK2100215496,RBK2100215496-XS,2,134499.00,Campera Reebok Woven Top
Reebok,RBK2100215496,RBK2100215496-S,0,134499.00,Campera Reebok Woven Top
Reebok,RBK2100215496,RBK2100215496-M,0,134499.00,Campera Reebok Woven Top
Reebok,RBK2100215496,RBK2100215496-L,2,134499.00,Campera Reebok Woven Top
Reebok,RBK2100215496,RBK2100215496-XL,4,134499.00,Campera Reebok Woven Top
Reebok,RBK2100215496,RBK2100215496-2XL,3,134499.00,Campera Reebok Woven Top
Reebok,RBK2100240318,RBK2100240318-XS,1,165599.00,Campera Reebok Zip Hoody Mix
Reebok,RBK2100240318,RBK2100240318-S,1,165599.00,Campera Reebok Zip Hoody Mix
Reebok,RBK2100240318,RBK2100240318-M,2,165599.00,Campera Reebok Zip Hoody Mix
Reebok,RBK2100240318,RBK2100240318-L,1,165599.00,Campera Reebok Zip Hoody Mix
Reebok,RBK2100240318,RBK2100240318-XL,1,165599.00,Campera Reebok Zip Hoody Mix
Reebok,RBK2100240318,RBK2100240318-XXL,1,165599.00,Campera Reebok Zip Hoody Mix
Reebok,RBK2100239881,RBK2100239881-2XL,0,124199.00,Campera Reebok Zip Track
Reebok,RBK2100239881,RBK2100239881-2XS,0,124199.00,Campera Reebok Zip Track
Reebok,RBK2100239881,RBK2100239881-L,4,124199.00,Campera Reebok Zip Track
Reebok,RBK2100239881,RBK2100239881-M,3,124199.00,Campera Reebok Zip Track
Reebok,RBK2100239881,RBK2100239881-S,2,124199.00,Campera Reebok Zip Track
Reebok,RBK2100239881,RBK2100239881-XL,1,124199.00,Campera Reebok Zip Track
Reebok,RBK2100239881,RBK2100239881-XS,2,124199.00,Campera Reebok Zip Track
Reebok,RBK2100215544,RBK2100215544-2XS,0,103499.00,Campera Running Woven
Reebok,RBK2100215544,RBK2100215544-XS,2,103499.00,Campera Running Woven
Reebok,RBK2100215544,RBK2100215544-S,0,103499.00,Campera Running Woven
Reebok,RBK2100215544,RBK2100215544-M,0,103499.00,Campera Running Woven
Reebok,RBK2100215544,RBK2100215544-XL,0,103499.00,Campera Running Woven
Reebok,RBK2100215544,RBK2100215544-L,0,103499.00,Campera Running Woven
Reebok,RBK2100215544,RBK2100215544-2XL,1,103499.00,Campera Running Woven
Reebok,RBK2100215044,RBK2100215044-2XS,0,134499.00,Campera Running Woven
Reebok,RBK2100215044,RBK2100215044-XS,2,134499.00,Campera Running Woven
Reebok,RBK2100215044,RBK2100215044-S,0,134499.00,Campera Running Woven
Reebok,RBK2100215044,RBK2100215044-M,0,134499.00,Campera Running Woven
Reebok,RBK2100215044,RBK2100215044-L,2,134499.00,Campera Running Woven
Reebok,RBK2100215044,RBK2100215044-XL,2,134499.00,Campera Running Woven
Reebok,RBK2100215044,RBK2100215044-2XL,1,134499.00,Campera Running Woven
Reebok,RBK2100075618,RBK2100075618-2XS,0,103499.00,Campera Running Woven Wind
Reebok,RBK2100075618,RBK2100075618-XS,0,103499.00,Campera Running Woven Wind
Reebok,RBK2100075618,RBK2100075618-S,0,103499.00,Campera Running Woven Wind
Reebok,RBK2100075618,RBK2100075618-M,0,103499.00,Campera Running Woven Wind
Reebok,RBK2100075618,RBK2100075618-L,0,103499.00,Campera Running Woven Wind
Reebok,RBK2100075618,RBK2100075618-XL,0,103499.00,Campera Running Woven Wind
Reebok,RBK2100075618,RBK2100075618-2XL,1,103499.00,Campera Running Woven Wind
Reebok,RBK2100070358,RBK2100070358-2XS,0,134499.00,Campera Speed
Reebok,RBK2100070358,RBK2100070358-XS,2,134499.00,Campera Speed
Reebok,RBK2100070358,RBK2100070358-S,0,134499.00,Campera Speed
Reebok,RBK2100070358,RBK2100070358-M,0,134499.00,Campera Speed
Reebok,RBK2100070358,RBK2100070358-L,0,134499.00,Campera Speed
Reebok,RBK2100070358,RBK2100070358-XL,0,134499.00,Campera Speed
Reebok,RBK2100070358,RBK2100070358-2XL,0,134499.00,Campera Speed
Reebok,RBK2100256606,RBK2100256606-XS,2,175899.00,Campera Street Sport Vector Icon
Reebok,RBK2100256606,RBK2100256606-S,3,175899.00,Campera Street Sport Vector Icon
Reebok,RBK2100256606,RBK2100256606-M,5,175899.00,Campera Street Sport Vector Icon
Reebok,RBK2100256606,RBK2100256606-L,5,175899.00,Campera Street Sport Vector Icon
Reebok,RBK2100256606,RBK2100256606-XL,5,175899.00,Campera Street Sport Vector Icon
Reebok,RBK2100256606,RBK2100256606-XXL,0,175899.00,Campera Street Sport Vector Icon
Reebok,RBK2100239655,RBK2100239655-2XS,0,144899.00,Campera Track Colour Block
Reebok,RBK2100239655,RBK2100239655-XS,7,144899.00,Campera Track Colour Block
Reebok,RBK2100239655,RBK2100239655-S,6,144899.00,Campera Track Colour Block
Reebok,RBK2100239655,RBK2100239655-M,7,144899.00,Campera Track Colour Block
Reebok,RBK2100239655,RBK2100239655-L,7,144899.00,Campera Track Colour Block
Reebok,RBK2100239655,RBK2100239655-XL,6,144899.00,Campera Track Colour Block
Reebok,RBK2100239655,RBK2100239655-2XL,4,144899.00,Campera Track Colour Block
Reebok,RBK2100239623,RBK2100239623-XS,1,186299.00,Campera Track Cut And Sew
Reebok,RBK2100239623,RBK2100239623-S,2,186299.00,Campera Track Cut And Sew
Reebok,RBK2100239623,RBK2100239623-M,7,186299.00,Campera Track Cut And Sew
Reebok,RBK2100239623,RBK2100239623-L,2,186299.00,Campera Track Cut And Sew
Reebok,RBK2100239623,RBK2100239623-XL,6,186299.00,Campera Track Cut And Sew
Reebok,RBK2100239623,RBK2100239623-XXL,4,186299.00,Campera Track Cut And Sew
Reebok,RBK2100239804,RBK2100239804-XS,1,181099.00,Conjunto Reebok Alexander
Reebok,RBK2100239804,RBK2100239804-S,1,181099.00,Conjunto Reebok Alexander
Reebok,RBK2100239804,RBK2100239804-M,2,181099.00,Conjunto Reebok Alexander
Reebok,RBK2100239804,RBK2100239804-L,3,181099.00,Conjunto Reebok Alexander
Reebok,RBK2100239804,RBK2100239804-XL,3,181099.00,Conjunto Reebok Alexander
Reebok,RBK2100239804,RBK2100239804-2XL,2,181099.00,Conjunto Reebok Alexander
Reebok,RBK2100239818,RBK2100239818-XS,3,159999.00,Conjunto Reebok Claxon
Reebok,RBK2100239818,RBK2100239818-S,2,159999.00,Conjunto Reebok Claxon
Reebok,RBK2100239818,RBK2100239818-M,5,159999.00,Conjunto Reebok Claxon
Reebok,RBK2100239818,RBK2100239818-L,0,159999.00,Conjunto Reebok Claxon
Reebok,RBK2100239818,RBK2100239818-XL,3,159999.00,Conjunto Reebok Claxon
Reebok,RBK2100239818,RBK2100239818-2XL,5,159999.00,Conjunto Reebok Claxon
Reebok,RBK2100239820,RBK2100239820-XS,2,159999.00,Conjunto Reebok Claxon
Reebok,RBK2100239820,RBK2100239820-S,1,159999.00,Conjunto Reebok Claxon
Reebok,RBK2100239820,RBK2100239820-M,2,159999.00,Conjunto Reebok Claxon
Reebok,RBK2100239820,RBK2100239820-L,1,159999.00,Conjunto Reebok Claxon
Reebok,RBK2100239820,RBK2100239820-XL,3,159999.00,Conjunto Reebok Claxon
Reebok,RBK2100239820,RBK2100239820-2XL,2,159999.00,Conjunto Reebok Claxon
Reebok,RBK2100239934,RBK2100239934-XS,2,165599.00,Conjunto Reebok Justine Piping 2
Reebok,RBK2100239934,RBK2100239934-S,2,165599.00,Conjunto Reebok Justine Piping 2
Reebok,RBK2100239934,RBK2100239934-M,1,165599.00,Conjunto Reebok Justine Piping 2
Reebok,RBK2100239934,RBK2100239934-L,0,165599.00,Conjunto Reebok Justine Piping 2
Reebok,RBK2100239934,RBK2100239934-XL,2,165599.00,Conjunto Reebok Justine Piping 2
Reebok,RBK2100239934,RBK2100239934-XXL,0,165599.00,Conjunto Reebok Justine Piping 2
Reebok,RBK2100239823,RBK2100239823-XS,1,175899.00,Conjunto Reebok Razor Piping
Reebok,RBK2100239823,RBK2100239823-S,1,175899.00,Conjunto Reebok Razor Piping
Reebok,RBK2100239823,RBK2100239823-M,2,175899.00,Conjunto Reebok Razor Piping
Reebok,RBK2100239823,RBK2100239823-L,0,175899.00,Conjunto Reebok Razor Piping
Reebok,RBK2100239823,RBK2100239823-XL,3,175899.00,Conjunto Reebok Razor Piping
Reebok,RBK2100239823,RBK2100239823-XXL,3,175899.00,Conjunto Reebok Razor Piping
Reebok,RBK2100239827,RBK2100239827-XS,4,175899.00,Conjunto Reebok Razor Piping
Reebok,RBK2100239827,RBK2100239827-S,3,175899.00,Conjunto Reebok Razor Piping
Reebok,RBK2100239827,RBK2100239827-M,3,175899.00,Conjunto Reebok Razor Piping
Reebok,RBK2100239827,RBK2100239827-L,2,175899.00,Conjunto Reebok Razor Piping
Reebok,RBK2100239827,RBK2100239827-XL,4,175899.00,Conjunto Reebok Razor Piping
Reebok,RBK2100239827,RBK2100239827-XXL,1,175899.00,Conjunto Reebok Razor Piping
Reebok,RBK2100240098,RBK2100240098-2XS,0,118999.00,Jogger Core Reebok
Reebok,RBK2100240098,RBK2100240098-XS,1,118999.00,Jogger Core Reebok
Reebok,RBK2100240098,RBK2100240098-S,0,118999.00,Jogger Core Reebok
Reebok,RBK2100240098,RBK2100240098-M,0,118999.00,Jogger Core Reebok
Reebok,RBK2100240098,RBK2100240098-L,0,118999.00,Jogger Core Reebok
Reebok,RBK2100240098,RBK2100240098-XL,0,118999.00,Jogger Core Reebok
Reebok,RBK2100240098,RBK2100240098-2XL,5,118999.00,Jogger Core Reebok
Reebok,RBK2100240054,RBK2100240054-2XS,0,139699.00,Jogger Cut And Sew Track
Reebok,RBK2100240054,RBK2100240054-XS,6,139699.00,Jogger Cut And Sew Track
Reebok,RBK2100240054,RBK2100240054-S,3,139699.00,Jogger Cut And Sew Track
Reebok,RBK2100240054,RBK2100240054-M,6,139699.00,Jogger Cut And Sew Track
Reebok,RBK2100240054,RBK2100240054-L,5,139699.00,Jogger Cut And Sew Track
Reebok,RBK2100240054,RBK2100240054-XL,6,139699.00,Jogger Cut And Sew Track
Reebok,RBK2100240054,RBK2100240054-2XL,4,139699.00,Jogger Cut And Sew Track
Reebok,RBK2100240071,RBK2100240071-2XS,0,118999.00,Jogger Reebok Colour-Block Track Vector Navy
Reebok,RBK2100240071,RBK2100240071-XS,0,118999.00,Jogger Reebok Colour-Block Track Vector Navy
Reebok,RBK2100240071,RBK2100240071-S,0,118999.00,Jogger Reebok Colour-Block Track Vector Navy
Reebok,RBK2100240071,RBK2100240071-M,1,118999.00,Jogger Reebok Colour-Block Track Vector Navy
Reebok,RBK2100240071,RBK2100240071-L,0,118999.00,Jogger Reebok Colour-Block Track Vector Navy
Reebok,RBK2100240071,RBK2100240071-XL,2,118999.00,Jogger Reebok Colour-Block Track Vector Navy
Reebok,RBK2100240071,RBK2100240071-2XL,3,118999.00,Jogger Reebok Colour-Block Track Vector Navy
Reebok,RBK2100240100,RBK2100240100-2XS,0,118999.00,Jogger Reebok Core Grey
Reebok,RBK2100240100,RBK2100240100-XS,1,118999.00,Jogger Reebok Core Grey
Reebok,RBK2100240100,RBK2100240100-S,0,118999.00,Jogger Reebok Core Grey
Reebok,RBK2100240100,RBK2100240100-M,2,118999.00,Jogger Reebok Core Grey
Reebok,RBK2100240100,RBK2100240100-L,5,118999.00,Jogger Reebok Core Grey
Reebok,RBK2100240100,RBK2100240100-XL,2,118999.00,Jogger Reebok Core Grey
Reebok,RBK2100240100,RBK2100240100-2XL,6,118999.00,Jogger Reebok Core Grey
Reebok,RBK2100240056,RBK2100240056-2XS,0,139699.00,Jogger Reebok Cuff
Reebok,RBK2100240056,RBK2100240056-XS,1,139699.00,Jogger Reebok Cuff
Reebok,RBK2100240056,RBK2100240056-S,1,139699.00,Jogger Reebok Cuff
Reebok,RBK2100240056,RBK2100240056-M,2,139699.00,Jogger Reebok Cuff
Reebok,RBK2100240056,RBK2100240056-L,4,139699.00,Jogger Reebok Cuff
Reebok,RBK2100240056,RBK2100240056-XL,2,139699.00,Jogger Reebok Cuff
Reebok,RBK2100240056,RBK2100240056-2XL,4,139699.00,Jogger Reebok Cuff
Reebok,RBK2100035425,RBK2100035425-2XS,0,82799.00,Lux Strappy Dress
Reebok,RBK2100035425,RBK2100035425-XS,0,82799.00,Lux Strappy Dress
Reebok,RBK2100035425,RBK2100035425-S,1,82799.00,Lux Strappy Dress
Reebok,RBK2100035425,RBK2100035425-M,0,82799.00,Lux Strappy Dress
Reebok,RBK2100035425,RBK2100035425-L,0,82799.00,Lux Strappy Dress
Reebok,RBK2100035425,RBK2100035425-XL,1,82799.00,Lux Strappy Dress
Reebok,RBK2100035425,RBK2100035425-2XL,0,82799.00,Lux Strappy Dress
Reebok,RBK2100035425,RBK2100035425-N SZ,0,82799.00,Lux Strappy Dress
Reebok,RBK2100035425,RBK2100035425-SMEF,0,82799.00,Lux Strappy Dress
Reebok,RBK2100222363,RBK2100222363-2XS,0,39299.00,Manga Ers Perform Sleeve
Reebok,RBK2100222363,RBK2100222363-XS,1,39299.00,Manga Ers Perform Sleeve
Reebok,RBK2100222363,RBK2100222363-S,2,39299.00,Manga Ers Perform Sleeve
Reebok,RBK2100222363,RBK2100222363-L,3,39299.00,Manga Ers Perform Sleeve
Reebok,RBK2100222363,RBK2100222363-M,3,39299.00,Manga Ers Perform Sleeve
Reebok,RBK2100222363,RBK2100222363-2XL,1,39299.00,Manga Ers Perform Sleeve
Reebok,RBK2100222363,RBK2100222363-XL,2,39299.00,Manga Ers Perform Sleeve
Reebok,RBK2100242056,RBK2100242056-2XL,0,39299.00,Musculosa BB Oh Mesh
Reebok,RBK2100242056,RBK2100242056-2XS,0,39299.00,Musculosa BB Oh Mesh
Reebok,RBK2100242056,RBK2100242056-L,0,39299.00,Musculosa BB Oh Mesh
Reebok,RBK2100242056,RBK2100242056-M,0,39299.00,Musculosa BB Oh Mesh
Reebok,RBK2100242056,RBK2100242056-S,3,39299.00,Musculosa BB Oh Mesh
Reebok,RBK2100242056,RBK2100242056-XL,0,39299.00,Musculosa BB Oh Mesh
Reebok,RBK2100242056,RBK2100242056-XS,3,39299.00,Musculosa BB Oh Mesh
Reebok,RBK2100244286,RBK2100244286-2XS,0,55899.00,Musculosa Cross Back Running
Reebok,RBK2100244286,RBK2100244286-XS,2,55899.00,Musculosa Cross Back Running
Reebok,RBK2100244286,RBK2100244286-S,1,55899.00,Musculosa Cross Back Running
Reebok,RBK2100244286,RBK2100244286-M,3,55899.00,Musculosa Cross Back Running
Reebok,RBK2100244286,RBK2100244286-L,1,55899.00,Musculosa Cross Back Running
Reebok,RBK2100244286,RBK2100244286-XL,1,55899.00,Musculosa Cross Back Running
Reebok,RBK2100244286,RBK2100244286-2XL,0,55899.00,Musculosa Cross Back Running
Reebok,RBK21000AR4008,RBK21000AR4008-2XS,0,33099.00,Musculosa Gs Tank Vector Reebok
Reebok,RBK21000AR4008,RBK21000AR4008-XS,0,33099.00,Musculosa Gs Tank Vector Reebok
Reebok,RBK21000AR4008,RBK21000AR4008-S,0,33099.00,Musculosa Gs Tank Vector Reebok
Reebok,RBK21000AR4008,RBK21000AR4008-M,0,33099.00,Musculosa Gs Tank Vector Reebok
Reebok,RBK21000AR4008,RBK21000AR4008-L,0,33099.00,Musculosa Gs Tank Vector Reebok
Reebok,RBK21000AR4008,RBK21000AR4008-XL,0,33099.00,Musculosa Gs Tank Vector Reebok
Reebok,RBK21000AR4008,RBK21000AR4008-2XL,1,33099.00,Musculosa Gs Tank Vector Reebok
Reebok,RBK2100242057,RBK2100242057-2XL,14,39299.00,Musculosa Reebok
Reebok,RBK2100242057,RBK2100242057-2XS,0,39299.00,Musculosa Reebok
Reebok,RBK2100242057,RBK2100242057-L,6,39299.00,Musculosa Reebok
Reebok,RBK2100242057,RBK2100242057-M,0,39299.00,Musculosa Reebok
Reebok,RBK2100242057,RBK2100242057-S,8,39299.00,Musculosa Reebok
Reebok,RBK2100242057,RBK2100242057-XL,1,39299.00,Musculosa Reebok
Reebok,RBK2100242057,RBK2100242057-XS,4,39299.00,Musculosa Reebok
Reebok,RBK2100243256,RBK2100243256-XS,1,45499.00,Musculosa Reebok Chill Athletic
Reebok,RBK2100243256,RBK2100243256-S,0,45499.00,Musculosa Reebok Chill Athletic
Reebok,RBK2100243256,RBK2100243256-M,1,45499.00,Musculosa Reebok Chill Athletic
Reebok,RBK2100243256,RBK2100243256-L,0,45499.00,Musculosa Reebok Chill Athletic
Reebok,RBK2100243256,RBK2100243256-XL,0,45499.00,Musculosa Reebok Chill Athletic
Reebok,RBK2100243256,RBK2100243256-XXL,0,45499.00,Musculosa Reebok Chill Athletic
Reebok,RBK2100243259,RBK2100243259-XS,1,45499.00,Musculosa Reebok Chill Athletic
Reebok,RBK2100243259,RBK2100243259-S,2,45499.00,Musculosa Reebok Chill Athletic
Reebok,RBK2100243259,RBK2100243259-M,0,45499.00,Musculosa Reebok Chill Athletic
Reebok,RBK2100243259,RBK2100243259-L,1,45499.00,Musculosa Reebok Chill Athletic
Reebok,RBK2100243259,RBK2100243259-XL,1,45499.00,Musculosa Reebok Chill Athletic
Reebok,RBK2100243259,RBK2100243259-XXL,0,45499.00,Musculosa Reebok Chill Athletic
Reebok,RBK2100242048,RBK2100242048-2XL,1,39299.00,Musculosa Reebok Court
Reebok,RBK2100242048,RBK2100242048-2XS,0,39299.00,Musculosa Reebok Court
Reebok,RBK2100242048,RBK2100242048-L,4,39299.00,Musculosa Reebok Court
Reebok,RBK2100242048,RBK2100242048-M,0,39299.00,Musculosa Reebok Court
Reebok,RBK2100242048,RBK2100242048-S,3,39299.00,Musculosa Reebok Court
Reebok,RBK2100242048,RBK2100242048-XL,0,39299.00,Musculosa Reebok Court
Reebok,RBK2100242048,RBK2100242048-XS,3,39299.00,Musculosa Reebok Court
Reebok,RBK2100242130,RBK2100242130-XS,2,55899.00,Musculosa Reebok Roland Running
Reebok,RBK2100242130,RBK2100242130-S,0,55899.00,Musculosa Reebok Roland Running
Reebok,RBK2100242130,RBK2100242130-M,0,55899.00,Musculosa Reebok Roland Running
Reebok,RBK2100242130,RBK2100242130-L,0,55899.00,Musculosa Reebok Roland Running
Reebok,RBK2100242130,RBK2100242130-XL,0,55899.00,Musculosa Reebok Roland Running
Reebok,RBK2100242130,RBK2100242130-XXL,0,55899.00,Musculosa Reebok Roland Running
Reebok,RBK2100070149,RBK2100070149-2XS,0,39299.00,Musculosa Reebok Speed
Reebok,RBK2100070149,RBK2100070149-XS,0,39299.00,Musculosa Reebok Speed
Reebok,RBK2100070149,RBK2100070149-S,0,39299.00,Musculosa Reebok Speed
Reebok,RBK2100070149,RBK2100070149-M,0,39299.00,Musculosa Reebok Speed
Reebok,RBK2100070149,RBK2100070149-L,0,39299.00,Musculosa Reebok Speed
Reebok,RBK2100070149,RBK2100070149-XL,1,39299.00,Musculosa Reebok Speed
Reebok,RBK2100070149,RBK2100070149-2XL,0,39299.00,Musculosa Reebok Speed
Reebok,RBK2100065569,RBK2100065569-2XS,0,44499.00,Musculosa Reebok Train Slvls Tech Tee
Reebok,RBK2100065569,RBK2100065569-XS,1,44499.00,Musculosa Reebok Train Slvls Tech Tee
Reebok,RBK2100065569,RBK2100065569-S,0,44499.00,Musculosa Reebok Train Slvls Tech Tee
Reebok,RBK2100065569,RBK2100065569-M,0,44499.00,Musculosa Reebok Train Slvls Tech Tee
Reebok,RBK2100065569,RBK2100065569-L,0,44499.00,Musculosa Reebok Train Slvls Tech Tee
Reebok,RBK2100065569,RBK2100065569-XL,0,44499.00,Musculosa Reebok Train Slvls Tech Tee
Reebok,RBK2100065569,RBK2100065569-2XL,0,44499.00,Musculosa Reebok Train Slvls Tech Tee
Reebok,RBK2100241990,RBK2100241990-XS,4,55899.00,Musculosa Regina Core
Reebok,RBK2100241990,RBK2100241990-S,0,55899.00,Musculosa Regina Core
Reebok,RBK2100241990,RBK2100241990-M,3,55899.00,Musculosa Regina Core
Reebok,RBK2100241990,RBK2100241990-L,3,55899.00,Musculosa Regina Core
Reebok,RBK2100241990,RBK2100241990-XL,8,55899.00,Musculosa Regina Core
Reebok,RBK2100241990,RBK2100241990-XXL,0,55899.00,Musculosa Regina Core
Reebok,RBK2100242060,RBK2100242060-2XL,1,55899.00,Musculosa Sl Reebok
Reebok,RBK2100242060,RBK2100242060-2XS,0,55899.00,Musculosa Sl Reebok
Reebok,RBK2100242060,RBK2100242060-L,0,55899.00,Musculosa Sl Reebok
Reebok,RBK2100242060,RBK2100242060-M,0,55899.00,Musculosa Sl Reebok
Reebok,RBK2100242060,RBK2100242060-S,1,55899.00,Musculosa Sl Reebok
Reebok,RBK2100242060,RBK2100242060-XL,0,55899.00,Musculosa Sl Reebok
Reebok,RBK2100242060,RBK2100242060-XS,1,55899.00,Musculosa Sl Reebok
Reebok,RBK1100200313,RBK1100200313-4,7,49999.00,Ojotas Reebok Clean Slide
Reebok,RBK1100200313,RBK1100200313-5,10,49999.00,Ojotas Reebok Clean Slide
Reebok,RBK1100200313,RBK1100200313-6,2,49999.00,Ojotas Reebok Clean Slide
Reebok,RBK1100200313,RBK1100200313-7,0,49999.00,Ojotas Reebok Clean Slide
Reebok,RBK1100200313,RBK1100200313-8,0,49999.00,Ojotas Reebok Clean Slide
Reebok,RBK1100200313,RBK1100200313-9,0,51699.00,Ojotas Reebok Clean Slide
Reebok,RBK1100200313,RBK1100200313-10,0,51699.00,Ojotas Reebok Clean Slide
Reebok,RBK1100200313,RBK1100200313-11,0,51699.00,Ojotas Reebok Clean Slide
Reebok,RBK1100200313,RBK1100200313-12,0,51699.00,Ojotas Reebok Clean Slide
Reebok,RBK1100200311,RBK1100200311-4,6,49999.00,Ojotas Reebok Clean Slide
Reebok,RBK1100200311,RBK1100200311-5,12,49999.00,Ojotas Reebok Clean Slide
Reebok,RBK1100200311,RBK1100200311-6,3,49999.00,Ojotas Reebok Clean Slide
Reebok,RBK1100200311,RBK1100200311-7,0,49999.00,Ojotas Reebok Clean Slide
Reebok,RBK1100200311,RBK1100200311-8,0,49999.00,Ojotas Reebok Clean Slide
Reebok,RBK1100200311,RBK1100200311-9,0,49999.00,Ojotas Reebok Clean Slide
Reebok,RBK1100200311,RBK1100200311-10,0,49999.00,Ojotas Reebok Clean Slide
Reebok,RBK1100200311,RBK1100200311-11,0,49999.00,Ojotas Reebok Clean Slide
Reebok,RBK1100200311,RBK1100200311-12,0,49999.00,Ojotas Reebok Clean Slide
Reebok,RBK1100200312,RBK1100200312-4,5,49999.00,Ojotas Reebok Clean Slide
Reebok,RBK1100200312,RBK1100200312-5,8,49999.00,Ojotas Reebok Clean Slide
Reebok,RBK1100200312,RBK1100200312-6,6,49999.00,Ojotas Reebok Clean Slide
Reebok,RBK1100200312,RBK1100200312-7,0,49999.00,Ojotas Reebok Clean Slide
Reebok,RBK1100200312,RBK1100200312-8,0,49999.00,Ojotas Reebok Clean Slide
Reebok,RBK1100200312,RBK1100200312-9,0,49999.00,Ojotas Reebok Clean Slide
Reebok,RBK1100200312,RBK1100200312-10,0,49999.00,Ojotas Reebok Clean Slide
Reebok,RBK1100200312,RBK1100200312-11,5,49999.00,Ojotas Reebok Clean Slide
Reebok,RBK1100200312,RBK1100200312-12,7,49999.00,Ojotas Reebok Clean Slide
Reebok,RBK1100200310,RBK1100200310-4,6,49999.00,Ojotas Reebok Clean Slide
Reebok,RBK1100200310,RBK1100200310-5,6,49999.00,Ojotas Reebok Clean Slide
Reebok,RBK1100200310,RBK1100200310-6,0,49999.00,Ojotas Reebok Clean Slide
Reebok,RBK1100200310,RBK1100200310-7,0,49999.00,Ojotas Reebok Clean Slide
Reebok,RBK1100200310,RBK1100200310-8,0,49999.00,Ojotas Reebok Clean Slide
Reebok,RBK1100200310,RBK1100200310-9,0,49999.00,Ojotas Reebok Clean Slide
Reebok,RBK1100200310,RBK1100200310-10,0,49999.00,Ojotas Reebok Clean Slide
Reebok,RBK1100200310,RBK1100200310-11,0,49999.00,Ojotas Reebok Clean Slide
Reebok,RBK1100200310,RBK1100200310-12,1,49999.00,Ojotas Reebok Clean Slide
Reebok,RBK1100CD0005,RBK1100CD0005-4,2,49999.00,Ojotas Reebok Fulgere Slide
Reebok,RBK1100CD0005,RBK1100CD0005-5,1,49999.00,Ojotas Reebok Fulgere Slide
Reebok,RBK1100CD0005,RBK1100CD0005-6,2,49999.00,Ojotas Reebok Fulgere Slide
Reebok,RBK1100CD0005,RBK1100CD0005-6.5,1,49999.00,Ojotas Reebok Fulgere Slide
Reebok,RBK1100CD0005,RBK1100CD0005-7.5,0,49999.00,Ojotas Reebok Fulgere Slide
Reebok,RBK1100CD0005,RBK1100CD0005-8,0,49999.00,Ojotas Reebok Fulgere Slide
Reebok,RBK1100CD0005,RBK1100CD0005-9,0,49999.00,Ojotas Reebok Fulgere Slide
Reebok,RBK1100CD0005,RBK1100CD0005-9.5,0,49999.00,Ojotas Reebok Fulgere Slide
Reebok,RBK1100CD0005,RBK1100CD0005-10,0,49999.00,Ojotas Reebok Fulgere Slide
Reebok,RBK1100CD0005,RBK1100CD0005-11,2,49999.00,Ojotas Reebok Fulgere Slide
Reebok,RBK1100CD0005,RBK1100CD0005-11.5,0,49999.00,Ojotas Reebok Fulgere Slide
Reebok,RBK1100CD0005,RBK1100CD0005-12,0,49999.00,Ojotas Reebok Fulgere Slide
Reebok,RBK1100CD0005,RBK1100CD0005-13,0,49999.00,Ojotas Reebok Fulgere Slide
Reebok,RBK1100CD0005,RBK1100CD0005-4.5,0,49999.00,Ojotas Reebok Fulgere Slide
Reebok,RBK1100CD0005,RBK1100CD0005-5.5,0,49999.00,Ojotas Reebok Fulgere Slide
Reebok,RBK1100CD0005,RBK1100CD0005-7,0,49999.00,Ojotas Reebok Fulgere Slide
Reebok,RBK1100CD0005,RBK1100CD0005-8.5,0,49999.00,Ojotas Reebok Fulgere Slide
Reebok,RBK1100CD0005,RBK1100CD0005-10.5,0,49999.00,Ojotas Reebok Fulgere Slide
Reebok,RBK1100CD0005,RBK1100CD0005-12.5,0,49999.00,Ojotas Reebok Fulgere Slide
Reebok,RBK1100CD0007,RBK1100CD0007-4,1,49999.00,Ojotas Reebok Fulgere Slide
Reebok,RBK1100CD0007,RBK1100CD0007-5,2,49999.00,Ojotas Reebok Fulgere Slide
Reebok,RBK1100CD0007,RBK1100CD0007-6,2,49999.00,Ojotas Reebok Fulgere Slide
Reebok,RBK1100CD0007,RBK1100CD0007-6.5,0,49999.00,Ojotas Reebok Fulgere Slide
Reebok,RBK1100CD0007,RBK1100CD0007-7.5,1,49999.00,Ojotas Reebok Fulgere Slide
Reebok,RBK1100CD0007,RBK1100CD0007-8,0,49999.00,Ojotas Reebok Fulgere Slide
Reebok,RBK1100CD0007,RBK1100CD0007-9,0,49999.00,Ojotas Reebok Fulgere Slide
Reebok,RBK1100CD0007,RBK1100CD0007-9.5,0,49999.00,Ojotas Reebok Fulgere Slide
Reebok,RBK1100CD0007,RBK1100CD0007-10,0,49999.00,Ojotas Reebok Fulgere Slide
Reebok,RBK1100CD0007,RBK1100CD0007-11,1,49999.00,Ojotas Reebok Fulgere Slide
Reebok,RBK1100CD0007,RBK1100CD0007-11.5,0,49999.00,Ojotas Reebok Fulgere Slide
Reebok,RBK1100CD0007,RBK1100CD0007-12,0,49999.00,Ojotas Reebok Fulgere Slide
Reebok,RBK1100CD0007,RBK1100CD0007-13,0,49999.00,Ojotas Reebok Fulgere Slide
Reebok,RBK1100CD0007,RBK1100CD0007-4.5,0,49999.00,Ojotas Reebok Fulgere Slide
Reebok,RBK1100CD0007,RBK1100CD0007-5.5,0,49999.00,Ojotas Reebok Fulgere Slide
Reebok,RBK1100CD0007,RBK1100CD0007-7,0,49999.00,Ojotas Reebok Fulgere Slide
Reebok,RBK1100CD0007,RBK1100CD0007-8.5,0,49999.00,Ojotas Reebok Fulgere Slide
Reebok,RBK1100CD0007,RBK1100CD0007-10.5,0,49999.00,Ojotas Reebok Fulgere Slide
Reebok,RBK1100CD0007,RBK1100CD0007-12.5,0,49999.00,Ojotas Reebok Fulgere Slide
Reebok,RBK1100210922,RBK1100210922-4,1,49999.00,Ojotas Reebok Fulgere Slide
Reebok,RBK1100210922,RBK1100210922-5,3,49999.00,Ojotas Reebok Fulgere Slide
Reebok,RBK1100210922,RBK1100210922-6,3,49999.00,Ojotas Reebok Fulgere Slide
Reebok,RBK1100210922,RBK1100210922-7,0,49999.00,Ojotas Reebok Fulgere Slide
Reebok,RBK1100210922,RBK1100210922-8,0,49999.00,Ojotas Reebok Fulgere Slide
Reebok,RBK1100210922,RBK1100210922-9,1,49999.00,Ojotas Reebok Fulgere Slide
Reebok,RBK1100210922,RBK1100210922-10,0,49999.00,Ojotas Reebok Fulgere Slide
Reebok,RBK1100210922,RBK1100210922-11,4,49999.00,Ojotas Reebok Fulgere Slide
Reebok,RBK1100210922,RBK1100210922-12,6,49999.00,Ojotas Reebok Fulgere Slide
Reebok,RBK1100CD0006,RBK1100CD0006-4,1,49999.00,Ojotas Reebok Slide
Reebok,RBK1100CD0006,RBK1100CD0006-5,0,49999.00,Ojotas Reebok Slide
Reebok,RBK1100CD0006,RBK1100CD0006-6,0,49999.00,Ojotas Reebok Slide
Reebok,RBK1100CD0006,RBK1100CD0006-6.5,1,49999.00,Ojotas Reebok Slide
Reebok,RBK1100CD0006,RBK1100CD0006-7.5,0,49999.00,Ojotas Reebok Slide
Reebok,RBK1100CD0006,RBK1100CD0006-8,0,49999.00,Ojotas Reebok Slide
Reebok,RBK1100CD0006,RBK1100CD0006-9,2,49999.00,Ojotas Reebok Slide
Reebok,RBK1100CD0006,RBK1100CD0006-9.5,1,49999.00,Ojotas Reebok Slide
Reebok,RBK1100CD0006,RBK1100CD0006-10,1,49999.00,Ojotas Reebok Slide
Reebok,RBK1100CD0006,RBK1100CD0006-11,1,49999.00,Ojotas Reebok Slide
Reebok,RBK1100CD0006,RBK1100CD0006-11.5,0,49999.00,Ojotas Reebok Slide
Reebok,RBK1100CD0006,RBK1100CD0006-12,0,51699.00,Ojotas Reebok Slide
Reebok,RBK1100CD0006,RBK1100CD0006-13,0,51699.00,Ojotas Reebok Slide
Reebok,RBK1100CD0006,RBK1100CD0006-4.5,0,51699.00,Ojotas Reebok Slide
Reebok,RBK1100CD0006,RBK1100CD0006-5.5,0,51699.00,Ojotas Reebok Slide
Reebok,RBK1100CD0006,RBK1100CD0006-7,0,51699.00,Ojotas Reebok Slide
Reebok,RBK1100CD0006,RBK1100CD0006-8.5,0,51699.00,Ojotas Reebok Slide
Reebok,RBK1100CD0006,RBK1100CD0006-10.5,0,51699.00,Ojotas Reebok Slide
Reebok,RBK1100CD0006,RBK1100CD0006-12.5,0,51699.00,Ojotas Reebok Slide
Reebok,RBK2100AR7686,RBK2100AR7686-2XL,1,131999.00,Pantalón Cápsula Fútbol
Reebok,RBK2100AR7686,RBK2100AR7686-L,4,131999.00,Pantalón Cápsula Fútbol
Reebok,RBK2100AR7686,RBK2100AR7686-M,2,131999.00,Pantalón Cápsula Fútbol
Reebok,RBK2100AR7686,RBK2100AR7686-S,4,131999.00,Pantalón Cápsula Fútbol
Reebok,RBK2100AR7686,RBK2100AR7686-XL,4,131999.00,Pantalón Cápsula Fútbol
Reebok,RBK2100AR7686,RBK2100AR7686-XS,9,131999.00,Pantalón Cápsula Fútbol
Reebok,RBK2100AR7688,RBK2100AR7688-2XL,5,131999.00,Pantalón Cápsula Fútbol
Reebok,RBK2100AR7688,RBK2100AR7688-L,7,131999.00,Pantalón Cápsula Fútbol
Reebok,RBK2100AR7688,RBK2100AR7688-M,7,131999.00,Pantalón Cápsula Fútbol
Reebok,RBK2100AR7688,RBK2100AR7688-S,5,131999.00,Pantalón Cápsula Fútbol
Reebok,RBK2100AR7688,RBK2100AR7688-XL,3,131999.00,Pantalón Cápsula Fútbol
Reebok,RBK2100AR7688,RBK2100AR7688-XS,3,131999.00,Pantalón Cápsula Fútbol
Reebok,RBK2100AR7687,RBK2100AR7687-2XL,3,103499.00,Pantalón Cápsula Fútbol
Reebok,RBK2100AR7687,RBK2100AR7687-L,4,103499.00,Pantalón Cápsula Fútbol
Reebok,RBK2100AR7687,RBK2100AR7687-M,6,103499.00,Pantalón Cápsula Fútbol
Reebok,RBK2100AR7687,RBK2100AR7687-S,2,103499.00,Pantalón Cápsula Fútbol
Reebok,RBK2100AR7687,RBK2100AR7687-XL,6,103499.00,Pantalón Cápsula Fútbol
Reebok,RBK2100AR7687,RBK2100AR7687-XS,4,103499.00,Pantalón Cápsula Fútbol
Reebok,RBK2100075607,RBK2100075607-XS,2,156299.00,Pantalón Cargo Activ Coll Skystretch Woven
Reebok,RBK2100075607,RBK2100075607-S,0,156299.00,Pantalón Cargo Activ Coll Skystretch Woven
Reebok,RBK2100075607,RBK2100075607-M,0,156299.00,Pantalón Cargo Activ Coll Skystretch Woven
Reebok,RBK2100075607,RBK2100075607-L,0,156299.00,Pantalón Cargo Activ Coll Skystretch Woven
Reebok,RBK2100075607,RBK2100075607-XL,1,156299.00,Pantalón Cargo Activ Coll Skystretch Woven
Reebok,RBK2100075607,RBK2100075607-2XL,2,156299.00,Pantalón Cargo Activ Coll Skystretch Woven
Reebok,RBK2100076242,RBK2100076242-XS,0,77599.00,Pantalón Clasico BBall
Reebok,RBK2100076242,RBK2100076242-L,2,77599.00,Pantalón Clasico BBall
Reebok,RBK2100076242,RBK2100076242-M,1,77599.00,Pantalón Clasico BBall
Reebok,RBK2100076242,RBK2100076242-XL,4,77599.00,Pantalón Clasico BBall
Reebok,RBK2100240454,RBK2100240454-2XL,0,83799.00,Pantalón Classics Bailey Wide Leg
Reebok,RBK2100240454,RBK2100240454-2XS,0,83799.00,Pantalón Classics Bailey Wide Leg
Reebok,RBK2100240454,RBK2100240454-L,0,83799.00,Pantalón Classics Bailey Wide Leg
Reebok,RBK2100240454,RBK2100240454-M,0,83799.00,Pantalón Classics Bailey Wide Leg
Reebok,RBK2100240454,RBK2100240454-S,0,83799.00,Pantalón Classics Bailey Wide Leg
Reebok,RBK2100240454,RBK2100240454-XL,5,83799.00,Pantalón Classics Bailey Wide Leg
Reebok,RBK2100240454,RBK2100240454-XS,0,83799.00,Pantalón Classics Bailey Wide Leg
Reebok,RBK2100012402,RBK2100012402-2XS,0,83799.00,Pantalón Classics Vector
Reebok,RBK2100012402,RBK2100012402-XS,4,83799.00,Pantalón Classics Vector
Reebok,RBK2100012402,RBK2100012402-S,0,83799.00,Pantalón Classics Vector
Reebok,RBK2100012402,RBK2100012402-M,0,83799.00,Pantalón Classics Vector
Reebok,RBK2100012402,RBK2100012402-L,0,83799.00,Pantalón Classics Vector
Reebok,RBK2100012402,RBK2100012402-XL,5,83799.00,Pantalón Classics Vector
Reebok,RBK2100012402,RBK2100012402-2XL,0,83799.00,Pantalón Classics Vector
Reebok,RBK2100221435,RBK2100221435-2XS,0,113799.00,Pantalón Deporte Vector Mujer
Reebok,RBK2100221435,RBK2100221435-XS,2,113799.00,Pantalón Deporte Vector Mujer
Reebok,RBK2100221435,RBK2100221435-S,2,113799.00,Pantalón Deporte Vector Mujer
Reebok,RBK2100221435,RBK2100221435-M,1,113799.00,Pantalón Deporte Vector Mujer
Reebok,RBK2100221435,RBK2100221435-L,2,113799.00,Pantalón Deporte Vector Mujer
Reebok,RBK2100221435,RBK2100221435-XL,1,113799.00,Pantalón Deporte Vector Mujer
Reebok,RBK2100221435,RBK2100221435-2XL,0,113799.00,Pantalón Deporte Vector Mujer
Reebok,RBK2100022966,RBK2100022966-2XS,0,113799.00,Pantalón deportivo Classics Vector
Reebok,RBK2100022966,RBK2100022966-XS,6,113799.00,Pantalón deportivo Classics Vector
Reebok,RBK2100022966,RBK2100022966-S,1,113799.00,Pantalón deportivo Classics Vector
Reebok,RBK2100022966,RBK2100022966-M,0,113799.00,Pantalón deportivo Classics Vector
Reebok,RBK2100022966,RBK2100022966-L,0,113799.00,Pantalón deportivo Classics Vector
Reebok,RBK2100022966,RBK2100022966-XL,0,113799.00,Pantalón deportivo Classics Vector
Reebok,RBK2100022966,RBK2100022966-2XL,3,113799.00,Pantalón deportivo Classics Vector
Reebok,RBK2100070859,RBK2100070859-2XS,0,88999.00,Pantalón DreamBlend
Reebok,RBK2100070859,RBK2100070859-XS,0,88999.00,Pantalón DreamBlend
Reebok,RBK2100070859,RBK2100070859-S,0,88999.00,Pantalón DreamBlend
Reebok,RBK2100070859,RBK2100070859-M,0,88999.00,Pantalón DreamBlend
Reebok,RBK2100070859,RBK2100070859-L,1,88999.00,Pantalón DreamBlend
Reebok,RBK2100070859,RBK2100070859-XL,0,88999.00,Pantalón DreamBlend
Reebok,RBK2100070859,RBK2100070859-2XL,0,88999.00,Pantalón DreamBlend
Reebok,RBK2100240060,RBK2100240060-2XS,0,134499.00,Pantalón Fleece Mix
Reebok,RBK2100240060,RBK2100240060-XS,1,134499.00,Pantalón Fleece Mix
Reebok,RBK2100240060,RBK2100240060-S,1,134499.00,Pantalón Fleece Mix
Reebok,RBK2100240060,RBK2100240060-M,2,134499.00,Pantalón Fleece Mix
Reebok,RBK2100240060,RBK2100240060-L,3,134499.00,Pantalón Fleece Mix
Reebok,RBK2100240060,RBK2100240060-XL,3,134499.00,Pantalón Fleece Mix
Reebok,RBK2100240060,RBK2100240060-2XL,4,134499.00,Pantalón Fleece Mix
Reebok,RBK2100202909,RBK2100202909-XS,0,62099.00,Pantalón Identity Small Logo Fleece
Reebok,RBK2100202909,RBK2100202909-S,0,62099.00,Pantalón Identity Small Logo Fleece
Reebok,RBK2100202909,RBK2100202909-L,0,62099.00,Pantalón Identity Small Logo Fleece
Reebok,RBK2100202909,RBK2100202909-XL,1,62099.00,Pantalón Identity Small Logo Fleece
Columbia,COL22117001461,COL22117001461-XS,0,159999.00,Anorak rompevientos Challenger™ de Columbia para hombre
Columbia,COL22117001461,COL22117001461-S,4,159999.00,Anorak rompevientos Challenger™ de Columbia para hombre
Columbia,COL22117001461,COL22117001461-M,3,159999.00,Anorak rompevientos Challenger™ de Columbia para hombre
Columbia,COL22117001461,COL22117001461-L,4,159999.00,Anorak rompevientos Challenger™ de Columbia para hombre
Columbia,COL22117001461,COL22117001461-XL,5,159999.00,Anorak rompevientos Challenger™ de Columbia para hombre
Columbia,COL22117001461,COL22117001461-XXL,1,159999.00,Anorak rompevientos Challenger™ de Columbia para hombre
Columbia,COL22117001461,COL22117001461-XXXL,0,159999.00,Anorak rompevientos Challenger™ de Columbia para hombre
Columbia,COL22117001864,COL22117001864-XS,0,159999.00,Anorak rompevientos Challenger™ de Columbia para hombre
Columbia,COL22117001864,COL22117001864-S,3,159999.00,Anorak rompevientos Challenger™ de Columbia para hombre
Columbia,COL22117001864,COL22117001864-M,4,159999.00,Anorak rompevientos Challenger™ de Columbia para hombre
Columbia,COL22117001864,COL22117001864-L,4,159999.00,Anorak rompevientos Challenger™ de Columbia para hombre
Columbia,COL22117001864,COL22117001864-XL,5,159999.00,Anorak rompevientos Challenger™ de Columbia para hombre
Columbia,COL22117001864,COL22117001864-XXL,2,159999.00,Anorak rompevientos Challenger™ de Columbia para hombre
Columbia,COL22117001864,COL22117001864-XXXL,0,159999.00,Anorak rompevientos Challenger™ de Columbia para hombre
Columbia,COL22030741010,COL22030741010-30,1,119999.00,Bermuda cargo Silver Ridge Utility con protección solar Columbia para hombre
Columbia,COL22030741010,COL22030741010-32,1,119999.00,Bermuda cargo Silver Ridge Utility con protección solar Columbia para hombre
Columbia,COL22030741010,COL22030741010-34,2,119999.00,Bermuda cargo Silver Ridge Utility con protección solar Columbia para hombre
Columbia,COL22030741010,COL22030741010-36,2,119999.00,Bermuda cargo Silver Ridge Utility con protección solar Columbia para hombre
Columbia,COL22030741010,COL22030741010-38,2,119999.00,Bermuda cargo Silver Ridge Utility con protección solar Columbia para hombre
Columbia,COL22030741010,COL22030741010-40,2,119999.00,Bermuda cargo Silver Ridge Utility con protección solar Columbia para hombre
Columbia,COL22030741010,COL22030741010-42,1,119999.00,Bermuda cargo Silver Ridge Utility con protección solar Columbia para hombre
Columbia,COL22030741010,COL22030741010-44,1,119999.00,Bermuda cargo Silver Ridge Utility con protección solar Columbia para hombre
Columbia,COL22030741024,COL22030741024-30,1,119999.00,Bermuda cargo Silver Ridge Utility con protección solar Columbia para hombre
Columbia,COL22030741024,COL22030741024-32,1,119999.00,Bermuda cargo Silver Ridge Utility con protección solar Columbia para hombre
Columbia,COL22030741024,COL22030741024-34,2,119999.00,Bermuda cargo Silver Ridge Utility con protección solar Columbia para hombre
Columbia,COL22030741024,COL22030741024-36,1,119999.00,Bermuda cargo Silver Ridge Utility con protección solar Columbia para hombre
Columbia,COL22030741024,COL22030741024-38,2,119999.00,Bermuda cargo Silver Ridge Utility con protección solar Columbia para hombre
Columbia,COL22030741024,COL22030741024-40,2,119999.00,Bermuda cargo Silver Ridge Utility con protección solar Columbia para hombre
Columbia,COL22030741024,COL22030741024-42,1,119999.00,Bermuda cargo Silver Ridge Utility con protección solar Columbia para hombre
Columbia,COL22030741024,COL22030741024-44,1,119999.00,Bermuda cargo Silver Ridge Utility con protección solar Columbia para hombre
Columbia,COL22030741222,COL22030741222-30,1,119999.00,Bermuda cargo Silver Ridge Utility con protección solar Columbia para hombre
Columbia,COL22030741222,COL22030741222-32,1,119999.00,Bermuda cargo Silver Ridge Utility con protección solar Columbia para hombre
Columbia,COL22030741222,COL22030741222-34,2,119999.00,Bermuda cargo Silver Ridge Utility con protección solar Columbia para hombre
Columbia,COL22030741222,COL22030741222-36,2,119999.00,Bermuda cargo Silver Ridge Utility con protección solar Columbia para hombre
Columbia,COL22030741222,COL22030741222-38,2,119999.00,Bermuda cargo Silver Ridge Utility con protección solar Columbia para hombre
Columbia,COL22030741222,COL22030741222-40,2,119999.00,Bermuda cargo Silver Ridge Utility con protección solar Columbia para hombre
Columbia,COL22030741222,COL22030741222-42,1,119999.00,Bermuda cargo Silver Ridge Utility con protección solar Columbia para hombre
Columbia,COL22030741222,COL22030741222-44,1,119999.00,Bermuda cargo Silver Ridge Utility con protección solar Columbia para hombre
Columbia,COL22030741257,COL22030741257-30,1,131999.00,Bermuda cargo Silver Ridge Utility con protección solar Columbia para hombre
Columbia,COL22030741257,COL22030741257-32,1,131999.00,Bermuda cargo Silver Ridge Utility con protección solar Columbia para hombre
Columbia,COL22030741257,COL22030741257-34,2,131999.00,Bermuda cargo Silver Ridge Utility con protección solar Columbia para hombre
Columbia,COL22030741257,COL22030741257-36,2,131999.00,Bermuda cargo Silver Ridge Utility con protección solar Columbia para hombre
Columbia,COL22030741257,COL22030741257-38,2,131999.00,Bermuda cargo Silver Ridge Utility con protección solar Columbia para hombre
Columbia,COL22030741257,COL22030741257-40,2,131999.00,Bermuda cargo Silver Ridge Utility con protección solar Columbia para hombre
Columbia,COL22030741257,COL22030741257-42,0,131999.00,Bermuda cargo Silver Ridge Utility con protección solar Columbia para hombre
Columbia,COL22030741257,COL22030741257-44,1,131999.00,Bermuda cargo Silver Ridge Utility con protección solar Columbia para hombre
Columbia,COL12079181010,COL12079181010-34,3,269999.00,Botas de nieve impermeable Columbia Minx™ Shorty IV para mujer
Columbia,COL12079181010,COL12079181010-34.5,3,269999.00,Botas de nieve impermeable Columbia Minx™ Shorty IV para mujer
Columbia,COL12079181010,COL12079181010-35,2,269999.00,Botas de nieve impermeable Columbia Minx™ Shorty IV para mujer
Columbia,COL12079181010,COL12079181010-36,2,269999.00,Botas de nieve impermeable Columbia Minx™ Shorty IV para mujer
Columbia,COL12079181010,COL12079181010-37,3,269999.00,Botas de nieve impermeable Columbia Minx™ Shorty IV para mujer
Columbia,COL12079181010,COL12079181010-37.5,1,269999.00,Botas de nieve impermeable Columbia Minx™ Shorty IV para mujer
Columbia,COL12079181010,COL12079181010-38,4,269999.00,Botas de nieve impermeable Columbia Minx™ Shorty IV para mujer
Columbia,COL12079181010,COL12079181010-39,1,269999.00,Botas de nieve impermeable Columbia Minx™ Shorty IV para mujer
Columbia,COL12079181010,COL12079181010-40,6,269999.00,Botas de nieve impermeable Columbia Minx™ Shorty IV para mujer
Columbia,COL12079181010,COL12079181010-40.5,2,269999.00,Botas de nieve impermeable Columbia Minx™ Shorty IV para mujer
Columbia,COL12079181010,COL12079181010-41,4,269999.00,Botas de nieve impermeable Columbia Minx™ Shorty IV para mujer
Columbia,COL12099741012,COL12099741012-40,1,259999.00,Botas de senderismo Firecamp™ Boot de Columbia para hombre
Columbia,COL12099741012,COL12099741012-40.5,9,259999.00,Botas de senderismo Firecamp™ Boot de Columbia para hombre
Columbia,COL12099741012,COL12099741012-41,2,259999.00,Botas de senderismo Firecamp™ Boot de Columbia para hombre
Columbia,COL12099741012,COL12099741012-42,5,259999.00,Botas de senderismo Firecamp™ Boot de Columbia para hombre
Columbia,COL12099741012,COL12099741012-43,6,259999.00,Botas de senderismo Firecamp™ Boot de Columbia para hombre
Columbia,COL12099741012,COL12099741012-43.5,9,259999.00,Botas de senderismo Firecamp™ Boot de Columbia para hombre
Columbia,COL12099741012,COL12099741012-44,3,259999.00,Botas de senderismo Firecamp™ Boot de Columbia para hombre
Columbia,COL12099741012,COL12099741012-44.5,9,259999.00,Botas de senderismo Firecamp™ Boot de Columbia para hombre
Columbia,COL12099741012,COL12099741012-45,1,259999.00,Botas de senderismo Firecamp™ Boot de Columbia para hombre
Columbia,COL12099741012,COL12099741012-46,6,259999.00,Botas de senderismo Firecamp™ Boot de Columbia para hombre
Columbia,COL12099741033,COL12099741033-40,2,259999.00,Botas de senderismo Firecamp™ Boot de Columbia para hombre
Columbia,COL12099741033,COL12099741033-40.5,2,259999.00,Botas de senderismo Firecamp™ Boot de Columbia para hombre
Columbia,COL12099741033,COL12099741033-41,4,259999.00,Botas de senderismo Firecamp™ Boot de Columbia para hombre
Columbia,COL12099741033,COL12099741033-42,4,259999.00,Botas de senderismo Firecamp™ Boot de Columbia para hombre
Columbia,COL12099741033,COL12099741033-43,6,259999.00,Botas de senderismo Firecamp™ Boot de Columbia para hombre
Columbia,COL12099741033,COL12099741033-43.5,3,259999.00,Botas de senderismo Firecamp™ Boot de Columbia para hombre
Columbia,COL12099741033,COL12099741033-44,4,259999.00,Botas de senderismo Firecamp™ Boot de Columbia para hombre
Columbia,COL12099741033,COL12099741033-44.5,2,259999.00,Botas de senderismo Firecamp™ Boot de Columbia para hombre
Columbia,COL12099741033,COL12099741033-45,2,259999.00,Botas de senderismo Firecamp™ Boot de Columbia para hombre
Columbia,COL12099741033,COL12099741033-46,2,259999.00,Botas de senderismo Firecamp™ Boot de Columbia para hombre
Columbia,COL12099891010,COL12099891010-34,5,259999.00,Botas de senderismo Firecamp™ Boot de Columbia para mujer
Columbia,COL12099891010,COL12099891010-34.5,8,259999.00,Botas de senderismo Firecamp™ Boot de Columbia para mujer
Columbia,COL12099891010,COL12099891010-35,2,259999.00,Botas de senderismo Firecamp™ Boot de Columbia para mujer
Columbia,COL12099891010,COL12099891010-36,3,259999.00,Botas de senderismo Firecamp™ Boot de Columbia para mujer
Columbia,COL12099891010,COL12099891010-37,5,259999.00,Botas de senderismo Firecamp™ Boot de Columbia para mujer
Columbia,COL12099891010,COL12099891010-37.5,12,259999.00,Botas de senderismo Firecamp™ Boot de Columbia para mujer
Columbia,COL12099891010,COL12099891010-38,4,259999.00,Botas de senderismo Firecamp™ Boot de Columbia para mujer
Columbia,COL12099891010,COL12099891010-39,4,259999.00,Botas de senderismo Firecamp™ Boot de Columbia para mujer
Columbia,COL12099891010,COL12099891010-40,1,259999.00,Botas de senderismo Firecamp™ Boot de Columbia para mujer
Columbia,COL12099891010,COL12099891010-40.5,8,259999.00,Botas de senderismo Firecamp™ Boot de Columbia para mujer
Columbia,COL12099891010,COL12099891010-41,8,259999.00,Botas de senderismo Firecamp™ Boot de Columbia para mujer
Columbia,COL12099891053,COL12099891053-34,1,259999.00,Botas de senderismo Firecamp™ Boot de Columbia para mujer
Columbia,COL12099891053,COL12099891053-34.5,2,259999.00,Botas de senderismo Firecamp™ Boot de Columbia para mujer
Columbia,COL12099891053,COL12099891053-35,2,259999.00,Botas de senderismo Firecamp™ Boot de Columbia para mujer
Columbia,COL12099891053,COL12099891053-36,4,259999.00,Botas de senderismo Firecamp™ Boot de Columbia para mujer
Columbia,COL12099891053,COL12099891053-37,6,259999.00,Botas de senderismo Firecamp™ Boot de Columbia para mujer
Columbia,COL12099891053,COL12099891053-37.5,5,259999.00,Botas de senderismo Firecamp™ Boot de Columbia para mujer
Columbia,COL12099891053,COL12099891053-38,6,259999.00,Botas de senderismo Firecamp™ Boot de Columbia para mujer
Columbia,COL12099891053,COL12099891053-39,4,259999.00,Botas de senderismo Firecamp™ Boot de Columbia para mujer
Columbia,COL12099891053,COL12099891053-40,2,259999.00,Botas de senderismo Firecamp™ Boot de Columbia para mujer
Columbia,COL12099891053,COL12099891053-40.5,2,259999.00,Botas de senderismo Firecamp™ Boot de Columbia para mujer
Columbia,COL12099891053,COL12099891053-41,2,259999.00,Botas de senderismo Firecamp™ Boot de Columbia para mujer
Columbia,COL12100691010,COL12100691010-40,2,319999.00,Botas de senderismo Peakfreak™ II Mid Outdry™ de Columbia para hombre
Columbia,COL12100691010,COL12100691010-41,3,319999.00,Botas de senderismo Peakfreak™ II Mid Outdry™ de Columbia para hombre
Columbia,COL12100691010,COL12100691010-42,6,319999.00,Botas de senderismo Peakfreak™ II Mid Outdry™ de Columbia para hombre
Columbia,COL12100691010,COL12100691010-43,6,319999.00,Botas de senderismo Peakfreak™ II Mid Outdry™ de Columbia para hombre
Columbia,COL12100691010,COL12100691010-44,3,319999.00,Botas de senderismo Peakfreak™ II Mid Outdry™ de Columbia para hombre
Columbia,COL12100691010,COL12100691010-45,1,319999.00,Botas de senderismo Peakfreak™ II Mid Outdry™ de Columbia para hombre
Columbia,COL12100691383,COL12100691383-40,2,319999.00,Botas de senderismo Peakfreak™ II Mid Outdry™ de Columbia para hombre
Columbia,COL12100691383,COL12100691383-41,4,319999.00,Botas de senderismo Peakfreak™ II Mid Outdry™ de Columbia para hombre
Columbia,COL12100691383,COL12100691383-42,2,319999.00,Botas de senderismo Peakfreak™ II Mid Outdry™ de Columbia para hombre
Columbia,COL12100691383,COL12100691383-43,5,319999.00,Botas de senderismo Peakfreak™ II Mid Outdry™ de Columbia para hombre
Columbia,COL12100691383,COL12100691383-44,3,319999.00,Botas de senderismo Peakfreak™ II Mid Outdry™ de Columbia para hombre
Columbia,COL12100691383,COL12100691383-45,2,319999.00,Botas de senderismo Peakfreak™ II Mid Outdry™ de Columbia para hombre
Columbia,COL12100641231,COL12100641231-40,1,229999.00,Botas impermeables de senderismo Crestwood™ Mid Waterproof de Columbia para hombre
Columbia,COL12100641231,COL12100641231-41,0,229999.00,Botas impermeables de senderismo Crestwood™ Mid Waterproof de Columbia para hombre
Columbia,COL12100641231,COL12100641231-42,2,229999.00,Botas impermeables de senderismo Crestwood™ Mid Waterproof de Columbia para hombre
Columbia,COL12100641231,COL12100641231-43,1,229999.00,Botas impermeables de senderismo Crestwood™ Mid Waterproof de Columbia para hombre
Columbia,COL12100641231,COL12100641231-44,1,229999.00,Botas impermeables de senderismo Crestwood™ Mid Waterproof de Columbia para hombre
Columbia,COL12100641231,COL12100641231-45,1,229999.00,Botas impermeables de senderismo Crestwood™ Mid Waterproof de Columbia para hombre
Columbia,COL12099861053,COL12099861053-35,1,229999.00,Botas impermeables de senderismo Crestwood™ Mid Waterproof de Columbia para mujer
Columbia,COL12099861053,COL12099861053-36,5,229999.00,Botas impermeables de senderismo Crestwood™ Mid Waterproof de Columbia para mujer
Columbia,COL12099861053,COL12099861053-37,2,229999.00,Botas impermeables de senderismo Crestwood™ Mid Waterproof de Columbia para mujer
Columbia,COL12099861053,COL12099861053-38,0,229999.00,Botas impermeables de senderismo Crestwood™ Mid Waterproof de Columbia para mujer
Columbia,COL12099861053,COL12099861053-39,1,229999.00,Botas impermeables de senderismo Crestwood™ Mid Waterproof de Columbia para mujer
Columbia,COL12099861053,COL12099861053-40,3,229999.00,Botas impermeables de senderismo Crestwood™ Mid Waterproof de Columbia para mujer
Columbia,COL12099861231,COL12099861231-35,3,229999.00,Botas impermeables de senderismo Crestwood™ Mid Waterproof de Columbia para mujer
Columbia,COL12099861231,COL12099861231-36,3,229999.00,Botas impermeables de senderismo Crestwood™ Mid Waterproof de Columbia para mujer
Columbia,COL12099861231,COL12099861231-37,0,229999.00,Botas impermeables de senderismo Crestwood™ Mid Waterproof de Columbia para mujer
Columbia,COL12099861231,COL12099861231-38,1,229999.00,Botas impermeables de senderismo Crestwood™ Mid Waterproof de Columbia para mujer
Columbia,COL12099861231,COL12099861231-39,1,229999.00,Botas impermeables de senderismo Crestwood™ Mid Waterproof de Columbia para mujer
Columbia,COL12099861231,COL12099861231-40,2,229999.00,Botas impermeables de senderismo Crestwood™ Mid Waterproof de Columbia para mujer
Columbia,COL12076861010,COL12076861010-40,1,209999.00,Botas impermeables de senderismo Strata Trail™ Mid de Columbia para hombre
Columbia,COL12076861010,COL12076861010-41,1,209999.00,Botas impermeables de senderismo Strata Trail™ Mid de Columbia para hombre
Columbia,COL12076861010,COL12076861010-42,0,209999.00,Botas impermeables de senderismo Strata Trail™ Mid de Columbia para hombre
Columbia,COL12076861010,COL12076861010-43,1,209999.00,Botas impermeables de senderismo Strata Trail™ Mid de Columbia para hombre
Columbia,COL12076861010,COL12076861010-44,2,209999.00,Botas impermeables de senderismo Strata Trail™ Mid de Columbia para hombre
Columbia,COL12076861010,COL12076861010-45,1,209999.00,Botas impermeables de senderismo Strata Trail™ Mid de Columbia para hombre
Columbia,COL12076861255,COL12076861255-40,0,209999.00,Botas impermeables de senderismo Strata Trail™ Mid de Columbia para hombre
Columbia,COL12076861255,COL12076861255-41,3,209999.00,Botas impermeables de senderismo Strata Trail™ Mid de Columbia para hombre
Columbia,COL12076861255,COL12076861255-42,5,209999.00,Botas impermeables de senderismo Strata Trail™ Mid de Columbia para hombre
Columbia,COL12076861255,COL12076861255-43,5,209999.00,Botas impermeables de senderismo Strata Trail™ Mid de Columbia para hombre
Columbia,COL12076861255,COL12076861255-44,4,209999.00,Botas impermeables de senderismo Strata Trail™ Mid de Columbia para hombre
Columbia,COL12076861255,COL12076861255-45,2,209999.00,Botas impermeables de senderismo Strata Trail™ Mid de Columbia para hombre
Columbia,COL12078561005,COL12078561005-35,2,209999.00,Botas impermeables de senderismo Strata Trail™ Mid de Columbia para mujer
Columbia,COL12078561005,COL12078561005-36,0,209999.00,Botas impermeables de senderismo Strata Trail™ Mid de Columbia para mujer
Columbia,COL12078561005,COL12078561005-37,1,209999.00,Botas impermeables de senderismo Strata Trail™ Mid de Columbia para mujer
Columbia,COL12078561005,COL12078561005-38,0,209999.00,Botas impermeables de senderismo Strata Trail™ Mid de Columbia para mujer
Columbia,COL12078561005,COL12078561005-39,1,209999.00,Botas impermeables de senderismo Strata Trail™ Mid de Columbia para mujer
Columbia,COL12078561005,COL12078561005-40,2,209999.00,Botas impermeables de senderismo Strata Trail™ Mid de Columbia para mujer
Columbia,COL12078561033,COL12078561033-35,2,209999.00,Botas impermeables de senderismo Strata Trail™ Mid de Columbia para mujer
Columbia,COL12078561033,COL12078561033-36,2,209999.00,Botas impermeables de senderismo Strata Trail™ Mid de Columbia para mujer
Columbia,COL12078561033,COL12078561033-37,6,209999.00,Botas impermeables de senderismo Strata Trail™ Mid de Columbia para mujer
Columbia,COL12078561033,COL12078561033-38,4,209999.00,Botas impermeables de senderismo Strata Trail™ Mid de Columbia para mujer
Columbia,COL12078561033,COL12078561033-39,4,209999.00,Botas impermeables de senderismo Strata Trail™ Mid de Columbia para mujer
Columbia,COL12078561033,COL12078561033-40,2,209999.00,Botas impermeables de senderismo Strata Trail™ Mid de Columbia para mujer
Columbia,COL12067401013,COL12067401013-40,0,209999.00,Botas impermeables Transverse™ Hike de Columbia para hombre
Columbia,COL12067401013,COL12067401013-41,0,209999.00,Botas impermeables Transverse™ Hike de Columbia para hombre
Columbia,COL12067401013,COL12067401013-42,0,209999.00,Botas impermeables Transverse™ Hike de Columbia para hombre
Columbia,COL12067401013,COL12067401013-43,0,209999.00,Botas impermeables Transverse™ Hike de Columbia para hombre
Columbia,COL12067401013,COL12067401013-44,0,209999.00,Botas impermeables Transverse™ Hike de Columbia para hombre
Columbia,COL12067401013,COL12067401013-45,1,209999.00,Botas impermeables Transverse™ Hike de Columbia para hombre
Columbia,COL12067401231,COL12067401231-40,2,209999.00,Botas impermeables Transverse™ Hike de Columbia para hombre
Columbia,COL12067401231,COL12067401231-41,1,209999.00,Botas impermeables Transverse™ Hike de Columbia para hombre
Columbia,COL12067401231,COL12067401231-42,3,209999.00,Botas impermeables Transverse™ Hike de Columbia para hombre
Columbia,COL12067401231,COL12067401231-43,0,209999.00,Botas impermeables Transverse™ Hike de Columbia para hombre
Columbia,COL12067401231,COL12067401231-44,1,209999.00,Botas impermeables Transverse™ Hike de Columbia para hombre
Columbia,COL12067401231,COL12067401231-45,1,209999.00,Botas impermeables Transverse™ Hike de Columbia para hombre
Columbia,COL12109441231,COL12109441231-40,1,299999.00,Botas para caminar Newton Wander™ de Columbia para hombre
Columbia,COL12109441231,COL12109441231-40.5,3,299999.00,Botas para caminar Newton Wander™ de Columbia para hombre
Columbia,COL12109441231,COL12109441231-41,4,299999.00,Botas para caminar Newton Wander™ de Columbia para hombre
Columbia,COL12109441231,COL12109441231-42,5,299999.00,Botas para caminar Newton Wander™ de Columbia para hombre
Columbia,COL12109441231,COL12109441231-43,6,299999.00,Botas para caminar Newton Wander™ de Columbia para hombre
Columbia,COL12109441231,COL12109441231-43.5,3,299999.00,Botas para caminar Newton Wander™ de Columbia para hombre
Columbia,COL12109441231,COL12109441231-44,1,299999.00,Botas para caminar Newton Wander™ de Columbia para hombre
Columbia,COL12109441231,COL12109441231-44.5,3,299999.00,Botas para caminar Newton Wander™ de Columbia para hombre
Columbia,COL12109441231,COL12109441231-45,1,299999.00,Botas para caminar Newton Wander™ de Columbia para hombre
Columbia,COL12109441231,COL12109441231-46,2,299999.00,Botas para caminar Newton Wander™ de Columbia para hombre
Columbia,COL12109441089,COL12109441089-35,0,329999.00,Botas para caminar Newton Wander™ de Columbia para hombre
Columbia,COL12109441089,COL12109441089-36,0,329999.00,Botas para caminar Newton Wander™ de Columbia para hombre
Columbia,COL12109441089,COL12109441089-37,0,329999.00,Botas para caminar Newton Wander™ de Columbia para hombre
Columbia,COL12109441089,COL12109441089-38,0,329999.00,Botas para caminar Newton Wander™ de Columbia para hombre
Columbia,COL12109441089,COL12109441089-39,0,329999.00,Botas para caminar Newton Wander™ de Columbia para hombre
Columbia,COL12109441089,COL12109441089-40,2,329999.00,Botas para caminar Newton Wander™ de Columbia para hombre
Columbia,COL12109441089,COL12109441089-41,2,329999.00,Botas para caminar Newton Wander™ de Columbia para hombre
Columbia,COL12109441089,COL12109441089-42,2,329999.00,Botas para caminar Newton Wander™ de Columbia para hombre
Columbia,COL12109441089,COL12109441089-43,3,329999.00,Botas para caminar Newton Wander™ de Columbia para hombre
Columbia,COL12109441089,COL12109441089-44,3,329999.00,Botas para caminar Newton Wander™ de Columbia para hombre
Columbia,COL12109441089,COL12109441089-45,1,329999.00,Botas para caminar Newton Wander™ de Columbia para hombre
Columbia,COL12125531083,COL12125531083-35,1,299999.00,Botas para caminar Newton Wander™ de Columbia para mujer
Columbia,COL12125531083,COL12125531083-36,2,299999.00,Botas para caminar Newton Wander™ de Columbia para mujer
Columbia,COL12125531083,COL12125531083-37,2,299999.00,Botas para caminar Newton Wander™ de Columbia para mujer
Columbia,COL12125531083,COL12125531083-38,2,299999.00,Botas para caminar Newton Wander™ de Columbia para mujer
Columbia,COL12125531083,COL12125531083-39,1,299999.00,Botas para caminar Newton Wander™ de Columbia para mujer
Columbia,COL12125531083,COL12125531083-40,1,299999.00,Botas para caminar Newton Wander™ de Columbia para mujer
Columbia,COL12125531286,COL12125531286-35,2,299999.00,Botas para caminar Newton Wander™ de Columbia para mujer
Columbia,COL12125531286,COL12125531286-36,4,299999.00,Botas para caminar Newton Wander™ de Columbia para mujer
Columbia,COL12125531286,COL12125531286-37,6,299999.00,Botas para caminar Newton Wander™ de Columbia para mujer
Columbia,COL12125531286,COL12125531286-38,6,299999.00,Botas para caminar Newton Wander™ de Columbia para mujer
Columbia,COL12125531286,COL12125531286-39,3,299999.00,Botas para caminar Newton Wander™ de Columbia para mujer
Columbia,COL12125531286,COL12125531286-40,2,299999.00,Botas para caminar Newton Wander™ de Columbia para mujer
Columbia,COL22126381281,COL22126381281-XS,0,121999.00,Buzo Beaumount™ con capucha de algodón Columbia para hombre
Columbia,COL22126381281,COL22126381281-S,4,121999.00,Buzo Beaumount™ con capucha de algodón Columbia para hombre
Columbia,COL22126381281,COL22126381281-M,4,121999.00,Buzo Beaumount™ con capucha de algodón Columbia para hombre
Columbia,COL22126381281,COL22126381281-L,4,121999.00,Buzo Beaumount™ con capucha de algodón Columbia para hombre
Columbia,COL22126381281,COL22126381281-XL,5,121999.00,Buzo Beaumount™ con capucha de algodón Columbia para hombre
Columbia,COL22126381281,COL22126381281-XXL,2,121999.00,Buzo Beaumount™ con capucha de algodón Columbia para hombre
Columbia,COL22126381281,COL22126381281-XXXL,0,121999.00,Buzo Beaumount™ con capucha de algodón Columbia para hombre
Columbia,COL22095701023,COL22095701023-XS,0,109999.00,Buzo Columbia Meridian Creek™ para hombre
Columbia,COL22095701023,COL22095701023-S,4,109999.00,Buzo Columbia Meridian Creek™ para hombre
Columbia,COL22095701023,COL22095701023-M,6,109999.00,Buzo Columbia Meridian Creek™ para hombre
Columbia,COL22095701023,COL22095701023-L,5,109999.00,Buzo Columbia Meridian Creek™ para hombre
Columbia,COL22095701023,COL22095701023-XL,4,109999.00,Buzo Columbia Meridian Creek™ para hombre
Columbia,COL22095701023,COL22095701023-XXL,2,109999.00,Buzo Columbia Meridian Creek™ para hombre
Columbia,COL22095701023,COL22095701023-XXXL,0,109999.00,Buzo Columbia Meridian Creek™ para hombre
Columbia,COL22095701278,COL22095701278-XS,0,109999.00,Buzo Columbia Meridian Creek™ para hombre
Columbia,COL22095701278,COL22095701278-S,3,109999.00,Buzo Columbia Meridian Creek™ para hombre
Columbia,COL22095701278,COL22095701278-M,4,109999.00,Buzo Columbia Meridian Creek™ para hombre
Columbia,COL22095701278,COL22095701278-L,6,109999.00,Buzo Columbia Meridian Creek™ para hombre
Columbia,COL22095701278,COL22095701278-XL,6,109999.00,Buzo Columbia Meridian Creek™ para hombre
Columbia,COL22095701278,COL22095701278-XXL,2,109999.00,Buzo Columbia Meridian Creek™ para hombre
Columbia,COL22095701278,COL22095701278-XXXL,0,109999.00,Buzo Columbia Meridian Creek™ para hombre
Columbia,COL22095701430,COL22095701430-XS,0,109999.00,Buzo Columbia Meridian Creek™ para hombre
Columbia,COL22095701430,COL22095701430-S,2,109999.00,Buzo Columbia Meridian Creek™ para hombre
Columbia,COL22095701430,COL22095701430-M,1,109999.00,Buzo Columbia Meridian Creek™ para hombre
Columbia,COL22095701430,COL22095701430-L,1,109999.00,Buzo Columbia Meridian Creek™ para hombre
Columbia,COL22095701430,COL22095701430-XL,1,109999.00,Buzo Columbia Meridian Creek™ para hombre
Columbia,COL22095701430,COL22095701430-XXL,1,109999.00,Buzo Columbia Meridian Creek™ para hombre
Columbia,COL22095701430,COL22095701430-XXXL,0,109999.00,Buzo Columbia Meridian Creek™ para hombre
Columbia,COL21510631358,COL21510631358-XS,1,74999.00,Buzo de polar Benton Springs™ con cierre delantero  Columbia para niño
Columbia,COL21510631358,COL21510631358-S,1,74999.00,Buzo de polar Benton Springs™ con cierre delantero  Columbia para niño
Columbia,COL21510631358,COL21510631358-M,3,74999.00,Buzo de polar Benton Springs™ con cierre delantero  Columbia para niño
Columbia,COL21510631358,COL21510631358-L,3,74999.00,Buzo de polar Benton Springs™ con cierre delantero  Columbia para niño
Columbia,COL21510631358,COL21510631358-XL,2,74999.00,Buzo de polar Benton Springs™ con cierre delantero  Columbia para niño
Columbia,COL21510631358,COL21510631358-XXL,0,74999.00,Buzo de polar Benton Springs™ con cierre delantero  Columbia para niño
Columbia,COL21510631358,COL21510631358-XXXL,0,74999.00,Buzo de polar Benton Springs™ con cierre delantero  Columbia para niño
Columbia,COL21510631554,COL21510631554-XS,1,74999.00,Buzo de polar Benton Springs™ con cierre delantero  Columbia para niño
Columbia,COL21510631554,COL21510631554-S,1,74999.00,Buzo de polar Benton Springs™ con cierre delantero  Columbia para niño
Columbia,COL21510631554,COL21510631554-M,0,74999.00,Buzo de polar Benton Springs™ con cierre delantero  Columbia para niño
Columbia,COL21510631554,COL21510631554-L,1,74999.00,Buzo de polar Benton Springs™ con cierre delantero  Columbia para niño
Columbia,COL21510631554,COL21510631554-XL,2,74999.00,Buzo de polar Benton Springs™ con cierre delantero  Columbia para niño
Columbia,COL21510631554,COL21510631554-XXL,0,74999.00,Buzo de polar Benton Springs™ con cierre delantero  Columbia para niño
Columbia,COL21510631554,COL21510631554-XXXL,0,74999.00,Buzo de polar Benton Springs™ con cierre delantero  Columbia para niño
Columbia,COL21510631609,COL21510631609-XS,0,74999.00,Buzo de polar Benton Springs™ con cierre delantero  Columbia para niño
Columbia,COL21510631609,COL21510631609-S,1,74999.00,Buzo de polar Benton Springs™ con cierre delantero  Columbia para niño
Columbia,COL21510631609,COL21510631609-M,1,74999.00,Buzo de polar Benton Springs™ con cierre delantero  Columbia para niño
Columbia,COL21510631609,COL21510631609-L,2,74999.00,Buzo de polar Benton Springs™ con cierre delantero  Columbia para niño
Columbia,COL21510631609,COL21510631609-XL,2,74999.00,Buzo de polar Benton Springs™ con cierre delantero  Columbia para niño
Columbia,COL21510631609,COL21510631609-XXL,0,74999.00,Buzo de polar Benton Springs™ con cierre delantero  Columbia para niño
Columbia,COL21510631609,COL21510631609-XXXL,0,74999.00,Buzo de polar Benton Springs™ con cierre delantero  Columbia para niño
Columbia,COL22085651010,COL22085651010-XS,2,84999.00,Buzo de polar con medio cierre Benton Springs™ II de Columbia para mujer
Columbia,COL22085651010,COL22085651010-S,0,84999.00,Buzo de polar con medio cierre Benton Springs™ II de Columbia para mujer
Columbia,COL22085651010,COL22085651010-M,0,84999.00,Buzo de polar con medio cierre Benton Springs™ II de Columbia para mujer
Columbia,COL22085651010,COL22085651010-L,5,84999.00,Buzo de polar con medio cierre Benton Springs™ II de Columbia para mujer
Columbia,COL22085651010,COL22085651010-XL,2,84999.00,Buzo de polar con medio cierre Benton Springs™ II de Columbia para mujer
Columbia,COL22085651010,COL22085651010-XXL,0,84999.00,Buzo de polar con medio cierre Benton Springs™ II de Columbia para mujer
Columbia,COL22085651010,COL22085651010-XXXL,0,84999.00,Buzo de polar con medio cierre Benton Springs™ II de Columbia para mujer
Columbia,COL22085651125,COL22085651125-XS,0,84999.00,Buzo de polar con medio cierre Benton Springs™ II de Columbia para mujer
Columbia,COL22085651125,COL22085651125-S,0,84999.00,Buzo de polar con medio cierre Benton Springs™ II de Columbia para mujer
Columbia,COL22085651125,COL22085651125-M,0,84999.00,Buzo de polar con medio cierre Benton Springs™ II de Columbia para mujer
Columbia,COL22085651125,COL22085651125-L,0,84999.00,Buzo de polar con medio cierre Benton Springs™ II de Columbia para mujer
Columbia,COL22085651125,COL22085651125-XL,2,84999.00,Buzo de polar con medio cierre Benton Springs™ II de Columbia para mujer
Columbia,COL22085651125,COL22085651125-XXL,0,84999.00,Buzo de polar con medio cierre Benton Springs™ II de Columbia para mujer
Columbia,COL22085651125,COL22085651125-XXXL,0,84999.00,Buzo de polar con medio cierre Benton Springs™ II de Columbia para mujer
Columbia,COL22085651462,COL22085651462-XS,0,84999.00,Buzo de polar con medio cierre Benton Springs™ II de Columbia para mujer
Columbia,COL22085651462,COL22085651462-S,3,84999.00,Buzo de polar con medio cierre Benton Springs™ II de Columbia para mujer
Columbia,COL22085651462,COL22085651462-M,0,84999.00,Buzo de polar con medio cierre Benton Springs™ II de Columbia para mujer
Columbia,COL22085651462,COL22085651462-L,2,84999.00,Buzo de polar con medio cierre Benton Springs™ II de Columbia para mujer
Columbia,COL22085651462,COL22085651462-XL,0,84999.00,Buzo de polar con medio cierre Benton Springs™ II de Columbia para mujer
Columbia,COL22085651462,COL22085651462-XXL,0,84999.00,Buzo de polar con medio cierre Benton Springs™ II de Columbia para mujer
Columbia,COL22085651462,COL22085651462-XXXL,0,84999.00,Buzo de polar con medio cierre Benton Springs™ II de Columbia para mujer
Columbia,COL22085651551,COL22085651551-XS,1,84999.00,Buzo de polar con medio cierre Benton Springs™ II de Columbia para mujer
Columbia,COL22085651551,COL22085651551-S,1,84999.00,Buzo de polar con medio cierre Benton Springs™ II de Columbia para mujer
Columbia,COL22085651551,COL22085651551-M,0,84999.00,Buzo de polar con medio cierre Benton Springs™ II de Columbia para mujer
Columbia,COL22085651551,COL22085651551-L,0,84999.00,Buzo de polar con medio cierre Benton Springs™ II de Columbia para mujer
Columbia,COL22085651551,COL22085651551-XL,0,84999.00,Buzo de polar con medio cierre Benton Springs™ II de Columbia para mujer
Columbia,COL22085651551,COL22085651551-XXL,0,84999.00,Buzo de polar con medio cierre Benton Springs™ II de Columbia para mujer
Columbia,COL22085651551,COL22085651551-XXXL,0,84999.00,Buzo de polar con medio cierre Benton Springs™ II de Columbia para mujer
Columbia,COL22085651668,COL22085651668-XS,1,84999.00,Buzo de polar con medio cierre Benton Springs™ II de Columbia para mujer
Columbia,COL22085651668,COL22085651668-S,2,84999.00,Buzo de polar con medio cierre Benton Springs™ II de Columbia para mujer
Columbia,COL22085651668,COL22085651668-M,0,84999.00,Buzo de polar con medio cierre Benton Springs™ II de Columbia para mujer
Columbia,COL22085651668,COL22085651668-L,2,84999.00,Buzo de polar con medio cierre Benton Springs™ II de Columbia para mujer
Columbia,COL22085651668,COL22085651668-XL,1,84999.00,Buzo de polar con medio cierre Benton Springs™ II de Columbia para mujer
Columbia,COL22085651668,COL22085651668-XXL,0,84999.00,Buzo de polar con medio cierre Benton Springs™ II de Columbia para mujer
Columbia,COL22085651668,COL22085651668-XXXL,0,84999.00,Buzo de polar con medio cierre Benton Springs™ II de Columbia para mujer
Columbia,COL22090891193,COL22090891193-XS,1,134999.00,Buzo de polar Helvetia™ II con medio cierre snap Columbia para hombre
Columbia,COL22090891193,COL22090891193-S,0,134999.00,Buzo de polar Helvetia™ II con medio cierre snap Columbia para hombre
Columbia,COL22090891193,COL22090891193-M,0,134999.00,Buzo de polar Helvetia™ II con medio cierre snap Columbia para hombre
Columbia,COL22090891193,COL22090891193-L,0,134999.00,Buzo de polar Helvetia™ II con medio cierre snap Columbia para hombre
Columbia,COL22090891193,COL22090891193-XL,0,134999.00,Buzo de polar Helvetia™ II con medio cierre snap Columbia para hombre
Columbia,COL22090891193,COL22090891193-XXL,0,134999.00,Buzo de polar Helvetia™ II con medio cierre snap Columbia para hombre
Columbia,COL22090891193,COL22090891193-XXXL,0,134999.00,Buzo de polar Helvetia™ II con medio cierre snap Columbia para hombre
Columbia,COL22090891379,COL22090891379-XS,0,134999.00,Buzo de polar Helvetia™ II con medio cierre snap Columbia para hombre
Columbia,COL22090891379,COL22090891379-S,1,134999.00,Buzo de polar Helvetia™ II con medio cierre snap Columbia para hombre
Columbia,COL22090891379,COL22090891379-M,4,134999.00,Buzo de polar Helvetia™ II con medio cierre snap Columbia para hombre
Columbia,COL22090891379,COL22090891379-L,0,134999.00,Buzo de polar Helvetia™ II con medio cierre snap Columbia para hombre
Columbia,COL22090891379,COL22090891379-XL,0,134999.00,Buzo de polar Helvetia™ II con medio cierre snap Columbia para hombre
Columbia,COL22090891379,COL22090891379-XXL,0,134999.00,Buzo de polar Helvetia™ II con medio cierre snap Columbia para hombre
Columbia,COL22090891379,COL22090891379-XXXL,0,134999.00,Buzo de polar Helvetia™ II con medio cierre snap Columbia para hombre
Columbia,COL22090891461,COL22090891461-XS,1,134999.00,Buzo de polar Helvetia™ II con medio cierre snap Columbia para hombre
Columbia,COL22090891461,COL22090891461-S,4,134999.00,Buzo de polar Helvetia™ II con medio cierre snap Columbia para hombre
Columbia,COL22090891461,COL22090891461-M,1,134999.00,Buzo de polar Helvetia™ II con medio cierre snap Columbia para hombre
Columbia,COL22090891461,COL22090891461-L,0,134999.00,Buzo de polar Helvetia™ II con medio cierre snap Columbia para hombre
Columbia,COL22090891461,COL22090891461-XL,0,134999.00,Buzo de polar Helvetia™ II con medio cierre snap Columbia para hombre
Columbia,COL22090891461,COL22090891461-XXL,0,134999.00,Buzo de polar Helvetia™ II con medio cierre snap Columbia para hombre
Columbia,COL22090891461,COL22090891461-XXXL,0,134999.00,Buzo de polar Helvetia™ II con medio cierre snap Columbia para hombre
Columbia,COL22090891464,COL22090891464-XS,2,134999.00,Buzo de polar Helvetia™ II con medio cierre snap Columbia para hombre
Columbia,COL22090891464,COL22090891464-S,0,134999.00,Buzo de polar Helvetia™ II con medio cierre snap Columbia para hombre
Columbia,COL22090891464,COL22090891464-M,0,134999.00,Buzo de polar Helvetia™ II con medio cierre snap Columbia para hombre
Columbia,COL22090891464,COL22090891464-L,0,134999.00,Buzo de polar Helvetia™ II con medio cierre snap Columbia para hombre
Columbia,COL22090891464,COL22090891464-XL,0,134999.00,Buzo de polar Helvetia™ II con medio cierre snap Columbia para hombre
Columbia,COL22090891464,COL22090891464-XXL,0,134999.00,Buzo de polar Helvetia™ II con medio cierre snap Columbia para hombre
Columbia,COL22090891464,COL22090891464-XXXL,0,134999.00,Buzo de polar Helvetia™ II con medio cierre snap Columbia para hombre
Columbia,COL22098461225,COL22098461225-XS,0,159999.00,Buzo de polar Helvetia™ II con medio cierre snap Columbia para hombre
Columbia,COL22098461225,COL22098461225-S,1,159999.00,Buzo de polar Helvetia™ II con medio cierre snap Columbia para hombre
Columbia,COL22098461225,COL22098461225-M,0,159999.00,Buzo de polar Helvetia™ II con medio cierre snap Columbia para hombre
Columbia,COL22098461225,COL22098461225-L,2,159999.00,Buzo de polar Helvetia™ II con medio cierre snap Columbia para hombre
Columbia,COL22098461225,COL22098461225-XL,0,159999.00,Buzo de polar Helvetia™ II con medio cierre snap Columbia para hombre
Columbia,COL22098461225,COL22098461225-XXL,1,159999.00,Buzo de polar Helvetia™ II con medio cierre snap Columbia para hombre
Columbia,COL22098461225,COL22098461225-XXXL,0,159999.00,Buzo de polar Helvetia™ II con medio cierre snap Columbia para hombre
Columbia,COL22092231272,COL22092231272-XS,0,139999.00,Buzo Helvetia™ II de polar con medio cierre snap Columbia para mujer
Columbia,COL22092231272,COL22092231272-S,0,139999.00,Buzo Helvetia™ II de polar con medio cierre snap Columbia para mujer
Columbia,COL22092231272,COL22092231272-M,0,139999.00,Buzo Helvetia™ II de polar con medio cierre snap Columbia para mujer
Columbia,COL22092231272,COL22092231272-L,0,139999.00,Buzo Helvetia™ II de polar con medio cierre snap Columbia para mujer
Columbia,COL22092231272,COL22092231272-XL,4,139999.00,Buzo Helvetia™ II de polar con medio cierre snap Columbia para mujer
Columbia,COL22092231272,COL22092231272-XXL,0,139999.00,Buzo Helvetia™ II de polar con medio cierre snap Columbia para mujer
Columbia,COL22092231272,COL22092231272-XXXL,0,139999.00,Buzo Helvetia™ II de polar con medio cierre snap Columbia para mujer
Columbia,COL22092231379,COL22092231379-XS,2,139999.00,Buzo Helvetia™ II de polar con medio cierre snap Columbia para mujer
Columbia,COL22092231379,COL22092231379-S,5,139999.00,Buzo Helvetia™ II de polar con medio cierre snap Columbia para mujer
Columbia,COL22092231379,COL22092231379-M,5,139999.00,Buzo Helvetia™ II de polar con medio cierre snap Columbia para mujer
Columbia,COL22092231379,COL22092231379-L,5,139999.00,Buzo Helvetia™ II de polar con medio cierre snap Columbia para mujer
Columbia,COL22092231379,COL22092231379-XL,3,139999.00,Buzo Helvetia™ II de polar con medio cierre snap Columbia para mujer
Columbia,COL22092231379,COL22092231379-XXL,0,139999.00,Buzo Helvetia™ II de polar con medio cierre snap Columbia para mujer
Columbia,COL22092231379,COL22092231379-XXXL,0,139999.00,Buzo Helvetia™ II de polar con medio cierre snap Columbia para mujer
Columbia,COL22092231429,COL22092231429-XS,2,139999.00,Buzo Helvetia™ II de polar con medio cierre snap Columbia para mujer
Columbia,COL22092231429,COL22092231429-S,1,139999.00,Buzo Helvetia™ II de polar con medio cierre snap Columbia para mujer
Columbia,COL22092231429,COL22092231429-M,2,139999.00,Buzo Helvetia™ II de polar con medio cierre snap Columbia para mujer
Columbia,COL22092231429,COL22092231429-L,3,139999.00,Buzo Helvetia™ II de polar con medio cierre snap Columbia para mujer
Columbia,COL22092231429,COL22092231429-XL,1,139999.00,Buzo Helvetia™ II de polar con medio cierre snap Columbia para mujer
Columbia,COL22092231429,COL22092231429-XXL,0,139999.00,Buzo Helvetia™ II de polar con medio cierre snap Columbia para mujer
Columbia,COL22092231429,COL22092231429-XXXL,0,139999.00,Buzo Helvetia™ II de polar con medio cierre snap Columbia para mujer
Columbia,COL22092231462,COL22092231462-XS,0,139999.00,Buzo Helvetia™ II de polar con medio cierre snap Columbia para mujer
Columbia,COL22092231462,COL22092231462-S,0,139999.00,Buzo Helvetia™ II de polar con medio cierre snap Columbia para mujer
Columbia,COL22092231462,COL22092231462-M,1,139999.00,Buzo Helvetia™ II de polar con medio cierre snap Columbia para mujer
Columbia,COL22092231462,COL22092231462-L,5,139999.00,Buzo Helvetia™ II de polar con medio cierre snap Columbia para mujer
Columbia,COL22092231462,COL22092231462-XL,3,139999.00,Buzo Helvetia™ II de polar con medio cierre snap Columbia para mujer
Columbia,COL22092231462,COL22092231462-XXL,0,139999.00,Buzo Helvetia™ II de polar con medio cierre snap Columbia para mujer
Columbia,COL22092231462,COL22092231462-XXXL,0,139999.00,Buzo Helvetia™ II de polar con medio cierre snap Columbia para mujer
Columbia,COL22092231555,COL22092231555-XS,1,139999.00,Buzo Helvetia™ II de polar con medio cierre snap Columbia para mujer
Columbia,COL22092231555,COL22092231555-S,0,139999.00,Buzo Helvetia™ II de polar con medio cierre snap Columbia para mujer
Columbia,COL22092231555,COL22092231555-M,0,139999.00,Buzo Helvetia™ II de polar con medio cierre snap Columbia para mujer
Columbia,COL22092231555,COL22092231555-L,2,139999.00,Buzo Helvetia™ II de polar con medio cierre snap Columbia para mujer
Columbia,COL22092231555,COL22092231555-XL,1,139999.00,Buzo Helvetia™ II de polar con medio cierre snap Columbia para mujer
Columbia,COL22092231555,COL22092231555-XXL,0,139999.00,Buzo Helvetia™ II de polar con medio cierre snap Columbia para mujer
Columbia,COL22092231555,COL22092231555-XXXL,0,139999.00,Buzo Helvetia™ II de polar con medio cierre snap Columbia para mujer
Columbia,COL22092231561,COL22092231561-XS,2,139999.00,Buzo Helvetia™ II de polar con medio cierre snap Columbia para mujer
Columbia,COL22092231561,COL22092231561-S,2,139999.00,Buzo Helvetia™ II de polar con medio cierre snap Columbia para mujer
Columbia,COL22092231561,COL22092231561-M,1,139999.00,Buzo Helvetia™ II de polar con medio cierre snap Columbia para mujer
Columbia,COL22092231561,COL22092231561-L,3,139999.00,Buzo Helvetia™ II de polar con medio cierre snap Columbia para mujer
Columbia,COL22092231561,COL22092231561-XL,0,139999.00,Buzo Helvetia™ II de polar con medio cierre snap Columbia para mujer
Columbia,COL22092231561,COL22092231561-XXL,0,139999.00,Buzo Helvetia™ II de polar con medio cierre snap Columbia para mujer
Columbia,COL22092231561,COL22092231561-XXXL,0,139999.00,Buzo Helvetia™ II de polar con medio cierre snap Columbia para mujer
Columbia,COL22092231643,COL22092231643-XS,2,139999.00,Buzo Helvetia™ II de polar con medio cierre snap Columbia para mujer
Columbia,COL22092231643,COL22092231643-S,2,139999.00,Buzo Helvetia™ II de polar con medio cierre snap Columbia para mujer
Columbia,COL22092231643,COL22092231643-M,4,139999.00,Buzo Helvetia™ II de polar con medio cierre snap Columbia para mujer
Columbia,COL22092231643,COL22092231643-L,2,139999.00,Buzo Helvetia™ II de polar con medio cierre snap Columbia para mujer
Columbia,COL22092231643,COL22092231643-XL,3,139999.00,Buzo Helvetia™ II de polar con medio cierre snap Columbia para mujer
Columbia,COL22092231643,COL22092231643-XXL,0,139999.00,Buzo Helvetia™ II de polar con medio cierre snap Columbia para mujer
Columbia,COL22092231643,COL22092231643-XXXL,0,139999.00,Buzo Helvetia™ II de polar con medio cierre snap Columbia para mujer
Columbia,COL22092231694,COL22092231694-XS,1,139999.00,Buzo Helvetia™ II de polar con medio cierre snap Columbia para mujer
Columbia,COL22092231694,COL22092231694-S,4,139999.00,Buzo Helvetia™ II de polar con medio cierre snap Columbia para mujer
Columbia,COL22092231694,COL22092231694-M,5,139999.00,Buzo Helvetia™ II de polar con medio cierre snap Columbia para mujer
Columbia,COL22092231694,COL22092231694-L,5,139999.00,Buzo Helvetia™ II de polar con medio cierre snap Columbia para mujer
Columbia,COL22092231694,COL22092231694-XL,3,139999.00,Buzo Helvetia™ II de polar con medio cierre snap Columbia para mujer
Columbia,COL22092231694,COL22092231694-XXL,0,139999.00,Buzo Helvetia™ II de polar con medio cierre snap Columbia para mujer
Columbia,COL22092231694,COL22092231694-XXXL,0,139999.00,Buzo Helvetia™ II de polar con medio cierre snap Columbia para mujer
Columbia,COL22098501256,COL22098501256-XS,0,149999.00,Buzo Helvetia™ II de polar con medio cierre snap Columbia para mujer
Columbia,COL22098501256,COL22098501256-S,1,149999.00,Buzo Helvetia™ II de polar con medio cierre snap Columbia para mujer
Columbia,COL22098501256,COL22098501256-M,0,149999.00,Buzo Helvetia™ II de polar con medio cierre snap Columbia para mujer
Columbia,COL22098501256,COL22098501256-L,2,149999.00,Buzo Helvetia™ II de polar con medio cierre snap Columbia para mujer
Columbia,COL22098501256,COL22098501256-XL,1,149999.00,Buzo Helvetia™ II de polar con medio cierre snap Columbia para mujer
Columbia,COL22098501256,COL22098501256-XXL,0,149999.00,Buzo Helvetia™ II de polar con medio cierre snap Columbia para mujer
Columbia,COL22098501256,COL22098501256-XXXL,0,149999.00,Buzo Helvetia™ II de polar con medio cierre snap Columbia para mujer
Columbia,COL22098501554,COL22098501554-XS,1,149999.00,Buzo Helvetia™ II de polar con medio cierre snap Columbia para mujer
Columbia,COL22098501554,COL22098501554-S,1,149999.00,Buzo Helvetia™ II de polar con medio cierre snap Columbia para mujer
Columbia,COL22098501554,COL22098501554-M,0,149999.00,Buzo Helvetia™ II de polar con medio cierre snap Columbia para mujer
Columbia,COL22098501554,COL22098501554-L,2,149999.00,Buzo Helvetia™ II de polar con medio cierre snap Columbia para mujer
Columbia,COL22098501554,COL22098501554-XL,0,149999.00,Buzo Helvetia™ II de polar con medio cierre snap Columbia para mujer
Columbia,COL22098501554,COL22098501554-XXL,0,149999.00,Buzo Helvetia™ II de polar con medio cierre snap Columbia para mujer
Columbia,COL22098501554,COL22098501554-XXXL,0,149999.00,Buzo Helvetia™ II de polar con medio cierre snap Columbia para mujer
Columbia,COL22092231008,COL22092231008-XS,0,139999.00,Buzo Helvetia™ II de polar con medio cierre snap Columbia para mujer
Columbia,COL22092231008,COL22092231008-S,1,139999.00,Buzo Helvetia™ II de polar con medio cierre snap Columbia para mujer
Columbia,COL22092231008,COL22092231008-M,5,139999.00,Buzo Helvetia™ II de polar con medio cierre snap Columbia para mujer
Columbia,COL22092231008,COL22092231008-L,4,139999.00,Buzo Helvetia™ II de polar con medio cierre snap Columbia para mujer
Columbia,COL22092231008,COL22092231008-XL,2,139999.00,Buzo Helvetia™ II de polar con medio cierre snap Columbia para mujer
Columbia,COL22092231008,COL22092231008-XXL,0,139999.00,Buzo Helvetia™ II de polar con medio cierre snap Columbia para mujer
Columbia,COL22092231008,COL22092231008-XXXL,0,139999.00,Buzo Helvetia™ II de polar con medio cierre snap Columbia para mujer
Columbia,COL22155761010,COL22155761010-XS,1,99999.00,Buzo técnico de manga larga con capucha Stealth Spring™ de Columbia para mujer
Columbia,COL22155761010,COL22155761010-S,6,99999.00,Buzo técnico de manga larga con capucha Stealth Spring™ de Columbia para mujer
Columbia,COL22155761010,COL22155761010-M,6,99999.00,Buzo técnico de manga larga con capucha Stealth Spring™ de Columbia para mujer
Columbia,COL22155761010,COL22155761010-L,6,99999.00,Buzo técnico de manga larga con capucha Stealth Spring™ de Columbia para mujer
Columbia,COL22155761010,COL22155761010-XL,4,99999.00,Buzo técnico de manga larga con capucha Stealth Spring™ de Columbia para mujer
Columbia,COL22155761010,COL22155761010-XXL,0,99999.00,Buzo técnico de manga larga con capucha Stealth Spring™ de Columbia para mujer
Columbia,COL22155761010,COL22155761010-XXXL,0,99999.00,Buzo técnico de manga larga con capucha Stealth Spring™ de Columbia para mujer
Columbia,COL22155761482,COL22155761482-XS,2,99999.00,Buzo técnico de manga larga con capucha Stealth Spring™ de Columbia para mujer
Columbia,COL22155761482,COL22155761482-S,6,99999.00,Buzo técnico de manga larga con capucha Stealth Spring™ de Columbia para mujer
Columbia,COL22155761482,COL22155761482-M,5,99999.00,Buzo técnico de manga larga con capucha Stealth Spring™ de Columbia para mujer
Columbia,COL22155761482,COL22155761482-L,6,99999.00,Buzo técnico de manga larga con capucha Stealth Spring™ de Columbia para mujer
Columbia,COL22155761482,COL22155761482-XL,4,99999.00,Buzo técnico de manga larga con capucha Stealth Spring™ de Columbia para mujer
Columbia,COL22155761482,COL22155761482-XXL,0,99999.00,Buzo técnico de manga larga con capucha Stealth Spring™ de Columbia para mujer
Columbia,COL22155761482,COL22155761482-XXXL,0,99999.00,Buzo técnico de manga larga con capucha Stealth Spring™ de Columbia para mujer
Columbia,COL21638601011,COL21638601011-XS,0,129999.00,Calza térmica larga Midweight Stretch   Columbia para hombre
Columbia,COL21638601011,COL21638601011-S,3,129999.00,Calza térmica larga Midweight Stretch   Columbia para hombre
Columbia,COL21638601011,COL21638601011-M,8,129999.00,Calza térmica larga Midweight Stretch   Columbia para hombre
Columbia,COL21638601011,COL21638601011-L,7,129999.00,Calza térmica larga Midweight Stretch   Columbia para hombre
Columbia,COL21638601011,COL21638601011-XL,6,129999.00,Calza térmica larga Midweight Stretch   Columbia para hombre
Columbia,COL21638601011,COL21638601011-XXL,3,129999.00,Calza térmica larga Midweight Stretch   Columbia para hombre
Columbia,COL21638601011,COL21638601011-XXXL,0,129999.00,Calza térmica larga Midweight Stretch   Columbia para hombre
Columbia,COL21639031011,COL21639031011-XS,0,99999.00,Calza térmica larga Midweight Stretch Columbia para mujer
Columbia,COL21639031011,COL21639031011-S,1,99999.00,Calza térmica larga Midweight Stretch Columbia para mujer
Columbia,COL21639031011,COL21639031011-M,4,99999.00,Calza térmica larga Midweight Stretch Columbia para mujer
Columbia,COL21639031011,COL21639031011-L,3,99999.00,Calza térmica larga Midweight Stretch Columbia para mujer
Columbia,COL21639031011,COL21639031011-XL,3,99999.00,Calza térmica larga Midweight Stretch Columbia para mujer
Columbia,COL21639031011,COL21639031011-XXL,0,99999.00,Calza térmica larga Midweight Stretch Columbia para mujer
Columbia,COL21639031011,COL21639031011-XXXL,0,99999.00,Calza térmica larga Midweight Stretch Columbia para mujer
Columbia,COL22072961011,COL22072961011-XS,1,79999.00,Calzas Move™ de Columbia para mujer
Columbia,COL22072961011,COL22072961011-S,1,79999.00,Calzas Move™ de Columbia para mujer
Columbia,COL22072961011,COL22072961011-M,0,79999.00,Calzas Move™ de Columbia para mujer
Columbia,COL22072961011,COL22072961011-L,0,79999.00,Calzas Move™ de Columbia para mujer
Columbia,COL22072961011,COL22072961011-XL,0,79999.00,Calzas Move™ de Columbia para mujer
Columbia,COL22072961011,COL22072961011-XXL,0,79999.00,Calzas Move™ de Columbia para mujer
Columbia,COL22072961011,COL22072961011-XXXL,0,79999.00,Calzas Move™ de Columbia para mujer
Columbia,COL22072961429,COL22072961429-XS,0,79999.00,Calzas Move™ de Columbia para mujer
Columbia,COL22072961429,COL22072961429-S,1,79999.00,Calzas Move™ de Columbia para mujer
Columbia,COL22072961429,COL22072961429-M,1,79999.00,Calzas Move™ de Columbia para mujer
Columbia,COL22072961429,COL22072961429-L,1,79999.00,Calzas Move™ de Columbia para mujer
Columbia,COL22072961429,COL22072961429-XL,4,79999.00,Calzas Move™ de Columbia para mujer
Columbia,COL22072961429,COL22072961429-XXL,0,79999.00,Calzas Move™ de Columbia para mujer
Columbia,COL22072961429,COL22072961429-XXXL,0,79999.00,Calzas Move™ de Columbia para mujer
Columbia,COL21011621009,COL21011621009-XS,0,119999.00,Camisa Bahama™ II de Columbia para hombre
Columbia,COL21011621009,COL21011621009-S,2,119999.00,Camisa Bahama™ II de Columbia para hombre
Columbia,COL21011621009,COL21011621009-M,0,119999.00,Camisa Bahama™ II de Columbia para hombre
Columbia,COL21011621009,COL21011621009-L,1,119999.00,Camisa Bahama™ II de Columbia para hombre
Columbia,COL21011621009,COL21011621009-XL,0,119999.00,Camisa Bahama™ II de Columbia para hombre
Columbia,COL21011621009,COL21011621009-XXL,0,119999.00,Camisa Bahama™ II de Columbia para hombre
Columbia,COL21011621009,COL21011621009-XXXL,0,119999.00,Camisa Bahama™ II de Columbia para hombre
Columbia,COL21011621103,COL21011621103-XS,0,119999.00,Camisa Bahama™ II de Columbia para hombre
Columbia,COL21011621103,COL21011621103-S,3,119999.00,Camisa Bahama™ II de Columbia para hombre
Columbia,COL21011621103,COL21011621103-M,3,119999.00,Camisa Bahama™ II de Columbia para hombre
Columbia,COL21011621103,COL21011621103-L,3,119999.00,Camisa Bahama™ II de Columbia para hombre
Columbia,COL21011621103,COL21011621103-XL,3,119999.00,Camisa Bahama™ II de Columbia para hombre
Columbia,COL21011621103,COL21011621103-XXL,1,119999.00,Camisa Bahama™ II de Columbia para hombre
Columbia,COL21011621103,COL21011621103-XXXL,0,119999.00,Camisa Bahama™ II de Columbia para hombre
Columbia,COL21011621159,COL21011621159-XS,0,119999.00,Camisa Bahama™ II de Columbia para hombre
Columbia,COL21011621159,COL21011621159-S,1,119999.00,Camisa Bahama™ II de Columbia para hombre
Columbia,COL21011621159,COL21011621159-M,0,119999.00,Camisa Bahama™ II de Columbia para hombre
Columbia,COL21011621159,COL21011621159-L,1,119999.00,Camisa Bahama™ II de Columbia para hombre
Columbia,COL21011621159,COL21011621159-XL,1,119999.00,Camisa Bahama™ II de Columbia para hombre
Columbia,COL21011621159,COL21011621159-XXL,2,119999.00,Camisa Bahama™ II de Columbia para hombre
Columbia,COL21011621159,COL21011621159-XXXL,0,119999.00,Camisa Bahama™ II de Columbia para hombre
Columbia,COL21011621466,COL21011621466-XS,0,119999.00,Camisa Bahama™ II de Columbia para hombre
Columbia,COL21011621466,COL21011621466-S,1,119999.00,Camisa Bahama™ II de Columbia para hombre
Columbia,COL21011621466,COL21011621466-M,4,119999.00,Camisa Bahama™ II de Columbia para hombre
Columbia,COL21011621466,COL21011621466-L,3,119999.00,Camisa Bahama™ II de Columbia para hombre
Columbia,COL21011621466,COL21011621466-XL,5,119999.00,Camisa Bahama™ II de Columbia para hombre
Columbia,COL21011621466,COL21011621466-XXL,0,119999.00,Camisa Bahama™ II de Columbia para hombre
Columbia,COL21011621466,COL21011621466-XXXL,0,119999.00,Camisa Bahama™ II de Columbia para hombre
Columbia,COL22092981031,COL22092981031-XS,1,109999.00,Camisa Bahama™ II manga larga con protección solar Columbia para mujer
Columbia,COL22092981031,COL22092981031-S,3,109999.00,Camisa Bahama™ II manga larga con protección solar Columbia para mujer
Columbia,COL22092981031,COL22092981031-M,1,109999.00,Camisa Bahama™ II manga larga con protección solar Columbia para mujer
Columbia,COL22092981031,COL22092981031-L,1,109999.00,Camisa Bahama™ II manga larga con protección solar Columbia para mujer
Columbia,COL22092981031,COL22092981031-XL,1,109999.00,Camisa Bahama™ II manga larga con protección solar Columbia para mujer
Columbia,COL22092981031,COL22092981031-XXL,0,109999.00,Camisa Bahama™ II manga larga con protección solar Columbia para mujer
Columbia,COL22092981031,COL22092981031-XXXL,0,109999.00,Camisa Bahama™ II manga larga con protección solar Columbia para mujer
Columbia,COL22092981556,COL22092981556-XS,1,109999.00,Camisa Bahama™ II manga larga con protección solar Columbia para mujer
Columbia,COL22092981556,COL22092981556-S,2,109999.00,Camisa Bahama™ II manga larga con protección solar Columbia para mujer
Columbia,COL22092981556,COL22092981556-M,3,109999.00,Camisa Bahama™ II manga larga con protección solar Columbia para mujer
Columbia,COL22092981556,COL22092981556-L,3,109999.00,Camisa Bahama™ II manga larga con protección solar Columbia para mujer
Columbia,COL22092981556,COL22092981556-XL,2,109999.00,Camisa Bahama™ II manga larga con protección solar Columbia para mujer
Columbia,COL22092981556,COL22092981556-XXL,0,109999.00,Camisa Bahama™ II manga larga con protección solar Columbia para mujer
Columbia,COL22092981556,COL22092981556-XXXL,0,109999.00,Camisa Bahama™ II manga larga con protección solar Columbia para mujer
Columbia,COL22092981010,COL22092981010-XS,1,109999.00,Camisa Bahama™ II manga larga con protección solar Columbia para mujer
Columbia,COL22092981010,COL22092981010-S,3,109999.00,Camisa Bahama™ II manga larga con protección solar Columbia para mujer
Columbia,COL22092981010,COL22092981010-M,3,109999.00,Camisa Bahama™ II manga larga con protección solar Columbia para mujer
Columbia,COL22092981010,COL22092981010-L,2,109999.00,Camisa Bahama™ II manga larga con protección solar Columbia para mujer
Columbia,COL22092981010,COL22092981010-XL,2,109999.00,Camisa Bahama™ II manga larga con protección solar Columbia para mujer
Columbia,COL22092981010,COL22092981010-XXL,0,109999.00,Camisa Bahama™ II manga larga con protección solar Columbia para mujer
Columbia,COL22092981010,COL22092981010-XXXL,0,109999.00,Camisa Bahama™ II manga larga con protección solar Columbia para mujer
Columbia,COL22092991010,COL22092991010-XS,1,99999.00,Camisa Bahama™ II manga larga con protección solar Columbia para mujer
Columbia,COL22092991010,COL22092991010-S,3,99999.00,Camisa Bahama™ II manga larga con protección solar Columbia para mujer
Columbia,COL22092991010,COL22092991010-M,3,99999.00,Camisa Bahama™ II manga larga con protección solar Columbia para mujer
Columbia,COL22092991010,COL22092991010-L,3,99999.00,Camisa Bahama™ II manga larga con protección solar Columbia para mujer
Columbia,COL22092991010,COL22092991010-XL,2,99999.00,Camisa Bahama™ II manga larga con protección solar Columbia para mujer
Columbia,COL22092991010,COL22092991010-XXL,0,99999.00,Camisa Bahama™ II manga larga con protección solar Columbia para mujer
Columbia,COL22092991010,COL22092991010-XXXL,0,99999.00,Camisa Bahama™ II manga larga con protección solar Columbia para mujer
Columbia,COL22092991276,COL22092991276-XS,1,99999.00,Camisa Bahama™ II manga larga con protección solar Columbia para mujer
Columbia,COL22092991276,COL22092991276-S,3,99999.00,Camisa Bahama™ II manga larga con protección solar Columbia para mujer
Columbia,COL22092991276,COL22092991276-M,3,99999.00,Camisa Bahama™ II manga larga con protección solar Columbia para mujer
Columbia,COL22092991276,COL22092991276-L,3,99999.00,Camisa Bahama™ II manga larga con protección solar Columbia para mujer
Columbia,COL22092991276,COL22092991276-XL,2,99999.00,Camisa Bahama™ II manga larga con protección solar Columbia para mujer
Columbia,COL22092991276,COL22092991276-XXL,0,99999.00,Camisa Bahama™ II manga larga con protección solar Columbia para mujer
Columbia,COL22092991276,COL22092991276-XXXL,0,99999.00,Camisa Bahama™ II manga larga con protección solar Columbia para mujer
Columbia,COL22092991556,COL22092991556-XS,1,99999.00,Camisa Bahama™ II manga larga con protección solar Columbia para mujer
Columbia,COL22092991556,COL22092991556-S,3,99999.00,Camisa Bahama™ II manga larga con protección solar Columbia para mujer
Columbia,COL22092991556,COL22092991556-M,3,99999.00,Camisa Bahama™ II manga larga con protección solar Columbia para mujer
Columbia,COL22092991556,COL22092991556-L,3,99999.00,Camisa Bahama™ II manga larga con protección solar Columbia para mujer
Columbia,COL22092991556,COL22092991556-XL,1,99999.00,Camisa Bahama™ II manga larga con protección solar Columbia para mujer
Columbia,COL22092991556,COL22092991556-XXL,0,99999.00,Camisa Bahama™ II manga larga con protección solar Columbia para mujer
Columbia,COL22092991556,COL22092991556-XXXL,0,99999.00,Camisa Bahama™ II manga larga con protección solar Columbia para mujer
Columbia,COL21011651009,COL21011651009-XS,0,109999.00,Camisa de manga corta Bahama™ II de Columbia para hombre
Columbia,COL21011651009,COL21011651009-S,2,109999.00,Camisa de manga corta Bahama™ II de Columbia para hombre
Columbia,COL21011651009,COL21011651009-M,3,109999.00,Camisa de manga corta Bahama™ II de Columbia para hombre
Columbia,COL21011651009,COL21011651009-L,3,109999.00,Camisa de manga corta Bahama™ II de Columbia para hombre
Columbia,COL21011651009,COL21011651009-XL,3,109999.00,Camisa de manga corta Bahama™ II de Columbia para hombre
Columbia,COL21011651009,COL21011651009-XXL,0,109999.00,Camisa de manga corta Bahama™ II de Columbia para hombre
Columbia,COL21011651009,COL21011651009-XXXL,0,109999.00,Camisa de manga corta Bahama™ II de Columbia para hombre
Columbia,COL21011651103,COL21011651103-XS,0,109999.00,Camisa de manga corta Bahama™ II de Columbia para hombre
Columbia,COL21011651103,COL21011651103-S,2,109999.00,Camisa de manga corta Bahama™ II de Columbia para hombre
Columbia,COL21011651103,COL21011651103-M,3,109999.00,Camisa de manga corta Bahama™ II de Columbia para hombre
Columbia,COL21011651103,COL21011651103-L,3,109999.00,Camisa de manga corta Bahama™ II de Columbia para hombre
Columbia,COL21011651103,COL21011651103-XL,3,109999.00,Camisa de manga corta Bahama™ II de Columbia para hombre
Columbia,COL21011651103,COL21011651103-XXL,1,109999.00,Camisa de manga corta Bahama™ II de Columbia para hombre
Columbia,COL21011651103,COL21011651103-XXXL,0,109999.00,Camisa de manga corta Bahama™ II de Columbia para hombre
Columbia,COL21011651162,COL21011651162-XS,0,109999.00,Camisa de manga corta Bahama™ II de Columbia para hombre
Columbia,COL21011651162,COL21011651162-S,2,109999.00,Camisa de manga corta Bahama™ II de Columbia para hombre
Columbia,COL21011651162,COL21011651162-M,3,109999.00,Camisa de manga corta Bahama™ II de Columbia para hombre
Columbia,COL21011651162,COL21011651162-L,2,109999.00,Camisa de manga corta Bahama™ II de Columbia para hombre
Columbia,COL21011651162,COL21011651162-XL,2,109999.00,Camisa de manga corta Bahama™ II de Columbia para hombre
Columbia,COL21011651162,COL21011651162-XXL,1,109999.00,Camisa de manga corta Bahama™ II de Columbia para hombre
Columbia,COL21011651162,COL21011651162-XXXL,0,109999.00,Camisa de manga corta Bahama™ II de Columbia para hombre
Columbia,COL21011651317,COL21011651317-XS,0,109999.00,Camisa de manga corta Bahama™ II de Columbia para hombre
Columbia,COL21011651317,COL21011651317-S,2,109999.00,Camisa de manga corta Bahama™ II de Columbia para hombre
Columbia,COL21011651317,COL21011651317-M,3,109999.00,Camisa de manga corta Bahama™ II de Columbia para hombre
Columbia,COL21011651317,COL21011651317-L,1,109999.00,Camisa de manga corta Bahama™ II de Columbia para hombre
Columbia,COL21011651317,COL21011651317-XL,1,109999.00,Camisa de manga corta Bahama™ II de Columbia para hombre
Columbia,COL21011651317,COL21011651317-XXL,1,109999.00,Camisa de manga corta Bahama™ II de Columbia para hombre
Columbia,COL21011651317,COL21011651317-XXXL,0,109999.00,Camisa de manga corta Bahama™ II de Columbia para hombre
Columbia,COL21011651466,COL21011651466-XS,0,109999.00,Camisa de manga corta Bahama™ II de Columbia para hombre
Columbia,COL21011651466,COL21011651466-S,4,109999.00,Camisa de manga corta Bahama™ II de Columbia para hombre
Columbia,COL21011651466,COL21011651466-M,3,109999.00,Camisa de manga corta Bahama™ II de Columbia para hombre
Columbia,COL21011651466,COL21011651466-L,3,109999.00,Camisa de manga corta Bahama™ II de Columbia para hombre
Columbia,COL21011651466,COL21011651466-XL,2,109999.00,Camisa de manga corta Bahama™ II de Columbia para hombre
Columbia,COL21011651466,COL21011651466-XXL,1,109999.00,Camisa de manga corta Bahama™ II de Columbia para hombre
Columbia,COL21011651466,COL21011651466-XXXL,0,109999.00,Camisa de manga corta Bahama™ II de Columbia para hombre
Columbia,COL22157321010,COL22157321010-XS,0,114999.00,Camisa de manga corta Silver Ridge™ Utility II de Columbia para hombre
Columbia,COL22157321010,COL22157321010-S,2,114999.00,Camisa de manga corta Silver Ridge™ Utility II de Columbia para hombre
Columbia,COL22157321010,COL22157321010-M,3,114999.00,Camisa de manga corta Silver Ridge™ Utility II de Columbia para hombre
Columbia,COL22157321010,COL22157321010-L,3,114999.00,Camisa de manga corta Silver Ridge™ Utility II de Columbia para hombre
Columbia,COL22157321010,COL22157321010-XL,3,114999.00,Camisa de manga corta Silver Ridge™ Utility II de Columbia para hombre
Columbia,COL22157321010,COL22157321010-XXL,1,114999.00,Camisa de manga corta Silver Ridge™ Utility II de Columbia para hombre
Columbia,COL22157321010,COL22157321010-XXXL,0,114999.00,Camisa de manga corta Silver Ridge™ Utility II de Columbia para hombre
Columbia,COL22157321100,COL22157321100-XS,0,114999.00,Camisa de manga corta Silver Ridge™ Utility II de Columbia para hombre
Columbia,COL22157321100,COL22157321100-S,2,114999.00,Camisa de manga corta Silver Ridge™ Utility II de Columbia para hombre
Columbia,COL22157321100,COL22157321100-M,3,114999.00,Camisa de manga corta Silver Ridge™ Utility II de Columbia para hombre
Columbia,COL22157321100,COL22157321100-L,3,114999.00,Camisa de manga corta Silver Ridge™ Utility II de Columbia para hombre
Columbia,COL22157321100,COL22157321100-XL,3,114999.00,Camisa de manga corta Silver Ridge™ Utility II de Columbia para hombre
Columbia,COL22157321100,COL22157321100-XXL,1,114999.00,Camisa de manga corta Silver Ridge™ Utility II de Columbia para hombre
Columbia,COL22157321100,COL22157321100-XXXL,0,114999.00,Camisa de manga corta Silver Ridge™ Utility II de Columbia para hombre
Columbia,COL22157321271,COL22157321271-XS,0,114999.00,Camisa de manga corta Silver Ridge™ Utility II de Columbia para hombre
Columbia,COL22157321271,COL22157321271-S,2,114999.00,Camisa de manga corta Silver Ridge™ Utility II de Columbia para hombre
Columbia,COL22157321271,COL22157321271-M,3,114999.00,Camisa de manga corta Silver Ridge™ Utility II de Columbia para hombre
Columbia,COL22157321271,COL22157321271-L,3,114999.00,Camisa de manga corta Silver Ridge™ Utility II de Columbia para hombre
Columbia,COL22157321271,COL22157321271-XL,3,114999.00,Camisa de manga corta Silver Ridge™ Utility II de Columbia para hombre
Columbia,COL22157321271,COL22157321271-XXL,1,114999.00,Camisa de manga corta Silver Ridge™ Utility II de Columbia para hombre
Columbia,COL22157321271,COL22157321271-XXXL,0,114999.00,Camisa de manga corta Silver Ridge™ Utility II de Columbia para hombre
Columbia,COL22157321397,COL22157321397-XS,0,114999.00,Camisa de manga corta Silver Ridge™ Utility II de Columbia para hombre
Columbia,COL22157321397,COL22157321397-S,2,114999.00,Camisa de manga corta Silver Ridge™ Utility II de Columbia para hombre
Columbia,COL22157321397,COL22157321397-M,3,114999.00,Camisa de manga corta Silver Ridge™ Utility II de Columbia para hombre
Columbia,COL22157321397,COL22157321397-L,3,114999.00,Camisa de manga corta Silver Ridge™ Utility II de Columbia para hombre
Columbia,COL22157321397,COL22157321397-XL,3,114999.00,Camisa de manga corta Silver Ridge™ Utility II de Columbia para hombre
Columbia,COL22157321397,COL22157321397-XXL,1,114999.00,Camisa de manga corta Silver Ridge™ Utility II de Columbia para hombre
Columbia,COL22157321397,COL22157321397-XXXL,0,114999.00,Camisa de manga corta Silver Ridge™ Utility II de Columbia para hombre
Columbia,COL22157321482,COL22157321482-XS,0,114999.00,Camisa de manga corta Silver Ridge™ Utility II de Columbia para hombre
Columbia,COL22157321482,COL22157321482-S,2,114999.00,Camisa de manga corta Silver Ridge™ Utility II de Columbia para hombre
Columbia,COL22157321482,COL22157321482-M,3,114999.00,Camisa de manga corta Silver Ridge™ Utility II de Columbia para hombre
Columbia,COL22157321482,COL22157321482-L,3,114999.00,Camisa de manga corta Silver Ridge™ Utility II de Columbia para hombre
Columbia,COL22157321482,COL22157321482-XL,3,114999.00,Camisa de manga corta Silver Ridge™ Utility II de Columbia para hombre
Columbia,COL22157321482,COL22157321482-XXL,1,114999.00,Camisa de manga corta Silver Ridge™ Utility II de Columbia para hombre
Columbia,COL22157321482,COL22157321482-XXXL,0,114999.00,Camisa de manga corta Silver Ridge™ Utility II de Columbia para hombre
Columbia,COL22155681011,COL22155681011-XS,2,106999.00,Camisa de manga corta Silver Ridge™ Utility II de Columbia para mujer
Columbia,COL22155681011,COL22155681011-S,6,106999.00,Camisa de manga corta Silver Ridge™ Utility II de Columbia para mujer
Columbia,COL22155681011,COL22155681011-M,6,106999.00,Camisa de manga corta Silver Ridge™ Utility II de Columbia para mujer
Columbia,COL22155681011,COL22155681011-L,6,106999.00,Camisa de manga corta Silver Ridge™ Utility II de Columbia para mujer
Columbia,COL22155681011,COL22155681011-XL,4,106999.00,Camisa de manga corta Silver Ridge™ Utility II de Columbia para mujer
Columbia,COL22155681011,COL22155681011-XXL,0,106999.00,Camisa de manga corta Silver Ridge™ Utility II de Columbia para mujer
Columbia,COL22155681011,COL22155681011-XXXL,0,106999.00,Camisa de manga corta Silver Ridge™ Utility II de Columbia para mujer
Columbia,COL22155681100,COL22155681100-XS,1,106999.00,Camisa de manga corta Silver Ridge™ Utility II de Columbia para mujer
Columbia,COL22155681100,COL22155681100-S,7,106999.00,Camisa de manga corta Silver Ridge™ Utility II de Columbia para mujer
Columbia,COL22155681100,COL22155681100-M,6,106999.00,Camisa de manga corta Silver Ridge™ Utility II de Columbia para mujer
Columbia,COL22155681100,COL22155681100-L,6,106999.00,Camisa de manga corta Silver Ridge™ Utility II de Columbia para mujer
Columbia,COL22155681100,COL22155681100-XL,4,106999.00,Camisa de manga corta Silver Ridge™ Utility II de Columbia para mujer
Columbia,COL22155681100,COL22155681100-XXL,0,106999.00,Camisa de manga corta Silver Ridge™ Utility II de Columbia para mujer
Columbia,COL22155681100,COL22155681100-XXXL,0,106999.00,Camisa de manga corta Silver Ridge™ Utility II de Columbia para mujer
Columbia,COL22155681271,COL22155681271-XS,2,106999.00,Camisa de manga corta Silver Ridge™ Utility II de Columbia para mujer
Columbia,COL22155681271,COL22155681271-S,6,106999.00,Camisa de manga corta Silver Ridge™ Utility II de Columbia para mujer
Columbia,COL22155681271,COL22155681271-M,6,106999.00,Camisa de manga corta Silver Ridge™ Utility II de Columbia para mujer
Columbia,COL22155681271,COL22155681271-L,6,106999.00,Camisa de manga corta Silver Ridge™ Utility II de Columbia para mujer
Columbia,COL22155681271,COL22155681271-XL,4,106999.00,Camisa de manga corta Silver Ridge™ Utility II de Columbia para mujer
Columbia,COL22155681271,COL22155681271-XXL,0,106999.00,Camisa de manga corta Silver Ridge™ Utility II de Columbia para mujer
Columbia,COL22155681271,COL22155681271-XXXL,0,106999.00,Camisa de manga corta Silver Ridge™ Utility II de Columbia para mujer
Columbia,COL22155681348,COL22155681348-XS,2,106999.00,Camisa de manga corta Silver Ridge™ Utility II de Columbia para mujer
Columbia,COL22155681348,COL22155681348-S,6,106999.00,Camisa de manga corta Silver Ridge™ Utility II de Columbia para mujer
Columbia,COL22155681348,COL22155681348-M,6,106999.00,Camisa de manga corta Silver Ridge™ Utility II de Columbia para mujer
Columbia,COL22155681348,COL22155681348-L,6,106999.00,Camisa de manga corta Silver Ridge™ Utility II de Columbia para mujer
Columbia,COL22155681348,COL22155681348-XL,4,106999.00,Camisa de manga corta Silver Ridge™ Utility II de Columbia para mujer
Columbia,COL22155681348,COL22155681348-XXL,0,106999.00,Camisa de manga corta Silver Ridge™ Utility II de Columbia para mujer
Columbia,COL22155681348,COL22155681348-XXXL,0,106999.00,Camisa de manga corta Silver Ridge™ Utility II de Columbia para mujer
Columbia,COL22160161010,COL22160161010-XS,0,189999.00,Camisa Silver Ridge™ Elite de Columbia para hombre
Columbia,COL22160161010,COL22160161010-S,4,189999.00,Camisa Silver Ridge™ Elite de Columbia para hombre
Columbia,COL22160161010,COL22160161010-M,6,189999.00,Camisa Silver Ridge™ Elite de Columbia para hombre
Columbia,COL22160161010,COL22160161010-L,5,189999.00,Camisa Silver Ridge™ Elite de Columbia para hombre
Columbia,COL22160161010,COL22160161010-XL,6,189999.00,Camisa Silver Ridge™ Elite de Columbia para hombre
Columbia,COL22160161010,COL22160161010-XXL,2,189999.00,Camisa Silver Ridge™ Elite de Columbia para hombre
Columbia,COL22160161010,COL22160161010-XXXL,0,189999.00,Camisa Silver Ridge™ Elite de Columbia para hombre
Columbia,COL22160161278,COL22160161278-XS,0,189999.00,Camisa Silver Ridge™ Elite de Columbia para hombre
Columbia,COL22160161278,COL22160161278-S,4,189999.00,Camisa Silver Ridge™ Elite de Columbia para hombre
Columbia,COL22160161278,COL22160161278-M,6,189999.00,Camisa Silver Ridge™ Elite de Columbia para hombre
Columbia,COL22160161278,COL22160161278-L,6,189999.00,Camisa Silver Ridge™ Elite de Columbia para hombre
Columbia,COL22160161278,COL22160161278-XL,6,189999.00,Camisa Silver Ridge™ Elite de Columbia para hombre
Columbia,COL22160161278,COL22160161278-XXL,2,189999.00,Camisa Silver Ridge™ Elite de Columbia para hombre
Columbia,COL22160161278,COL22160161278-XXXL,0,189999.00,Camisa Silver Ridge™ Elite de Columbia para hombre
Columbia,COL22160161397,COL22160161397-XS,0,189999.00,Camisa Silver Ridge™ Elite de Columbia para hombre
Columbia,COL22160161397,COL22160161397-S,3,189999.00,Camisa Silver Ridge™ Elite de Columbia para hombre
Columbia,COL22160161397,COL22160161397-M,6,189999.00,Camisa Silver Ridge™ Elite de Columbia para hombre
Columbia,COL22160161397,COL22160161397-L,2,189999.00,Camisa Silver Ridge™ Elite de Columbia para hombre
Columbia,COL22160161397,COL22160161397-XL,5,189999.00,Camisa Silver Ridge™ Elite de Columbia para hombre
Columbia,COL22160161397,COL22160161397-XXL,0,189999.00,Camisa Silver Ridge™ Elite de Columbia para hombre
Columbia,COL22160161397,COL22160161397-XXXL,0,189999.00,Camisa Silver Ridge™ Elite de Columbia para hombre
Columbia,COL22164451010,COL22164451010-XS,1,182999.00,Camisa Silver Ridge™ Elite de Columbia para mujer
Columbia,COL22164451010,COL22164451010-S,3,182999.00,Camisa Silver Ridge™ Elite de Columbia para mujer
Columbia,COL22164451010,COL22164451010-M,3,182999.00,Camisa Silver Ridge™ Elite de Columbia para mujer
Columbia,COL22164451010,COL22164451010-L,3,182999.00,Camisa Silver Ridge™ Elite de Columbia para mujer
Columbia,COL22164451010,COL22164451010-XL,2,182999.00,Camisa Silver Ridge™ Elite de Columbia para mujer
Columbia,COL22164451010,COL22164451010-XXL,0,182999.00,Camisa Silver Ridge™ Elite de Columbia para mujer
Columbia,COL22164451010,COL22164451010-XXXL,0,182999.00,Camisa Silver Ridge™ Elite de Columbia para mujer
Columbia,COL22164451397,COL22164451397-XS,1,182999.00,Camisa Silver Ridge™ Elite de Columbia para mujer
Columbia,COL22164451397,COL22164451397-S,3,182999.00,Camisa Silver Ridge™ Elite de Columbia para mujer
Columbia,COL22164451397,COL22164451397-M,3,182999.00,Camisa Silver Ridge™ Elite de Columbia para mujer
Columbia,COL22164451397,COL22164451397-L,3,182999.00,Camisa Silver Ridge™ Elite de Columbia para mujer
Columbia,COL22164451397,COL22164451397-XL,1,182999.00,Camisa Silver Ridge™ Elite de Columbia para mujer
Columbia,COL22164451397,COL22164451397-XXL,0,182999.00,Camisa Silver Ridge™ Elite de Columbia para mujer
Columbia,COL22164451397,COL22164451397-XXXL,0,182999.00,Camisa Silver Ridge™ Elite de Columbia para mujer
Columbia,COL22164451554,COL22164451554-XS,1,182999.00,Camisa Silver Ridge™ Elite de Columbia para mujer
Columbia,COL22164451554,COL22164451554-S,3,182999.00,Camisa Silver Ridge™ Elite de Columbia para mujer
Columbia,COL22164451554,COL22164451554-M,3,182999.00,Camisa Silver Ridge™ Elite de Columbia para mujer
Columbia,COL22164451554,COL22164451554-L,3,182999.00,Camisa Silver Ridge™ Elite de Columbia para mujer
Columbia,COL22164451554,COL22164451554-XL,2,182999.00,Camisa Silver Ridge™ Elite de Columbia para mujer
Columbia,COL22164451554,COL22164451554-XXL,0,182999.00,Camisa Silver Ridge™ Elite de Columbia para mujer
Columbia,COL22164451554,COL22164451554-XXXL,0,182999.00,Camisa Silver Ridge™ Elite de Columbia para mujer
Columbia,COL22155701011,COL22155701011-XS,2,116999.00,Camisa Silver Ridge™ Utility II de Columbia para mujer
Columbia,COL22155701011,COL22155701011-S,6,116999.00,Camisa Silver Ridge™ Utility II de Columbia para mujer
Columbia,COL22155701011,COL22155701011-M,6,116999.00,Camisa Silver Ridge™ Utility II de Columbia para mujer
Columbia,COL22155701011,COL22155701011-L,6,116999.00,Camisa Silver Ridge™ Utility II de Columbia para mujer
Columbia,COL22155701011,COL22155701011-XL,4,116999.00,Camisa Silver Ridge™ Utility II de Columbia para mujer
Columbia,COL22155701011,COL22155701011-XXL,0,116999.00,Camisa Silver Ridge™ Utility II de Columbia para mujer
Columbia,COL22155701011,COL22155701011-XXXL,0,116999.00,Camisa Silver Ridge™ Utility II de Columbia para mujer
Columbia,COL22155701100,COL22155701100-XS,2,116999.00,Camisa Silver Ridge™ Utility II de Columbia para mujer
Columbia,COL22155701100,COL22155701100-S,5,116999.00,Camisa Silver Ridge™ Utility II de Columbia para mujer
Columbia,COL22155701100,COL22155701100-M,5,116999.00,Camisa Silver Ridge™ Utility II de Columbia para mujer
Columbia,COL22155701100,COL22155701100-L,5,116999.00,Camisa Silver Ridge™ Utility II de Columbia para mujer
Columbia,COL22155701100,COL22155701100-XL,4,116999.00,Camisa Silver Ridge™ Utility II de Columbia para mujer
Columbia,COL22155701100,COL22155701100-XXL,0,116999.00,Camisa Silver Ridge™ Utility II de Columbia para mujer
Columbia,COL22155701100,COL22155701100-XXXL,0,116999.00,Camisa Silver Ridge™ Utility II de Columbia para mujer
Columbia,COL22155701348,COL22155701348-XS,1,116999.00,Camisa Silver Ridge™ Utility II de Columbia para mujer
Columbia,COL22155701348,COL22155701348-S,6,116999.00,Camisa Silver Ridge™ Utility II de Columbia para mujer
Columbia,COL22155701348,COL22155701348-M,5,116999.00,Camisa Silver Ridge™ Utility II de Columbia para mujer
Columbia,COL22155701348,COL22155701348-L,5,116999.00,Camisa Silver Ridge™ Utility II de Columbia para mujer
Columbia,COL22155701348,COL22155701348-XL,4,116999.00,Camisa Silver Ridge™ Utility II de Columbia para mujer
Columbia,COL22155701348,COL22155701348-XXL,0,116999.00,Camisa Silver Ridge™ Utility II de Columbia para mujer
Columbia,COL22155701348,COL22155701348-XXXL,0,116999.00,Camisa Silver Ridge™ Utility II de Columbia para mujer
Columbia,COL21287051019,COL21287051019-XS,0,99999.00,Camisa Tamiami™ II  manga corta con protección solar Columbia para hombre
Columbia,COL21287051019,COL21287051019-S,1,99999.00,Camisa Tamiami™ II  manga corta con protección solar Columbia para hombre
Columbia,COL21287051019,COL21287051019-M,3,99999.00,Camisa Tamiami™ II  manga corta con protección solar Columbia para hombre
Columbia,COL21287051019,COL21287051019-L,3,99999.00,Camisa Tamiami™ II  manga corta con protección solar Columbia para hombre
Columbia,COL21287051019,COL21287051019-XL,3,99999.00,Camisa Tamiami™ II  manga corta con protección solar Columbia para hombre
Columbia,COL21287051019,COL21287051019-XXL,1,99999.00,Camisa Tamiami™ II  manga corta con protección solar Columbia para hombre
Columbia,COL21287051019,COL21287051019-XXXL,0,99999.00,Camisa Tamiami™ II  manga corta con protección solar Columbia para hombre
Columbia,COL21287051160,COL21287051160-XS,0,99999.00,Camisa Tamiami™ II  manga corta con protección solar Columbia para hombre
Columbia,COL21287051160,COL21287051160-S,2,99999.00,Camisa Tamiami™ II  manga corta con protección solar Columbia para hombre
Columbia,COL21287051160,COL21287051160-M,3,99999.00,Camisa Tamiami™ II  manga corta con protección solar Columbia para hombre
Columbia,COL21287051160,COL21287051160-L,3,99999.00,Camisa Tamiami™ II  manga corta con protección solar Columbia para hombre
Columbia,COL21287051160,COL21287051160-XL,3,99999.00,Camisa Tamiami™ II  manga corta con protección solar Columbia para hombre
Columbia,COL21287051160,COL21287051160-XXL,1,99999.00,Camisa Tamiami™ II  manga corta con protección solar Columbia para hombre
Columbia,COL21287051160,COL21287051160-XXXL,0,99999.00,Camisa Tamiami™ II  manga corta con protección solar Columbia para hombre
Columbia,COL21287051316,COL21287051316-XS,0,99999.00,Camisa Tamiami™ II  manga corta con protección solar Columbia para hombre
Columbia,COL21287051316,COL21287051316-S,2,99999.00,Camisa Tamiami™ II  manga corta con protección solar Columbia para hombre
Columbia,COL21287051316,COL21287051316-M,3,99999.00,Camisa Tamiami™ II  manga corta con protección solar Columbia para hombre
Columbia,COL21287051316,COL21287051316-L,3,99999.00,Camisa Tamiami™ II  manga corta con protección solar Columbia para hombre
Columbia,COL21287051316,COL21287051316-XL,2,99999.00,Camisa Tamiami™ II  manga corta con protección solar Columbia para hombre
Columbia,COL21287051316,COL21287051316-XXL,1,99999.00,Camisa Tamiami™ II  manga corta con protección solar Columbia para hombre
Columbia,COL21287051316,COL21287051316-XXXL,0,99999.00,Camisa Tamiami™ II  manga corta con protección solar Columbia para hombre
Columbia,COL21287051464,COL21287051464-XS,0,99999.00,Camisa Tamiami™ II  manga corta con protección solar Columbia para hombre
Columbia,COL21287051464,COL21287051464-S,2,99999.00,Camisa Tamiami™ II  manga corta con protección solar Columbia para hombre
Columbia,COL21287051464,COL21287051464-M,2,99999.00,Camisa Tamiami™ II  manga corta con protección solar Columbia para hombre
Columbia,COL21287051464,COL21287051464-L,2,99999.00,Camisa Tamiami™ II  manga corta con protección solar Columbia para hombre
Columbia,COL21287051464,COL21287051464-XL,2,99999.00,Camisa Tamiami™ II  manga corta con protección solar Columbia para hombre
Columbia,COL21287051464,COL21287051464-XXL,1,99999.00,Camisa Tamiami™ II  manga corta con protección solar Columbia para hombre
Columbia,COL21287051464,COL21287051464-XXXL,0,99999.00,Camisa Tamiami™ II  manga corta con protección solar Columbia para hombre
Columbia,COL21287051665,COL21287051665-XS,0,99999.00,Camisa Tamiami™ II  manga corta con protección solar Columbia para hombre
Columbia,COL21287051665,COL21287051665-S,2,99999.00,Camisa Tamiami™ II  manga corta con protección solar Columbia para hombre
Columbia,COL21287051665,COL21287051665-M,1,99999.00,Camisa Tamiami™ II  manga corta con protección solar Columbia para hombre
Columbia,COL21287051665,COL21287051665-L,2,99999.00,Camisa Tamiami™ II  manga corta con protección solar Columbia para hombre
Columbia,COL21287051665,COL21287051665-XL,3,99999.00,Camisa Tamiami™ II  manga corta con protección solar Columbia para hombre
Columbia,COL21287051665,COL21287051665-XXL,1,99999.00,Camisa Tamiami™ II  manga corta con protección solar Columbia para hombre
Columbia,COL21287051665,COL21287051665-XXXL,0,99999.00,Camisa Tamiami™ II  manga corta con protección solar Columbia para hombre
Columbia,COL21287051010,COL21287051010-XS,0,99999.00,Camisa Tamiami™ II  manga corta con protección solar Columbia para hombre
Columbia,COL21287051010,COL21287051010-S,2,99999.00,Camisa Tamiami™ II  manga corta con protección solar Columbia para hombre
Columbia,COL21287051010,COL21287051010-M,3,99999.00,Camisa Tamiami™ II  manga corta con protección solar Columbia para hombre
Columbia,COL21287051010,COL21287051010-L,3,99999.00,Camisa Tamiami™ II  manga corta con protección solar Columbia para hombre
Columbia,COL21287051010,COL21287051010-XL,3,99999.00,Camisa Tamiami™ II  manga corta con protección solar Columbia para hombre
Columbia,COL21287051010,COL21287051010-XXL,1,99999.00,Camisa Tamiami™ II  manga corta con protección solar Columbia para hombre
Columbia,COL21287051010,COL21287051010-XXXL,0,99999.00,Camisa Tamiami™ II  manga corta con protección solar Columbia para hombre
Columbia,COL21287051100,COL21287051100-XS,0,99999.00,Camisa Tamiami™ II  manga corta con protección solar Columbia para hombre
Columbia,COL21287051100,COL21287051100-S,2,99999.00,Camisa Tamiami™ II  manga corta con protección solar Columbia para hombre
Columbia,COL21287051100,COL21287051100-M,1,99999.00,Camisa Tamiami™ II  manga corta con protección solar Columbia para hombre
Columbia,COL21287051100,COL21287051100-L,3,99999.00,Camisa Tamiami™ II  manga corta con protección solar Columbia para hombre
Columbia,COL21287051100,COL21287051100-XL,3,99999.00,Camisa Tamiami™ II  manga corta con protección solar Columbia para hombre
Columbia,COL21287051100,COL21287051100-XXL,1,99999.00,Camisa Tamiami™ II  manga corta con protección solar Columbia para hombre
Columbia,COL21287051100,COL21287051100-XXXL,0,99999.00,Camisa Tamiami™ II  manga corta con protección solar Columbia para hombre
Columbia,COL21286061019,COL21286061019-XS,0,119999.00,Camisa Tamiami™ II manga larga con protección solar Columbia para hombre
Columbia,COL21286061019,COL21286061019-S,1,119999.00,Camisa Tamiami™ II manga larga con protección solar Columbia para hombre
Columbia,COL21286061019,COL21286061019-M,1,119999.00,Camisa Tamiami™ II manga larga con protección solar Columbia para hombre
Columbia,COL21286061019,COL21286061019-L,0,119999.00,Camisa Tamiami™ II manga larga con protección solar Columbia para hombre
Columbia,COL21286061019,COL21286061019-XL,4,119999.00,Camisa Tamiami™ II manga larga con protección solar Columbia para hombre
Columbia,COL21286061019,COL21286061019-XXL,1,119999.00,Camisa Tamiami™ II manga larga con protección solar Columbia para hombre
Columbia,COL21286061019,COL21286061019-XXXL,0,119999.00,Camisa Tamiami™ II manga larga con protección solar Columbia para hombre
Columbia,COL21286061160,COL21286061160-XS,0,119999.00,Camisa Tamiami™ II manga larga con protección solar Columbia para hombre
Columbia,COL21286061160,COL21286061160-S,0,119999.00,Camisa Tamiami™ II manga larga con protección solar Columbia para hombre
Columbia,COL21286061160,COL21286061160-M,0,119999.00,Camisa Tamiami™ II manga larga con protección solar Columbia para hombre
Columbia,COL21286061160,COL21286061160-L,2,119999.00,Camisa Tamiami™ II manga larga con protección solar Columbia para hombre
Columbia,COL21286061160,COL21286061160-XL,4,119999.00,Camisa Tamiami™ II manga larga con protección solar Columbia para hombre
Columbia,COL21286061160,COL21286061160-XXL,2,119999.00,Camisa Tamiami™ II manga larga con protección solar Columbia para hombre
Columbia,COL21286061160,COL21286061160-XXXL,0,119999.00,Camisa Tamiami™ II manga larga con protección solar Columbia para hombre
Columbia,COL21286061316,COL21286061316-XS,0,119999.00,Camisa Tamiami™ II manga larga con protección solar Columbia para hombre
Columbia,COL21286061316,COL21286061316-S,2,119999.00,Camisa Tamiami™ II manga larga con protección solar Columbia para hombre
Columbia,COL21286061316,COL21286061316-M,0,119999.00,Camisa Tamiami™ II manga larga con protección solar Columbia para hombre
Columbia,COL21286061316,COL21286061316-L,1,119999.00,Camisa Tamiami™ II manga larga con protección solar Columbia para hombre
Columbia,COL21286061316,COL21286061316-XL,4,119999.00,Camisa Tamiami™ II manga larga con protección solar Columbia para hombre
Columbia,COL21286061316,COL21286061316-XXL,1,119999.00,Camisa Tamiami™ II manga larga con protección solar Columbia para hombre
Columbia,COL21286061316,COL21286061316-XXXL,0,119999.00,Camisa Tamiami™ II manga larga con protección solar Columbia para hombre
Columbia,COL21286061464,COL21286061464-XS,0,119999.00,Camisa Tamiami™ II manga larga con protección solar Columbia para hombre
Columbia,COL21286061464,COL21286061464-S,0,119999.00,Camisa Tamiami™ II manga larga con protección solar Columbia para hombre
Columbia,COL21286061464,COL21286061464-M,1,119999.00,Camisa Tamiami™ II manga larga con protección solar Columbia para hombre
Columbia,COL21286061464,COL21286061464-L,2,119999.00,Camisa Tamiami™ II manga larga con protección solar Columbia para hombre
Columbia,COL21286061464,COL21286061464-XL,2,119999.00,Camisa Tamiami™ II manga larga con protección solar Columbia para hombre
Columbia,COL21286061464,COL21286061464-XXL,1,119999.00,Camisa Tamiami™ II manga larga con protección solar Columbia para hombre
Columbia,COL21286061464,COL21286061464-XXXL,0,119999.00,Camisa Tamiami™ II manga larga con protección solar Columbia para hombre
Columbia,COL21286061010,COL21286061010-XS,0,119999.00,Camisa Tamiami™ II manga larga con protección solar Columbia para hombre
Columbia,COL21286061010,COL21286061010-S,2,119999.00,Camisa Tamiami™ II manga larga con protección solar Columbia para hombre
Columbia,COL21286061010,COL21286061010-M,2,119999.00,Camisa Tamiami™ II manga larga con protección solar Columbia para hombre
Columbia,COL21286061010,COL21286061010-L,1,119999.00,Camisa Tamiami™ II manga larga con protección solar Columbia para hombre
Columbia,COL21286061010,COL21286061010-XL,0,119999.00,Camisa Tamiami™ II manga larga con protección solar Columbia para hombre
Columbia,COL21286061010,COL21286061010-XXL,1,119999.00,Camisa Tamiami™ II manga larga con protección solar Columbia para hombre
Columbia,COL21286061010,COL21286061010-XXXL,0,119999.00,Camisa Tamiami™ II manga larga con protección solar Columbia para hombre
Columbia,COL21286061100,COL21286061100-XS,0,119999.00,Camisa Tamiami™ II manga larga con protección solar Columbia para hombre
Columbia,COL21286061100,COL21286061100-S,1,119999.00,Camisa Tamiami™ II manga larga con protección solar Columbia para hombre
Columbia,COL21286061100,COL21286061100-M,4,119999.00,Camisa Tamiami™ II manga larga con protección solar Columbia para hombre
Columbia,COL21286061100,COL21286061100-L,2,119999.00,Camisa Tamiami™ II manga larga con protección solar Columbia para hombre
Columbia,COL21286061100,COL21286061100-XL,3,119999.00,Camisa Tamiami™ II manga larga con protección solar Columbia para hombre
Columbia,COL21286061100,COL21286061100-XXL,1,119999.00,Camisa Tamiami™ II manga larga con protección solar Columbia para hombre
Columbia,COL21286061100,COL21286061100-XXXL,0,119999.00,Camisa Tamiami™ II manga larga con protección solar Columbia para hombre
Columbia,COL21675321482,COL21675321482-XS,1,69999.00,Camisa Tamiami™ manga corta con protección solar Columbia para niño
Columbia,COL21675321482,COL21675321482-S,3,69999.00,Camisa Tamiami™ manga corta con protección solar Columbia para niño
Columbia,COL21675321482,COL21675321482-M,3,69999.00,Camisa Tamiami™ manga corta con protección solar Columbia para niño
Columbia,COL21675321482,COL21675321482-L,3,69999.00,Camisa Tamiami™ manga corta con protección solar Columbia para niño
Columbia,COL21675321482,COL21675321482-XL,2,69999.00,Camisa Tamiami™ manga corta con protección solar Columbia para niño
Columbia,COL21675321482,COL21675321482-XXL,0,69999.00,Camisa Tamiami™ manga corta con protección solar Columbia para niño
Columbia,COL21675321482,COL21675321482-XXXL,0,69999.00,Camisa Tamiami™ manga corta con protección solar Columbia para niño
Columbia,COL21675321696,COL21675321696-XS,1,69999.00,Camisa Tamiami™ manga corta con protección solar Columbia para niño
Columbia,COL21675321696,COL21675321696-S,3,69999.00,Camisa Tamiami™ manga corta con protección solar Columbia para niño
Columbia,COL21675321696,COL21675321696-M,3,69999.00,Camisa Tamiami™ manga corta con protección solar Columbia para niño
Columbia,COL21675321696,COL21675321696-L,3,69999.00,Camisa Tamiami™ manga corta con protección solar Columbia para niño
Columbia,COL21675321696,COL21675321696-XL,2,69999.00,Camisa Tamiami™ manga corta con protección solar Columbia para niño
Columbia,COL21675321696,COL21675321696-XXL,0,69999.00,Camisa Tamiami™ manga corta con protección solar Columbia para niño
Columbia,COL21675321696,COL21675321696-XXXL,0,69999.00,Camisa Tamiami™ manga corta con protección solar Columbia para niño
Columbia,COL21675321019,COL21675321019-XS,1,69999.00,Camisa Tamiami™ manga corta con protección solar Columbia para niño
Columbia,COL21675321019,COL21675321019-S,3,69999.00,Camisa Tamiami™ manga corta con protección solar Columbia para niño
Columbia,COL21675321019,COL21675321019-M,3,69999.00,Camisa Tamiami™ manga corta con protección solar Columbia para niño
Columbia,COL21675321019,COL21675321019-L,3,69999.00,Camisa Tamiami™ manga corta con protección solar Columbia para niño
Columbia,COL21675321019,COL21675321019-XL,2,69999.00,Camisa Tamiami™ manga corta con protección solar Columbia para niño
Columbia,COL21675321019,COL21675321019-XXL,0,69999.00,Camisa Tamiami™ manga corta con protección solar Columbia para niño
Columbia,COL21675321019,COL21675321019-XXXL,0,69999.00,Camisa Tamiami™ manga corta con protección solar Columbia para niño
Columbia,COL21675321556,COL21675321556-XS,1,69999.00,Camisa Tamiami™ manga corta con protección solar Columbia para niño
Columbia,COL21675321556,COL21675321556-S,3,69999.00,Camisa Tamiami™ manga corta con protección solar Columbia para niño
Columbia,COL21675321556,COL21675321556-M,3,69999.00,Camisa Tamiami™ manga corta con protección solar Columbia para niño
Columbia,COL21675321556,COL21675321556-L,3,69999.00,Camisa Tamiami™ manga corta con protección solar Columbia para niño
Columbia,COL21675321556,COL21675321556-XL,2,69999.00,Camisa Tamiami™ manga corta con protección solar Columbia para niño
Columbia,COL21675321556,COL21675321556-XXL,0,69999.00,Camisa Tamiami™ manga corta con protección solar Columbia para niño
Columbia,COL21675321556,COL21675321556-XXXL,0,69999.00,Camisa Tamiami™ manga corta con protección solar Columbia para niño
Columbia,COL22156701100,COL22156701100-XS,0,129999.00,Camisa Wild Cast™ manga corta  Columbia para hombre
Columbia,COL22156701100,COL22156701100-S,2,129999.00,Camisa Wild Cast™ manga corta  Columbia para hombre
Columbia,COL22156701100,COL22156701100-M,3,129999.00,Camisa Wild Cast™ manga corta  Columbia para hombre
Columbia,COL22156701100,COL22156701100-L,3,129999.00,Camisa Wild Cast™ manga corta  Columbia para hombre
Columbia,COL22156701100,COL22156701100-XL,3,129999.00,Camisa Wild Cast™ manga corta  Columbia para hombre
Columbia,COL22156701100,COL22156701100-XXL,1,129999.00,Camisa Wild Cast™ manga corta  Columbia para hombre
Columbia,COL22156701100,COL22156701100-XXXL,0,129999.00,Camisa Wild Cast™ manga corta  Columbia para hombre
Columbia,COL22156701482,COL22156701482-XS,0,129999.00,Camisa Wild Cast™ manga corta  Columbia para hombre
Columbia,COL22156701482,COL22156701482-S,2,129999.00,Camisa Wild Cast™ manga corta  Columbia para hombre
Columbia,COL22156701482,COL22156701482-M,3,129999.00,Camisa Wild Cast™ manga corta  Columbia para hombre
Columbia,COL22156701482,COL22156701482-L,3,129999.00,Camisa Wild Cast™ manga corta  Columbia para hombre
Columbia,COL22156701482,COL22156701482-XL,3,129999.00,Camisa Wild Cast™ manga corta  Columbia para hombre
Columbia,COL22156701482,COL22156701482-XXL,1,129999.00,Camisa Wild Cast™ manga corta  Columbia para hombre
Columbia,COL22156701482,COL22156701482-XXXL,0,129999.00,Camisa Wild Cast™ manga corta  Columbia para hombre
Columbia,COL22156701566,COL22156701566-XS,0,129999.00,Camisa Wild Cast™ manga corta  Columbia para hombre
Columbia,COL22156701566,COL22156701566-S,2,129999.00,Camisa Wild Cast™ manga corta  Columbia para hombre
Columbia,COL22156701566,COL22156701566-M,3,129999.00,Camisa Wild Cast™ manga corta  Columbia para hombre
Columbia,COL22156701566,COL22156701566-L,3,129999.00,Camisa Wild Cast™ manga corta  Columbia para hombre
Columbia,COL22156701566,COL22156701566-XL,3,129999.00,Camisa Wild Cast™ manga corta  Columbia para hombre
Columbia,COL22156701566,COL22156701566-XXL,1,129999.00,Camisa Wild Cast™ manga corta  Columbia para hombre
Columbia,COL22156701566,COL22156701566-XXXL,0,129999.00,Camisa Wild Cast™ manga corta  Columbia para hombre
Columbia,COL22134131027,COL22134131027-XS,0,279999.00,Campera acolchada con capucha Powder Pass™ de Columbia para hombre
Columbia,COL22134131027,COL22134131027-S,2,279999.00,Campera acolchada con capucha Powder Pass™ de Columbia para hombre
Columbia,COL22134131027,COL22134131027-M,3,279999.00,Campera acolchada con capucha Powder Pass™ de Columbia para hombre
Columbia,COL22134131027,COL22134131027-L,3,279999.00,Campera acolchada con capucha Powder Pass™ de Columbia para hombre
Columbia,COL22134131027,COL22134131027-XL,3,279999.00,Campera acolchada con capucha Powder Pass™ de Columbia para hombre
Columbia,COL22134131027,COL22134131027-XXL,1,279999.00,Campera acolchada con capucha Powder Pass™ de Columbia para hombre
Columbia,COL22134131027,COL22134131027-XXXL,0,279999.00,Campera acolchada con capucha Powder Pass™ de Columbia para hombre
Columbia,COL22134131845,COL22134131845-XS,0,279999.00,Campera acolchada con capucha Powder Pass™ de Columbia para hombre
Columbia,COL22134131845,COL22134131845-S,2,279999.00,Campera acolchada con capucha Powder Pass™ de Columbia para hombre
Columbia,COL22134131845,COL22134131845-M,3,279999.00,Campera acolchada con capucha Powder Pass™ de Columbia para hombre
Columbia,COL22134131845,COL22134131845-L,3,279999.00,Campera acolchada con capucha Powder Pass™ de Columbia para hombre
Columbia,COL22134131845,COL22134131845-XL,3,279999.00,Campera acolchada con capucha Powder Pass™ de Columbia para hombre
Columbia,COL22134131845,COL22134131845-XXL,1,279999.00,Campera acolchada con capucha Powder Pass™ de Columbia para hombre
Columbia,COL22134131845,COL22134131845-XXXL,0,279999.00,Campera acolchada con capucha Powder Pass™ de Columbia para hombre
Columbia,COL22134141845,COL22134141845-XS,0,249999.00,Campera acolchada híbrida Powder Pass™ de Columbia para hombre
Columbia,COL22134141845,COL22134141845-S,2,249999.00,Campera acolchada híbrida Powder Pass™ de Columbia para hombre
Columbia,COL22134141845,COL22134141845-M,3,249999.00,Campera acolchada híbrida Powder Pass™ de Columbia para hombre
Columbia,COL22134141845,COL22134141845-L,3,249999.00,Campera acolchada híbrida Powder Pass™ de Columbia para hombre
Columbia,COL22134141845,COL22134141845-XL,2,249999.00,Campera acolchada híbrida Powder Pass™ de Columbia para hombre
Columbia,COL22134141845,COL22134141845-XXL,1,249999.00,Campera acolchada híbrida Powder Pass™ de Columbia para hombre
Columbia,COL22134141845,COL22134141845-XXXL,0,249999.00,Campera acolchada híbrida Powder Pass™ de Columbia para hombre
Columbia,COL21534111525,COL21534111525-XS,2,179999.00,Campera Arcadia™ II impermeable Columbia para mujer
Columbia,COL21534111525,COL21534111525-S,4,179999.00,Campera Arcadia™ II impermeable Columbia para mujer
Columbia,COL21534111525,COL21534111525-M,6,179999.00,Campera Arcadia™ II impermeable Columbia para mujer
Columbia,COL21534111525,COL21534111525-L,5,179999.00,Campera Arcadia™ II impermeable Columbia para mujer
Columbia,COL21534111525,COL21534111525-XL,2,179999.00,Campera Arcadia™ II impermeable Columbia para mujer
Columbia,COL21534111525,COL21534111525-XXL,0,179999.00,Campera Arcadia™ II impermeable Columbia para mujer
Columbia,COL21534111525,COL21534111525-XXXL,0,179999.00,Campera Arcadia™ II impermeable Columbia para mujer
Columbia,COL21534111011,COL21534111011-XS,2,179999.00,Campera Arcadia™ II impermeable Columbia para mujer
Columbia,COL21534111011,COL21534111011-S,3,179999.00,Campera Arcadia™ II impermeable Columbia para mujer
Columbia,COL21534111011,COL21534111011-M,5,179999.00,Campera Arcadia™ II impermeable Columbia para mujer
Columbia,COL21534111011,COL21534111011-L,6,179999.00,Campera Arcadia™ II impermeable Columbia para mujer
Columbia,COL21534111011,COL21534111011-XL,2,179999.00,Campera Arcadia™ II impermeable Columbia para mujer
Columbia,COL21534111011,COL21534111011-XXL,0,179999.00,Campera Arcadia™ II impermeable Columbia para mujer
Columbia,COL21534111011,COL21534111011-XXXL,0,179999.00,Campera Arcadia™ II impermeable Columbia para mujer
Columbia,COL21534111464,COL21534111464-XS,2,179999.00,Campera Arcadia™ II impermeable Columbia para mujer
Columbia,COL21534111464,COL21534111464-S,4,179999.00,Campera Arcadia™ II impermeable Columbia para mujer
Columbia,COL21534111464,COL21534111464-M,6,179999.00,Campera Arcadia™ II impermeable Columbia para mujer
Columbia,COL21534111464,COL21534111464-L,6,179999.00,Campera Arcadia™ II impermeable Columbia para mujer
Columbia,COL21534111464,COL21534111464-XL,2,179999.00,Campera Arcadia™ II impermeable Columbia para mujer
Columbia,COL21534111464,COL21534111464-XXL,0,179999.00,Campera Arcadia™ II impermeable Columbia para mujer
Columbia,COL21534111464,COL21534111464-XXXL,0,179999.00,Campera Arcadia™ II impermeable Columbia para mujer
Columbia,COL22087821010,COL22087821010-XS,2,459999.00,Campera Bugaboo™ III intercambiable impermeable Columbia para mujer
Columbia,COL22087821010,COL22087821010-S,5,459999.00,Campera Bugaboo™ III intercambiable impermeable Columbia para mujer
Columbia,COL22087821010,COL22087821010-M,8,459999.00,Campera Bugaboo™ III intercambiable impermeable Columbia para mujer
Columbia,COL22087821010,COL22087821010-L,9,459999.00,Campera Bugaboo™ III intercambiable impermeable Columbia para mujer
Columbia,COL22087821010,COL22087821010-XL,4,459999.00,Campera Bugaboo™ III intercambiable impermeable Columbia para mujer
Columbia,COL22087821010,COL22087821010-XXL,0,459999.00,Campera Bugaboo™ III intercambiable impermeable Columbia para mujer
Columbia,COL22087821010,COL22087821010-XXXL,0,459999.00,Campera Bugaboo™ III intercambiable impermeable Columbia para mujer
Columbia,COL22087821397,COL22087821397-XS,2,459999.00,Campera Bugaboo™ III intercambiable impermeable Columbia para mujer
Columbia,COL22087821397,COL22087821397-S,6,459999.00,Campera Bugaboo™ III intercambiable impermeable Columbia para mujer
Columbia,COL22087821397,COL22087821397-M,8,459999.00,Campera Bugaboo™ III intercambiable impermeable Columbia para mujer
Columbia,COL22087821397,COL22087821397-L,8,459999.00,Campera Bugaboo™ III intercambiable impermeable Columbia para mujer
Columbia,COL22087821397,COL22087821397-XL,4,459999.00,Campera Bugaboo™ III intercambiable impermeable Columbia para mujer
Columbia,COL22087821397,COL22087821397-XXL,0,459999.00,Campera Bugaboo™ III intercambiable impermeable Columbia para mujer
Columbia,COL22087821397,COL22087821397-XXXL,0,459999.00,Campera Bugaboo™ III intercambiable impermeable Columbia para mujer
Columbia,COL22087821461,COL22087821461-XS,3,459999.00,Campera Bugaboo™ III intercambiable impermeable Columbia para mujer
Columbia,COL22087821461,COL22087821461-S,6,459999.00,Campera Bugaboo™ III intercambiable impermeable Columbia para mujer
Columbia,COL22087821461,COL22087821461-M,8,459999.00,Campera Bugaboo™ III intercambiable impermeable Columbia para mujer
Columbia,COL22087821461,COL22087821461-L,8,459999.00,Campera Bugaboo™ III intercambiable impermeable Columbia para mujer
Columbia,COL22087821461,COL22087821461-XL,3,459999.00,Campera Bugaboo™ III intercambiable impermeable Columbia para mujer
Columbia,COL22087821461,COL22087821461-XXL,0,459999.00,Campera Bugaboo™ III intercambiable impermeable Columbia para mujer
Columbia,COL22087821461,COL22087821461-XXXL,0,459999.00,Campera Bugaboo™ III intercambiable impermeable Columbia para mujer
Columbia,COL22071553279,COL22071553279-XS,0,169999.00,Campera Challenger™ II rompevientos Columbia para hombre
Columbia,COL22071553279,COL22071553279-S,2,169999.00,Campera Challenger™ II rompevientos Columbia para hombre
Columbia,COL22071553279,COL22071553279-M,1,169999.00,Campera Challenger™ II rompevientos Columbia para hombre
Columbia,COL22071553279,COL22071553279-L,1,169999.00,Campera Challenger™ II rompevientos Columbia para hombre
Columbia,COL22071553279,COL22071553279-XL,1,169999.00,Campera Challenger™ II rompevientos Columbia para hombre
Columbia,COL22071553279,COL22071553279-XXL,0,169999.00,Campera Challenger™ II rompevientos Columbia para hombre
Columbia,COL22071553279,COL22071553279-XXXL,0,169999.00,Campera Challenger™ II rompevientos Columbia para hombre
Columbia,COL22071553348,COL22071553348-XS,0,169999.00,Campera Challenger™ II rompevientos Columbia para hombre
Columbia,COL22071553348,COL22071553348-S,2,169999.00,Campera Challenger™ II rompevientos Columbia para hombre
Columbia,COL22071553348,COL22071553348-M,3,169999.00,Campera Challenger™ II rompevientos Columbia para hombre
Columbia,COL22071553348,COL22071553348-L,3,169999.00,Campera Challenger™ II rompevientos Columbia para hombre
Columbia,COL22071553348,COL22071553348-XL,3,169999.00,Campera Challenger™ II rompevientos Columbia para hombre
Columbia,COL22071553348,COL22071553348-XXL,1,169999.00,Campera Challenger™ II rompevientos Columbia para hombre
Columbia,COL22071553348,COL22071553348-XXXL,0,169999.00,Campera Challenger™ II rompevientos Columbia para hombre
Columbia,COL22071553011,COL22071553011-XS,0,169999.00,Campera Challenger™ II rompevientos Columbia para hombre
Columbia,COL22071553011,COL22071553011-S,1,169999.00,Campera Challenger™ II rompevientos Columbia para hombre
Columbia,COL22071553011,COL22071553011-M,0,169999.00,Campera Challenger™ II rompevientos Columbia para hombre
Columbia,COL22071553011,COL22071553011-L,0,169999.00,Campera Challenger™ II rompevientos Columbia para hombre
Columbia,COL22071553011,COL22071553011-XL,1,169999.00,Campera Challenger™ II rompevientos Columbia para hombre
Columbia,COL22071553011,COL22071553011-XXL,0,169999.00,Campera Challenger™ II rompevientos Columbia para hombre
Columbia,COL22071553011,COL22071553011-XXXL,0,169999.00,Campera Challenger™ II rompevientos Columbia para hombre
Columbia,COL22087351012,COL22087351012-XS,0,699999.00,Campera de esquí impermeable Columbia Cirque Bowl™ para hombre
Columbia,COL22087351012,COL22087351012-S,1,699999.00,Campera de esquí impermeable Columbia Cirque Bowl™ para hombre
Columbia,COL22087351012,COL22087351012-M,0,699999.00,Campera de esquí impermeable Columbia Cirque Bowl™ para hombre
Columbia,COL22087351012,COL22087351012-L,1,699999.00,Campera de esquí impermeable Columbia Cirque Bowl™ para hombre
Columbia,COL22087351012,COL22087351012-XL,0,699999.00,Campera de esquí impermeable Columbia Cirque Bowl™ para hombre
Columbia,COL22087351012,COL22087351012-XXL,1,699999.00,Campera de esquí impermeable Columbia Cirque Bowl™ para hombre
Columbia,COL22087351012,COL22087351012-XXXL,0,699999.00,Campera de esquí impermeable Columbia Cirque Bowl™ para hombre
Columbia,COL22087351464,COL22087351464-XS,0,699999.00,Campera de esquí impermeable Columbia Cirque Bowl™ para hombre
Columbia,COL22087351464,COL22087351464-S,0,699999.00,Campera de esquí impermeable Columbia Cirque Bowl™ para hombre
Columbia,COL22087351464,COL22087351464-M,0,699999.00,Campera de esquí impermeable Columbia Cirque Bowl™ para hombre
Columbia,COL22087351464,COL22087351464-L,1,699999.00,Campera de esquí impermeable Columbia Cirque Bowl™ para hombre
Columbia,COL22087351464,COL22087351464-XL,0,699999.00,Campera de esquí impermeable Columbia Cirque Bowl™ para hombre
Columbia,COL22087351464,COL22087351464-XXL,1,699999.00,Campera de esquí impermeable Columbia Cirque Bowl™ para hombre
Columbia,COL22087351464,COL22087351464-XXXL,0,699999.00,Campera de esquí impermeable Columbia Cirque Bowl™ para hombre
Columbia,COL22092161125,COL22092161125-XS,0,109999.00,Campera de polar Backbowl™ II con cierre delantero Columbia para mujer
Columbia,COL22092161125,COL22092161125-S,0,109999.00,Campera de polar Backbowl™ II con cierre delantero Columbia para mujer
Columbia,COL22092161125,COL22092161125-M,0,109999.00,Campera de polar Backbowl™ II con cierre delantero Columbia para mujer
Columbia,COL22092161125,COL22092161125-L,0,109999.00,Campera de polar Backbowl™ II con cierre delantero Columbia para mujer
Columbia,COL22092161125,COL22092161125-XL,1,109999.00,Campera de polar Backbowl™ II con cierre delantero Columbia para mujer
Columbia,COL22092161125,COL22092161125-XXL,0,109999.00,Campera de polar Backbowl™ II con cierre delantero Columbia para mujer
Columbia,COL22092161125,COL22092161125-XXXL,0,109999.00,Campera de polar Backbowl™ II con cierre delantero Columbia para mujer
Columbia,COL22092161461,COL22092161461-XS,0,109999.00,Campera de polar Backbowl™ II con cierre delantero Columbia para mujer
Columbia,COL22092161461,COL22092161461-S,1,109999.00,Campera de polar Backbowl™ II con cierre delantero Columbia para mujer
Columbia,COL22092161461,COL22092161461-M,0,109999.00,Campera de polar Backbowl™ II con cierre delantero Columbia para mujer
Columbia,COL22092161461,COL22092161461-L,0,109999.00,Campera de polar Backbowl™ II con cierre delantero Columbia para mujer
Columbia,COL22092161461,COL22092161461-XL,0,109999.00,Campera de polar Backbowl™ II con cierre delantero Columbia para mujer
Columbia,COL22092161461,COL22092161461-XXL,0,109999.00,Campera de polar Backbowl™ II con cierre delantero Columbia para mujer
Columbia,COL22092161461,COL22092161461-XXXL,0,109999.00,Campera de polar Backbowl™ II con cierre delantero Columbia para mujer
Columbia,COL22092161552,COL22092161552-XS,0,109999.00,Campera de polar Backbowl™ II con cierre delantero Columbia para mujer
Columbia,COL22092161552,COL22092161552-S,1,109999.00,Campera de polar Backbowl™ II con cierre delantero Columbia para mujer
Columbia,COL22092161552,COL22092161552-M,1,109999.00,Campera de polar Backbowl™ II con cierre delantero Columbia para mujer
Columbia,COL22092161552,COL22092161552-L,0,109999.00,Campera de polar Backbowl™ II con cierre delantero Columbia para mujer
Columbia,COL22092161552,COL22092161552-XL,0,109999.00,Campera de polar Backbowl™ II con cierre delantero Columbia para mujer
Columbia,COL22092161552,COL22092161552-XXL,0,109999.00,Campera de polar Backbowl™ II con cierre delantero Columbia para mujer
Columbia,COL22092161552,COL22092161552-XXXL,0,109999.00,Campera de polar Backbowl™ II con cierre delantero Columbia para mujer
Columbia,COL22092161694,COL22092161694-XS,1,109999.00,Campera de polar Backbowl™ II con cierre delantero Columbia para mujer
Columbia,COL22092161694,COL22092161694-S,2,109999.00,Campera de polar Backbowl™ II con cierre delantero Columbia para mujer
Columbia,COL22092161694,COL22092161694-M,3,109999.00,Campera de polar Backbowl™ II con cierre delantero Columbia para mujer
Columbia,COL22092161694,COL22092161694-L,1,109999.00,Campera de polar Backbowl™ II con cierre delantero Columbia para mujer
Columbia,COL22092161694,COL22092161694-XL,4,109999.00,Campera de polar Backbowl™ II con cierre delantero Columbia para mujer
Columbia,COL22092161694,COL22092161694-XXL,0,109999.00,Campera de polar Backbowl™ II con cierre delantero Columbia para mujer
Columbia,COL22092161694,COL22092161694-XXXL,0,109999.00,Campera de polar Backbowl™ II con cierre delantero Columbia para mujer
Columbia,COL22095891625,COL22095891625-XS,1,109999.00,Campera de polar Columbia Sequoia Grove™ para hombre
Columbia,COL22095891625,COL22095891625-S,2,109999.00,Campera de polar Columbia Sequoia Grove™ para hombre
Columbia,COL22095891625,COL22095891625-M,2,109999.00,Campera de polar Columbia Sequoia Grove™ para hombre
Columbia,COL22095891625,COL22095891625-L,0,109999.00,Campera de polar Columbia Sequoia Grove™ para hombre
Columbia,COL22095891625,COL22095891625-XL,2,109999.00,Campera de polar Columbia Sequoia Grove™ para hombre
Columbia,COL22095891625,COL22095891625-XXL,1,109999.00,Campera de polar Columbia Sequoia Grove™ para hombre
Columbia,COL22095891625,COL22095891625-XXXL,0,109999.00,Campera de polar Columbia Sequoia Grove™ para hombre
Columbia,COL22085311461,COL22085311461-XS,2,109999.00,Campera de polar Columbia Sequoia Grove™ para mujer
Columbia,COL22085311461,COL22085311461-S,2,109999.00,Campera de polar Columbia Sequoia Grove™ para mujer
Columbia,COL22085311461,COL22085311461-M,3,109999.00,Campera de polar Columbia Sequoia Grove™ para mujer
Columbia,COL22085311461,COL22085311461-L,2,109999.00,Campera de polar Columbia Sequoia Grove™ para mujer
Columbia,COL22085311461,COL22085311461-XL,2,109999.00,Campera de polar Columbia Sequoia Grove™ para mujer
Columbia,COL22085311461,COL22085311461-XXL,0,109999.00,Campera de polar Columbia Sequoia Grove™ para mujer
Columbia,COL22085311461,COL22085311461-XXXL,0,109999.00,Campera de polar Columbia Sequoia Grove™ para mujer
Columbia,COL22085311551,COL22085311551-XS,3,109999.00,Campera de polar Columbia Sequoia Grove™ para mujer
Columbia,COL22085311551,COL22085311551-S,3,109999.00,Campera de polar Columbia Sequoia Grove™ para mujer
Columbia,COL22085311551,COL22085311551-M,1,109999.00,Campera de polar Columbia Sequoia Grove™ para mujer
Columbia,COL22085311551,COL22085311551-L,6,109999.00,Campera de polar Columbia Sequoia Grove™ para mujer
Columbia,COL22085311551,COL22085311551-XL,2,109999.00,Campera de polar Columbia Sequoia Grove™ para mujer
Columbia,COL22085311551,COL22085311551-XXL,0,109999.00,Campera de polar Columbia Sequoia Grove™ para mujer
Columbia,COL22085311551,COL22085311551-XXXL,0,109999.00,Campera de polar Columbia Sequoia Grove™ para mujer
Columbia,COL21372111010,COL21372111010-XS,0,89999.00,Campera de polar con cierre de arriba abajo Benton Springs™ de Columbia para mujer
Columbia,COL21372111010,COL21372111010-S,6,89999.00,Campera de polar con cierre de arriba abajo Benton Springs™ de Columbia para mujer
Columbia,COL21372111010,COL21372111010-M,6,89999.00,Campera de polar con cierre de arriba abajo Benton Springs™ de Columbia para mujer
Columbia,COL21372111010,COL21372111010-L,6,89999.00,Campera de polar con cierre de arriba abajo Benton Springs™ de Columbia para mujer
Columbia,COL21372111010,COL21372111010-XL,0,89999.00,Campera de polar con cierre de arriba abajo Benton Springs™ de Columbia para mujer
Columbia,COL21372111010,COL21372111010-XXL,0,89999.00,Campera de polar con cierre de arriba abajo Benton Springs™ de Columbia para mujer
Columbia,COL21372111010,COL21372111010-XXXL,0,89999.00,Campera de polar con cierre de arriba abajo Benton Springs™ de Columbia para mujer
Columbia,COL21372111030,COL21372111030-XS,0,89999.00,Campera de polar con cierre de arriba abajo Benton Springs™ de Columbia para mujer
Columbia,COL21372111030,COL21372111030-S,6,89999.00,Campera de polar con cierre de arriba abajo Benton Springs™ de Columbia para mujer
Columbia,COL21372111030,COL21372111030-M,6,89999.00,Campera de polar con cierre de arriba abajo Benton Springs™ de Columbia para mujer
Columbia,COL21372111030,COL21372111030-L,6,89999.00,Campera de polar con cierre de arriba abajo Benton Springs™ de Columbia para mujer
Columbia,COL21372111030,COL21372111030-XL,0,89999.00,Campera de polar con cierre de arriba abajo Benton Springs™ de Columbia para mujer
Columbia,COL21372111030,COL21372111030-XXL,0,89999.00,Campera de polar con cierre de arriba abajo Benton Springs™ de Columbia para mujer
Columbia,COL21372111030,COL21372111030-XXXL,0,89999.00,Campera de polar con cierre de arriba abajo Benton Springs™ de Columbia para mujer
Columbia,COL22136841254,COL22136841254-XS,4,129999.00,Campera de polar Essential Hike™ Grid de Columbia para hombre
Columbia,COL22136841254,COL22136841254-S,4,129999.00,Campera de polar Essential Hike™ Grid de Columbia para hombre
Columbia,COL22136841254,COL22136841254-M,0,129999.00,Campera de polar Essential Hike™ Grid de Columbia para hombre
Columbia,COL22136841254,COL22136841254-L,0,129999.00,Campera de polar Essential Hike™ Grid de Columbia para hombre
Columbia,COL22136841254,COL22136841254-XL,1,129999.00,Campera de polar Essential Hike™ Grid de Columbia para hombre
Columbia,COL22136841254,COL22136841254-XXL,2,129999.00,Campera de polar Essential Hike™ Grid de Columbia para hombre
Columbia,COL22136841254,COL22136841254-XXXL,0,129999.00,Campera de polar Essential Hike™ Grid de Columbia para hombre
Columbia,COL22136841464,COL22136841464-XS,2,129999.00,Campera de polar Essential Hike™ Grid de Columbia para hombre
Columbia,COL22136841464,COL22136841464-S,1,129999.00,Campera de polar Essential Hike™ Grid de Columbia para hombre
Columbia,COL22136841464,COL22136841464-M,0,129999.00,Campera de polar Essential Hike™ Grid de Columbia para hombre
Columbia,COL22136841464,COL22136841464-L,0,129999.00,Campera de polar Essential Hike™ Grid de Columbia para hombre
Columbia,COL22136841464,COL22136841464-XL,0,129999.00,Campera de polar Essential Hike™ Grid de Columbia para hombre
Columbia,COL22136841464,COL22136841464-XXL,0,129999.00,Campera de polar Essential Hike™ Grid de Columbia para hombre
Columbia,COL22136841464,COL22136841464-XXXL,0,129999.00,Campera de polar Essential Hike™ Grid de Columbia para hombre
Columbia,COL22136841845,COL22136841845-XS,3,129999.00,Campera de polar Essential Hike™ Grid de Columbia para hombre
Columbia,COL22136841845,COL22136841845-S,2,129999.00,Campera de polar Essential Hike™ Grid de Columbia para hombre
Columbia,COL22136841845,COL22136841845-M,1,129999.00,Campera de polar Essential Hike™ Grid de Columbia para hombre
Columbia,COL22136841845,COL22136841845-L,1,129999.00,Campera de polar Essential Hike™ Grid de Columbia para hombre
Columbia,COL22136841845,COL22136841845-XL,3,129999.00,Campera de polar Essential Hike™ Grid de Columbia para hombre
Columbia,COL22136841845,COL22136841845-XXL,1,129999.00,Campera de polar Essential Hike™ Grid de Columbia para hombre
Columbia,COL22136841845,COL22136841845-XXXL,0,129999.00,Campera de polar Essential Hike™ Grid de Columbia para hombre
Columbia,COL22136231010,COL22136231010-XS,0,119999.00,Campera de polar Essential Hike™ Grid de Columbia para mujer
Columbia,COL22136231010,COL22136231010-S,2,119999.00,Campera de polar Essential Hike™ Grid de Columbia para mujer
Columbia,COL22136231010,COL22136231010-M,3,119999.00,Campera de polar Essential Hike™ Grid de Columbia para mujer
Columbia,COL22136231010,COL22136231010-L,2,119999.00,Campera de polar Essential Hike™ Grid de Columbia para mujer
Columbia,COL22136231010,COL22136231010-XL,3,119999.00,Campera de polar Essential Hike™ Grid de Columbia para mujer
Columbia,COL22136231010,COL22136231010-XXL,0,119999.00,Campera de polar Essential Hike™ Grid de Columbia para mujer
Columbia,COL22136231010,COL22136231010-XXXL,0,119999.00,Campera de polar Essential Hike™ Grid de Columbia para mujer
Columbia,COL22136231429,COL22136231429-XS,1,119999.00,Campera de polar Essential Hike™ Grid de Columbia para mujer
Columbia,COL22136231429,COL22136231429-S,2,119999.00,Campera de polar Essential Hike™ Grid de Columbia para mujer
Columbia,COL22136231429,COL22136231429-M,5,119999.00,Campera de polar Essential Hike™ Grid de Columbia para mujer
Columbia,COL22136231429,COL22136231429-L,1,119999.00,Campera de polar Essential Hike™ Grid de Columbia para mujer
Columbia,COL22136231429,COL22136231429-XL,3,119999.00,Campera de polar Essential Hike™ Grid de Columbia para mujer
Columbia,COL22136231429,COL22136231429-XXL,0,119999.00,Campera de polar Essential Hike™ Grid de Columbia para mujer
Columbia,COL22136231429,COL22136231429-XXXL,0,119999.00,Campera de polar Essential Hike™ Grid de Columbia para mujer
Columbia,COL22136231039,COL22136231039-XS,1,119999.00,Campera de polar Essential Hike™ Grid de Columbia para mujer
Columbia,COL22136231039,COL22136231039-S,2,119999.00,Campera de polar Essential Hike™ Grid de Columbia para mujer
Columbia,COL22136231039,COL22136231039-M,6,119999.00,Campera de polar Essential Hike™ Grid de Columbia para mujer
Columbia,COL22136231039,COL22136231039-L,3,119999.00,Campera de polar Essential Hike™ Grid de Columbia para mujer
Columbia,COL22136231039,COL22136231039-XL,2,119999.00,Campera de polar Essential Hike™ Grid de Columbia para mujer
Columbia,COL22136231039,COL22136231039-XXL,0,119999.00,Campera de polar Essential Hike™ Grid de Columbia para mujer
Columbia,COL22136231039,COL22136231039-XXXL,0,119999.00,Campera de polar Essential Hike™ Grid de Columbia para mujer
Columbia,COL22136231606,COL22136231606-XS,1,119999.00,Campera de polar Essential Hike™ Grid de Columbia para mujer
Columbia,COL22136231606,COL22136231606-S,1,119999.00,Campera de polar Essential Hike™ Grid de Columbia para mujer
Columbia,COL22136231606,COL22136231606-M,2,119999.00,Campera de polar Essential Hike™ Grid de Columbia para mujer
Columbia,COL22136231606,COL22136231606-L,3,119999.00,Campera de polar Essential Hike™ Grid de Columbia para mujer
Columbia,COL22136231606,COL22136231606-XL,1,119999.00,Campera de polar Essential Hike™ Grid de Columbia para mujer
Columbia,COL22136231606,COL22136231606-XXL,0,119999.00,Campera de polar Essential Hike™ Grid de Columbia para mujer
Columbia,COL22136231606,COL22136231606-XXXL,0,119999.00,Campera de polar Essential Hike™ Grid de Columbia para mujer
Columbia,COL21420421278,COL21420421278-XS,0,109999.00,Campera de polar Fast Trek II con cierre delantero  Columbia para hombre
Columbia,COL21420421278,COL21420421278-S,1,109999.00,Campera de polar Fast Trek II con cierre delantero  Columbia para hombre
Columbia,COL21420421278,COL21420421278-M,0,109999.00,Campera de polar Fast Trek II con cierre delantero  Columbia para hombre
Columbia,COL21420421278,COL21420421278-L,0,109999.00,Campera de polar Fast Trek II con cierre delantero  Columbia para hombre
Columbia,COL21420421278,COL21420421278-XL,0,109999.00,Campera de polar Fast Trek II con cierre delantero  Columbia para hombre
Columbia,COL21420421278,COL21420421278-XXL,0,109999.00,Campera de polar Fast Trek II con cierre delantero  Columbia para hombre
Columbia,COL21420421278,COL21420421278-XXXL,0,109999.00,Campera de polar Fast Trek II con cierre delantero  Columbia para hombre
Columbia,COL21420421379,COL21420421379-XS,0,109999.00,Campera de polar Fast Trek II con cierre delantero  Columbia para hombre
Columbia,COL21420421379,COL21420421379-S,2,109999.00,Campera de polar Fast Trek II con cierre delantero  Columbia para hombre
Columbia,COL21420421379,COL21420421379-M,1,109999.00,Campera de polar Fast Trek II con cierre delantero  Columbia para hombre
Columbia,COL21420421379,COL21420421379-L,1,109999.00,Campera de polar Fast Trek II con cierre delantero  Columbia para hombre
Columbia,COL21420421379,COL21420421379-XL,2,109999.00,Campera de polar Fast Trek II con cierre delantero  Columbia para hombre
Columbia,COL21420421379,COL21420421379-XXL,0,109999.00,Campera de polar Fast Trek II con cierre delantero  Columbia para hombre
Columbia,COL21420421379,COL21420421379-XXXL,0,109999.00,Campera de polar Fast Trek II con cierre delantero  Columbia para hombre
Columbia,COL21420421397,COL21420421397-XS,0,109999.00,Campera de polar Fast Trek II con cierre delantero  Columbia para hombre
Columbia,COL21420421397,COL21420421397-S,1,109999.00,Campera de polar Fast Trek II con cierre delantero  Columbia para hombre
Columbia,COL21420421397,COL21420421397-M,0,109999.00,Campera de polar Fast Trek II con cierre delantero  Columbia para hombre
Columbia,COL21420421397,COL21420421397-L,0,109999.00,Campera de polar Fast Trek II con cierre delantero  Columbia para hombre
Columbia,COL21420421397,COL21420421397-XL,0,109999.00,Campera de polar Fast Trek II con cierre delantero  Columbia para hombre
Columbia,COL21420421397,COL21420421397-XXL,0,109999.00,Campera de polar Fast Trek II con cierre delantero  Columbia para hombre
Columbia,COL21420421397,COL21420421397-XXXL,0,109999.00,Campera de polar Fast Trek II con cierre delantero  Columbia para hombre
Columbia,COL21420421442,COL21420421442-XS,0,109999.00,Campera de polar Fast Trek II con cierre delantero  Columbia para hombre
Columbia,COL21420421442,COL21420421442-S,0,109999.00,Campera de polar Fast Trek II con cierre delantero  Columbia para hombre
Columbia,COL21420421442,COL21420421442-M,0,109999.00,Campera de polar Fast Trek II con cierre delantero  Columbia para hombre
Columbia,COL21420421442,COL21420421442-L,0,109999.00,Campera de polar Fast Trek II con cierre delantero  Columbia para hombre
Columbia,COL21420421442,COL21420421442-XL,1,109999.00,Campera de polar Fast Trek II con cierre delantero  Columbia para hombre
Columbia,COL21420421442,COL21420421442-XXL,0,109999.00,Campera de polar Fast Trek II con cierre delantero  Columbia para hombre
Columbia,COL21420421442,COL21420421442-XXXL,0,109999.00,Campera de polar Fast Trek II con cierre delantero  Columbia para hombre
Columbia,COL21420421847,COL21420421847-XS,0,109999.00,Campera de polar Fast Trek II con cierre delantero  Columbia para hombre
Columbia,COL21420421847,COL21420421847-S,4,109999.00,Campera de polar Fast Trek II con cierre delantero  Columbia para hombre
Columbia,COL21420421847,COL21420421847-M,1,109999.00,Campera de polar Fast Trek II con cierre delantero  Columbia para hombre
Columbia,COL21420421847,COL21420421847-L,2,109999.00,Campera de polar Fast Trek II con cierre delantero  Columbia para hombre
Columbia,COL21420421847,COL21420421847-XL,2,109999.00,Campera de polar Fast Trek II con cierre delantero  Columbia para hombre
Columbia,COL21420421847,COL21420421847-XXL,1,109999.00,Campera de polar Fast Trek II con cierre delantero  Columbia para hombre
Columbia,COL21420421847,COL21420421847-XXXL,0,109999.00,Campera de polar Fast Trek II con cierre delantero  Columbia para hombre
Columbia,COL22135691278,COL22135691278-XS,4,121999.00,Campera de polar Fast Trek™ Overlay de Columbia para hombre
Columbia,COL22135691278,COL22135691278-S,1,121999.00,Campera de polar Fast Trek™ Overlay de Columbia para hombre
Columbia,COL22135691278,COL22135691278-M,2,121999.00,Campera de polar Fast Trek™ Overlay de Columbia para hombre
Columbia,COL22135691278,COL22135691278-L,0,121999.00,Campera de polar Fast Trek™ Overlay de Columbia para hombre
Columbia,COL22135691278,COL22135691278-XL,0,121999.00,Campera de polar Fast Trek™ Overlay de Columbia para hombre
Columbia,COL22135691278,COL22135691278-XXL,0,121999.00,Campera de polar Fast Trek™ Overlay de Columbia para hombre
Columbia,COL22135691278,COL22135691278-XXXL,0,121999.00,Campera de polar Fast Trek™ Overlay de Columbia para hombre
Columbia,COL22156451010,COL22156451010-XS,0,74999.00,Campera de polar Fast Trek™ V de Columbia para niño
Columbia,COL22156451010,COL22156451010-S,1,74999.00,Campera de polar Fast Trek™ V de Columbia para niño
Columbia,COL22156451010,COL22156451010-M,2,74999.00,Campera de polar Fast Trek™ V de Columbia para niño
Columbia,COL22156451010,COL22156451010-L,0,74999.00,Campera de polar Fast Trek™ V de Columbia para niño
Columbia,COL22156451010,COL22156451010-XL,0,74999.00,Campera de polar Fast Trek™ V de Columbia para niño
Columbia,COL22156451010,COL22156451010-XXL,0,74999.00,Campera de polar Fast Trek™ V de Columbia para niño
Columbia,COL22156451010,COL22156451010-XXXL,0,74999.00,Campera de polar Fast Trek™ V de Columbia para niño
Columbia,COL22156451433,COL22156451433-XS,1,74999.00,Campera de polar Fast Trek™ V de Columbia para niño
Columbia,COL22156451433,COL22156451433-S,6,74999.00,Campera de polar Fast Trek™ V de Columbia para niño
Columbia,COL22156451433,COL22156451433-M,0,74999.00,Campera de polar Fast Trek™ V de Columbia para niño
Columbia,COL22156451433,COL22156451433-L,1,74999.00,Campera de polar Fast Trek™ V de Columbia para niño
Columbia,COL22156451433,COL22156451433-XL,0,74999.00,Campera de polar Fast Trek™ V de Columbia para niño
Columbia,COL22156451433,COL22156451433-XXL,0,74999.00,Campera de polar Fast Trek™ V de Columbia para niño
Columbia,COL22156451433,COL22156451433-XXXL,0,74999.00,Campera de polar Fast Trek™ V de Columbia para niño
Columbia,COL22156451525,COL22156451525-XS,0,74999.00,Campera de polar Fast Trek™ V de Columbia para niño
Columbia,COL22156451525,COL22156451525-S,0,74999.00,Campera de polar Fast Trek™ V de Columbia para niño
Columbia,COL22156451525,COL22156451525-M,1,74999.00,Campera de polar Fast Trek™ V de Columbia para niño
Columbia,COL22156451525,COL22156451525-L,0,74999.00,Campera de polar Fast Trek™ V de Columbia para niño
Columbia,COL22156451525,COL22156451525-XL,2,74999.00,Campera de polar Fast Trek™ V de Columbia para niño
Columbia,COL22156451525,COL22156451525-XXL,0,74999.00,Campera de polar Fast Trek™ V de Columbia para niño
Columbia,COL22156451525,COL22156451525-XXXL,0,74999.00,Campera de polar Fast Trek™ V de Columbia para niño
Columbia,COL22156451656,COL22156451656-XS,1,74999.00,Campera de polar Fast Trek™ V de Columbia para niño
Columbia,COL22156451656,COL22156451656-S,1,74999.00,Campera de polar Fast Trek™ V de Columbia para niño
Columbia,COL22156451656,COL22156451656-M,0,74999.00,Campera de polar Fast Trek™ V de Columbia para niño
Columbia,COL22156451656,COL22156451656-L,2,74999.00,Campera de polar Fast Trek™ V de Columbia para niño
Columbia,COL22156451656,COL22156451656-XL,2,74999.00,Campera de polar Fast Trek™ V de Columbia para niño
Columbia,COL22156451656,COL22156451656-XXL,0,74999.00,Campera de polar Fast Trek™ V de Columbia para niño
Columbia,COL22156451656,COL22156451656-XXXL,0,74999.00,Campera de polar Fast Trek™ V de Columbia para niño
Columbia,COL22126241348,COL22126241348-XS,0,118999.00,Campera de polar lBackbowl™ II de Columbia para hombre
Columbia,COL22126241348,COL22126241348-S,2,118999.00,Campera de polar lBackbowl™ II de Columbia para hombre
Columbia,COL22126241348,COL22126241348-M,0,118999.00,Campera de polar lBackbowl™ II de Columbia para hombre
Columbia,COL22126241348,COL22126241348-L,0,118999.00,Campera de polar lBackbowl™ II de Columbia para hombre
Columbia,COL22126241348,COL22126241348-XL,0,118999.00,Campera de polar lBackbowl™ II de Columbia para hombre
Columbia,COL22126241348,COL22126241348-XXL,0,118999.00,Campera de polar lBackbowl™ II de Columbia para hombre
Columbia,COL22126241348,COL22126241348-XXXL,0,118999.00,Campera de polar lBackbowl™ II de Columbia para hombre
Columbia,COL21476671010,COL21476671010-XS,0,89999.00,Campera de polar Steens Mountain™ 2.0 de Columbia para hombre
Columbia,COL21476671010,COL21476671010-S,0,89999.00,Campera de polar Steens Mountain™ 2.0 de Columbia para hombre
Columbia,COL21476671010,COL21476671010-M,0,89999.00,Campera de polar Steens Mountain™ 2.0 de Columbia para hombre
Columbia,COL21476671010,COL21476671010-L,6,89999.00,Campera de polar Steens Mountain™ 2.0 de Columbia para hombre
Columbia,COL21476671010,COL21476671010-XL,6,89999.00,Campera de polar Steens Mountain™ 2.0 de Columbia para hombre
Columbia,COL21476671010,COL21476671010-XXL,6,89999.00,Campera de polar Steens Mountain™ 2.0 de Columbia para hombre
Columbia,COL21476671010,COL21476671010-XXXL,0,89999.00,Campera de polar Steens Mountain™ 2.0 de Columbia para hombre
Columbia,COL21476671011,COL21476671011-XS,0,89999.00,Campera de polar Steens Mountain™ 2.0 de Columbia para hombre
Columbia,COL21476671011,COL21476671011-S,0,89999.00,Campera de polar Steens Mountain™ 2.0 de Columbia para hombre
Columbia,COL21476671011,COL21476671011-M,4,89999.00,Campera de polar Steens Mountain™ 2.0 de Columbia para hombre
Columbia,COL21476671011,COL21476671011-L,4,89999.00,Campera de polar Steens Mountain™ 2.0 de Columbia para hombre
Columbia,COL21476671011,COL21476671011-XL,4,89999.00,Campera de polar Steens Mountain™ 2.0 de Columbia para hombre
Columbia,COL21476671011,COL21476671011-XXL,4,89999.00,Campera de polar Steens Mountain™ 2.0 de Columbia para hombre
Columbia,COL21476671011,COL21476671011-XXXL,0,89999.00,Campera de polar Steens Mountain™ 2.0 de Columbia para hombre
Columbia,COL21476671048,COL21476671048-XS,0,89999.00,Campera de polar Steens Mountain™ 2.0 de Columbia para hombre
Columbia,COL21476671048,COL21476671048-S,0,89999.00,Campera de polar Steens Mountain™ 2.0 de Columbia para hombre
Columbia,COL21476671048,COL21476671048-M,6,89999.00,Campera de polar Steens Mountain™ 2.0 de Columbia para hombre
Columbia,COL21476671048,COL21476671048-L,6,89999.00,Campera de polar Steens Mountain™ 2.0 de Columbia para hombre
Columbia,COL21476671048,COL21476671048-XL,6,89999.00,Campera de polar Steens Mountain™ 2.0 de Columbia para hombre
Columbia,COL21476671048,COL21476671048-XXL,4,89999.00,Campera de polar Steens Mountain™ 2.0 de Columbia para hombre
Columbia,COL21476671048,COL21476671048-XXXL,0,89999.00,Campera de polar Steens Mountain™ 2.0 de Columbia para hombre
Columbia,COL21476671464,COL21476671464-XS,0,89999.00,Campera de polar Steens Mountain™ 2.0 de Columbia para hombre
Columbia,COL21476671464,COL21476671464-S,0,89999.00,Campera de polar Steens Mountain™ 2.0 de Columbia para hombre
Columbia,COL21476671464,COL21476671464-M,2,89999.00,Campera de polar Steens Mountain™ 2.0 de Columbia para hombre
Columbia,COL21476671464,COL21476671464-L,0,89999.00,Campera de polar Steens Mountain™ 2.0 de Columbia para hombre
Columbia,COL21476671464,COL21476671464-XL,0,89999.00,Campera de polar Steens Mountain™ 2.0 de Columbia para hombre
Columbia,COL21476671464,COL21476671464-XXL,0,89999.00,Campera de polar Steens Mountain™ 2.0 de Columbia para hombre
Columbia,COL21476671464,COL21476671464-XXXL,0,89999.00,Campera de polar Steens Mountain™ 2.0 de Columbia para hombre
Columbia,COL21476671479,COL21476671479-XS,0,89999.00,Campera de polar Steens Mountain™ 2.0 de Columbia para hombre
Columbia,COL21476671479,COL21476671479-S,0,89999.00,Campera de polar Steens Mountain™ 2.0 de Columbia para hombre
Columbia,COL21476671479,COL21476671479-M,0,89999.00,Campera de polar Steens Mountain™ 2.0 de Columbia para hombre
Columbia,COL21476671479,COL21476671479-L,5,89999.00,Campera de polar Steens Mountain™ 2.0 de Columbia para hombre
Columbia,COL21476671479,COL21476671479-XL,5,89999.00,Campera de polar Steens Mountain™ 2.0 de Columbia para hombre
Columbia,COL21476671479,COL21476671479-XXL,5,89999.00,Campera de polar Steens Mountain™ 2.0 de Columbia para hombre
Columbia,COL21476671479,COL21476671479-XXXL,0,89999.00,Campera de polar Steens Mountain™ 2.0 de Columbia para hombre
Columbia,COL22085191010,COL22085191010-XS,0,159999.00,Campera de polar Triple Canyon™ Grid de Columbia para mujer
Columbia,COL22085191010,COL22085191010-S,3,159999.00,Campera de polar Triple Canyon™ Grid de Columbia para mujer
Columbia,COL22085191010,COL22085191010-M,12,159999.00,Campera de polar Triple Canyon™ Grid de Columbia para mujer
Columbia,COL22085191010,COL22085191010-L,4,159999.00,Campera de polar Triple Canyon™ Grid de Columbia para mujer
Columbia,COL22085191010,COL22085191010-XL,0,159999.00,Campera de polar Triple Canyon™ Grid de Columbia para mujer
Columbia,COL22085191010,COL22085191010-XXL,0,159999.00,Campera de polar Triple Canyon™ Grid de Columbia para mujer
Columbia,COL22085191010,COL22085191010-XXXL,0,159999.00,Campera de polar Triple Canyon™ Grid de Columbia para mujer
Columbia,COL22085191279,COL22085191279-XS,0,159999.00,Campera de polar Triple Canyon™ Grid de Columbia para mujer
Columbia,COL22085191279,COL22085191279-S,0,159999.00,Campera de polar Triple Canyon™ Grid de Columbia para mujer
Columbia,COL22085191279,COL22085191279-M,2,159999.00,Campera de polar Triple Canyon™ Grid de Columbia para mujer
Columbia,COL22085191279,COL22085191279-L,3,159999.00,Campera de polar Triple Canyon™ Grid de Columbia para mujer
Columbia,COL22085191279,COL22085191279-XL,2,159999.00,Campera de polar Triple Canyon™ Grid de Columbia para mujer
Columbia,COL22085191279,COL22085191279-XXL,0,159999.00,Campera de polar Triple Canyon™ Grid de Columbia para mujer
Columbia,COL22085191279,COL22085191279-XXXL,0,159999.00,Campera de polar Triple Canyon™ Grid de Columbia para mujer
Columbia,COL22085191428,COL22085191428-XS,1,159999.00,Campera de polar Triple Canyon™ Grid de Columbia para mujer
Columbia,COL22085191428,COL22085191428-S,3,159999.00,Campera de polar Triple Canyon™ Grid de Columbia para mujer
Columbia,COL22085191428,COL22085191428-M,2,159999.00,Campera de polar Triple Canyon™ Grid de Columbia para mujer
Columbia,COL22085191428,COL22085191428-L,3,159999.00,Campera de polar Triple Canyon™ Grid de Columbia para mujer
Columbia,COL22085191428,COL22085191428-XL,2,159999.00,Campera de polar Triple Canyon™ Grid de Columbia para mujer
Columbia,COL22085191428,COL22085191428-XXL,0,159999.00,Campera de polar Triple Canyon™ Grid de Columbia para mujer
Columbia,COL22085191428,COL22085191428-XXXL,0,159999.00,Campera de polar Triple Canyon™ Grid de Columbia para mujer
Columbia,COL22085191554,COL22085191554-XS,1,159999.00,Campera de polar Triple Canyon™ Grid de Columbia para mujer
Columbia,COL22085191554,COL22085191554-S,1,159999.00,Campera de polar Triple Canyon™ Grid de Columbia para mujer
Columbia,COL22085191554,COL22085191554-M,3,159999.00,Campera de polar Triple Canyon™ Grid de Columbia para mujer
Columbia,COL22085191554,COL22085191554-L,3,159999.00,Campera de polar Triple Canyon™ Grid de Columbia para mujer
Columbia,COL22085191554,COL22085191554-XL,1,159999.00,Campera de polar Triple Canyon™ Grid de Columbia para mujer
Columbia,COL22085191554,COL22085191554-XXL,0,159999.00,Campera de polar Triple Canyon™ Grid de Columbia para mujer
Columbia,COL22085191554,COL22085191554-XXXL,0,159999.00,Campera de polar Triple Canyon™ Grid de Columbia para mujer
Columbia,COL21618261281,COL21618261281-XS,3,72999.00,Campera de polar Zing™ III de Columbia para niño
Columbia,COL21618261281,COL21618261281-S,3,72999.00,Campera de polar Zing™ III de Columbia para niño
Columbia,COL21618261281,COL21618261281-M,3,72999.00,Campera de polar Zing™ III de Columbia para niño
Columbia,COL21618261281,COL21618261281-L,3,72999.00,Campera de polar Zing™ III de Columbia para niño
Columbia,COL21618261281,COL21618261281-XL,3,72999.00,Campera de polar Zing™ III de Columbia para niño
Columbia,COL21618261281,COL21618261281-XXL,0,72999.00,Campera de polar Zing™ III de Columbia para niño
Columbia,COL21618261281,COL21618261281-XXXL,0,72999.00,Campera de polar Zing™ III de Columbia para niño
Columbia,COL22086221010,COL22086221010-XS,0,369999.00,Campera Delta Ridge™ II con relleno de plumas Columbia para hombre
Columbia,COL22086221010,COL22086221010-S,1,369999.00,Campera Delta Ridge™ II con relleno de plumas Columbia para hombre
Columbia,COL22086221010,COL22086221010-M,0,369999.00,Campera Delta Ridge™ II con relleno de plumas Columbia para hombre
Columbia,COL22086221010,COL22086221010-L,0,369999.00,Campera Delta Ridge™ II con relleno de plumas Columbia para hombre
Columbia,COL22086221010,COL22086221010-XL,0,369999.00,Campera Delta Ridge™ II con relleno de plumas Columbia para hombre
Columbia,COL22086221010,COL22086221010-XXL,4,369999.00,Campera Delta Ridge™ II con relleno de plumas Columbia para hombre
Columbia,COL22086221010,COL22086221010-XXXL,0,369999.00,Campera Delta Ridge™ II con relleno de plumas Columbia para hombre
Columbia,COL22086221278,COL22086221278-XS,0,369999.00,Campera Delta Ridge™ II con relleno de plumas Columbia para hombre
Columbia,COL22086221278,COL22086221278-S,1,369999.00,Campera Delta Ridge™ II con relleno de plumas Columbia para hombre
Columbia,COL22086221278,COL22086221278-M,2,369999.00,Campera Delta Ridge™ II con relleno de plumas Columbia para hombre
Columbia,COL22086221278,COL22086221278-L,3,369999.00,Campera Delta Ridge™ II con relleno de plumas Columbia para hombre
Columbia,COL22086221278,COL22086221278-XL,4,369999.00,Campera Delta Ridge™ II con relleno de plumas Columbia para hombre
Columbia,COL22086221278,COL22086221278-XXL,2,369999.00,Campera Delta Ridge™ II con relleno de plumas Columbia para hombre
Columbia,COL22086221278,COL22086221278-XXXL,0,369999.00,Campera Delta Ridge™ II con relleno de plumas Columbia para hombre
Columbia,COL22086221429,COL22086221429-XS,0,369999.00,Campera Delta Ridge™ II con relleno de plumas Columbia para hombre
Columbia,COL22086221429,COL22086221429-S,5,369999.00,Campera Delta Ridge™ II con relleno de plumas Columbia para hombre
Columbia,COL22086221429,COL22086221429-M,6,369999.00,Campera Delta Ridge™ II con relleno de plumas Columbia para hombre
Columbia,COL22086221429,COL22086221429-L,3,369999.00,Campera Delta Ridge™ II con relleno de plumas Columbia para hombre
Columbia,COL22086221429,COL22086221429-XL,9,369999.00,Campera Delta Ridge™ II con relleno de plumas Columbia para hombre
Columbia,COL22086221429,COL22086221429-XXL,11,369999.00,Campera Delta Ridge™ II con relleno de plumas Columbia para hombre
Columbia,COL22086221429,COL22086221429-XXXL,0,369999.00,Campera Delta Ridge™ II con relleno de plumas Columbia para hombre
Columbia,COL22086221464,COL22086221464-XS,0,369999.00,Campera Delta Ridge™ II con relleno de plumas Columbia para hombre
Columbia,COL22086221464,COL22086221464-S,0,369999.00,Campera Delta Ridge™ II con relleno de plumas Columbia para hombre
Columbia,COL22086221464,COL22086221464-M,1,369999.00,Campera Delta Ridge™ II con relleno de plumas Columbia para hombre
Columbia,COL22086221464,COL22086221464-L,0,369999.00,Campera Delta Ridge™ II con relleno de plumas Columbia para hombre
Columbia,COL22086221464,COL22086221464-XL,0,369999.00,Campera Delta Ridge™ II con relleno de plumas Columbia para hombre
Columbia,COL22086221464,COL22086221464-XXL,0,369999.00,Campera Delta Ridge™ II con relleno de plumas Columbia para hombre
Columbia,COL22086221464,COL22086221464-XXXL,0,369999.00,Campera Delta Ridge™ II con relleno de plumas Columbia para hombre
Columbia,COL22086241478,COL22086241478-XS,0,329999.00,Campera Delta Ridge™ II con relleno de plumas Columbia para hombre
Columbia,COL22086241478,COL22086241478-S,2,329999.00,Campera Delta Ridge™ II con relleno de plumas Columbia para hombre
Columbia,COL22086241478,COL22086241478-M,0,329999.00,Campera Delta Ridge™ II con relleno de plumas Columbia para hombre
Columbia,COL22086241478,COL22086241478-L,0,329999.00,Campera Delta Ridge™ II con relleno de plumas Columbia para hombre
Columbia,COL22086241478,COL22086241478-XL,0,329999.00,Campera Delta Ridge™ II con relleno de plumas Columbia para hombre
Columbia,COL22086241478,COL22086241478-XXL,1,329999.00,Campera Delta Ridge™ II con relleno de plumas Columbia para hombre
Columbia,COL22086241478,COL22086241478-XXXL,0,329999.00,Campera Delta Ridge™ II con relleno de plumas Columbia para hombre
Columbia,COL22086241845,COL22086241845-XS,0,329999.00,Campera Delta Ridge™ II con relleno de plumas Columbia para hombre
Columbia,COL22086241845,COL22086241845-S,0,329999.00,Campera Delta Ridge™ II con relleno de plumas Columbia para hombre
Columbia,COL22086241845,COL22086241845-M,3,329999.00,Campera Delta Ridge™ II con relleno de plumas Columbia para hombre
Columbia,COL22086241845,COL22086241845-L,3,329999.00,Campera Delta Ridge™ II con relleno de plumas Columbia para hombre
Columbia,COL22086241845,COL22086241845-XL,3,329999.00,Campera Delta Ridge™ II con relleno de plumas Columbia para hombre
Columbia,COL22086241845,COL22086241845-XXL,5,329999.00,Campera Delta Ridge™ II con relleno de plumas Columbia para hombre
Columbia,COL22086241845,COL22086241845-XXXL,0,329999.00,Campera Delta Ridge™ II con relleno de plumas Columbia para hombre
Columbia,COL22086241010,COL22086241010-XS,0,329999.00,Campera Delta Ridge™ II con relleno de plumas Columbia para hombre
Columbia,COL22086241010,COL22086241010-S,11,329999.00,Campera Delta Ridge™ II con relleno de plumas Columbia para hombre
Columbia,COL22086241010,COL22086241010-M,0,329999.00,Campera Delta Ridge™ II con relleno de plumas Columbia para hombre
Columbia,COL22086241010,COL22086241010-L,0,329999.00,Campera Delta Ridge™ II con relleno de plumas Columbia para hombre
Columbia,COL22086241010,COL22086241010-XL,0,329999.00,Campera Delta Ridge™ II con relleno de plumas Columbia para hombre
Columbia,COL22086241010,COL22086241010-XXL,0,329999.00,Campera Delta Ridge™ II con relleno de plumas Columbia para hombre
Columbia,COL22086241010,COL22086241010-XXXL,0,329999.00,Campera Delta Ridge™ II con relleno de plumas Columbia para hombre
Columbia,COL22086241278,COL22086241278-XS,0,329999.00,Campera Delta Ridge™ II con relleno de plumas Columbia para hombre
Columbia,COL22086241278,COL22086241278-S,3,329999.00,Campera Delta Ridge™ II con relleno de plumas Columbia para hombre
Columbia,COL22086241278,COL22086241278-M,4,329999.00,Campera Delta Ridge™ II con relleno de plumas Columbia para hombre
Columbia,COL22086241278,COL22086241278-L,5,329999.00,Campera Delta Ridge™ II con relleno de plumas Columbia para hombre
Columbia,COL22086241278,COL22086241278-XL,5,329999.00,Campera Delta Ridge™ II con relleno de plumas Columbia para hombre
Columbia,COL22086241278,COL22086241278-XXL,2,329999.00,Campera Delta Ridge™ II con relleno de plumas Columbia para hombre
Columbia,COL22086241278,COL22086241278-XXXL,0,329999.00,Campera Delta Ridge™ II con relleno de plumas Columbia para hombre
Columbia,COL22086241429,COL22086241429-XS,0,329999.00,Campera Delta Ridge™ II con relleno de plumas Columbia para hombre
Columbia,COL22086241429,COL22086241429-S,2,329999.00,Campera Delta Ridge™ II con relleno de plumas Columbia para hombre
Columbia,COL22086241429,COL22086241429-M,2,329999.00,Campera Delta Ridge™ II con relleno de plumas Columbia para hombre
Columbia,COL22086241429,COL22086241429-L,4,329999.00,Campera Delta Ridge™ II con relleno de plumas Columbia para hombre
Columbia,COL22086241429,COL22086241429-XL,6,329999.00,Campera Delta Ridge™ II con relleno de plumas Columbia para hombre
Columbia,COL22086241429,COL22086241429-XXL,3,329999.00,Campera Delta Ridge™ II con relleno de plumas Columbia para hombre
Columbia,COL22086241429,COL22086241429-XXXL,0,329999.00,Campera Delta Ridge™ II con relleno de plumas Columbia para hombre
Columbia,COL22086241464,COL22086241464-XS,0,329999.00,Campera Delta Ridge™ II con relleno de plumas Columbia para hombre
Columbia,COL22086241464,COL22086241464-S,2,329999.00,Campera Delta Ridge™ II con relleno de plumas Columbia para hombre
Columbia,COL22086241464,COL22086241464-M,0,329999.00,Campera Delta Ridge™ II con relleno de plumas Columbia para hombre
Columbia,COL22086241464,COL22086241464-L,0,329999.00,Campera Delta Ridge™ II con relleno de plumas Columbia para hombre
Columbia,COL22086241464,COL22086241464-XL,0,329999.00,Campera Delta Ridge™ II con relleno de plumas Columbia para hombre
Columbia,COL22086241464,COL22086241464-XXL,0,329999.00,Campera Delta Ridge™ II con relleno de plumas Columbia para hombre
Columbia,COL22086241464,COL22086241464-XXXL,0,329999.00,Campera Delta Ridge™ II con relleno de plumas Columbia para hombre
Columbia,COL22088271031,COL22088271031-XS,2,329999.00,Campera Delta Ridge™ II con relleno de plumas Columbia para mujer
Columbia,COL22088271031,COL22088271031-S,3,329999.00,Campera Delta Ridge™ II con relleno de plumas Columbia para mujer
Columbia,COL22088271031,COL22088271031-M,1,329999.00,Campera Delta Ridge™ II con relleno de plumas Columbia para mujer
Columbia,COL22088271031,COL22088271031-L,4,329999.00,Campera Delta Ridge™ II con relleno de plumas Columbia para mujer
Columbia,COL22088271031,COL22088271031-XL,3,329999.00,Campera Delta Ridge™ II con relleno de plumas Columbia para mujer
Columbia,COL22088271031,COL22088271031-XXL,0,329999.00,Campera Delta Ridge™ II con relleno de plumas Columbia para mujer
Columbia,COL22088271031,COL22088271031-XXXL,0,329999.00,Campera Delta Ridge™ II con relleno de plumas Columbia para mujer
Columbia,COL22088271551,COL22088271551-XS,0,329999.00,Campera Delta Ridge™ II con relleno de plumas Columbia para mujer
Columbia,COL22088271551,COL22088271551-S,2,329999.00,Campera Delta Ridge™ II con relleno de plumas Columbia para mujer
Columbia,COL22088271551,COL22088271551-M,1,329999.00,Campera Delta Ridge™ II con relleno de plumas Columbia para mujer
Columbia,COL22088271551,COL22088271551-L,1,329999.00,Campera Delta Ridge™ II con relleno de plumas Columbia para mujer
Columbia,COL22088271551,COL22088271551-XL,1,329999.00,Campera Delta Ridge™ II con relleno de plumas Columbia para mujer
Columbia,COL22088271551,COL22088271551-XXL,0,329999.00,Campera Delta Ridge™ II con relleno de plumas Columbia para mujer
Columbia,COL22088271551,COL22088271551-XXXL,0,329999.00,Campera Delta Ridge™ II con relleno de plumas Columbia para mujer
Columbia,COL22088271661,COL22088271661-XS,2,329999.00,Campera Delta Ridge™ II con relleno de plumas Columbia para mujer
Columbia,COL22088271661,COL22088271661-S,4,329999.00,Campera Delta Ridge™ II con relleno de plumas Columbia para mujer
Columbia,COL22088271661,COL22088271661-M,3,329999.00,Campera Delta Ridge™ II con relleno de plumas Columbia para mujer
Columbia,COL22088271661,COL22088271661-L,2,329999.00,Campera Delta Ridge™ II con relleno de plumas Columbia para mujer
Columbia,COL22088271661,COL22088271661-XL,3,329999.00,Campera Delta Ridge™ II con relleno de plumas Columbia para mujer
Columbia,COL22088271661,COL22088271661-XXL,0,329999.00,Campera Delta Ridge™ II con relleno de plumas Columbia para mujer
Columbia,COL22088271661,COL22088271661-XXXL,0,329999.00,Campera Delta Ridge™ II con relleno de plumas Columbia para mujer
Columbia,COL22088211010,COL22088211010-XS,5,399999.00,Campera Delta Ridge™ II con relleno de plumas Columbia para mujer
Columbia,COL22088211010,COL22088211010-S,6,399999.00,Campera Delta Ridge™ II con relleno de plumas Columbia para mujer
Columbia,COL22088211010,COL22088211010-M,2,399999.00,Campera Delta Ridge™ II con relleno de plumas Columbia para mujer
Columbia,COL22088211010,COL22088211010-L,1,399999.00,Campera Delta Ridge™ II con relleno de plumas Columbia para mujer
Columbia,COL22088211010,COL22088211010-XL,0,399999.00,Campera Delta Ridge™ II con relleno de plumas Columbia para mujer
Columbia,COL22088211010,COL22088211010-XXL,0,399999.00,Campera Delta Ridge™ II con relleno de plumas Columbia para mujer
Columbia,COL22088211010,COL22088211010-XXXL,0,399999.00,Campera Delta Ridge™ II con relleno de plumas Columbia para mujer
Columbia,COL22088251464,COL22088251464-XS,7,349999.00,Campera Delta Ridge™ II con relleno de plumas Columbia para mujer
Columbia,COL22088251464,COL22088251464-S,10,349999.00,Campera Delta Ridge™ II con relleno de plumas Columbia para mujer
Columbia,COL22088251464,COL22088251464-M,2,349999.00,Campera Delta Ridge™ II con relleno de plumas Columbia para mujer
Columbia,COL22088251464,COL22088251464-L,4,349999.00,Campera Delta Ridge™ II con relleno de plumas Columbia para mujer
Columbia,COL22088251464,COL22088251464-XL,5,349999.00,Campera Delta Ridge™ II con relleno de plumas Columbia para mujer
Columbia,COL22088251464,COL22088251464-XXL,0,349999.00,Campera Delta Ridge™ II con relleno de plumas Columbia para mujer
Columbia,COL22088251464,COL22088251464-XXXL,0,349999.00,Campera Delta Ridge™ II con relleno de plumas Columbia para mujer
Columbia,COL22088251010,COL22088251010-XS,3,349999.00,Campera Delta Ridge™ II con relleno de plumas Columbia para mujer
Columbia,COL22088251010,COL22088251010-S,0,349999.00,Campera Delta Ridge™ II con relleno de plumas Columbia para mujer
Columbia,COL22088251010,COL22088251010-M,0,349999.00,Campera Delta Ridge™ II con relleno de plumas Columbia para mujer
Columbia,COL22088251010,COL22088251010-L,0,349999.00,Campera Delta Ridge™ II con relleno de plumas Columbia para mujer
Columbia,COL22088251010,COL22088251010-XL,0,349999.00,Campera Delta Ridge™ II con relleno de plumas Columbia para mujer
Columbia,COL22088251010,COL22088251010-XXL,0,349999.00,Campera Delta Ridge™ II con relleno de plumas Columbia para mujer
Columbia,COL22088251010,COL22088251010-XXXL,0,349999.00,Campera Delta Ridge™ II con relleno de plumas Columbia para mujer
Columbia,COL22088271010,COL22088271010-XS,2,329999.00,Campera Delta Ridge™ II con relleno de plumas Columbia para mujer
Columbia,COL22088271010,COL22088271010-S,0,329999.00,Campera Delta Ridge™ II con relleno de plumas Columbia para mujer
Columbia,COL22088271010,COL22088271010-M,0,329999.00,Campera Delta Ridge™ II con relleno de plumas Columbia para mujer
Columbia,COL22088271010,COL22088271010-L,0,329999.00,Campera Delta Ridge™ II con relleno de plumas Columbia para mujer
Columbia,COL22088271010,COL22088271010-XL,0,329999.00,Campera Delta Ridge™ II con relleno de plumas Columbia para mujer
Columbia,COL22088271010,COL22088271010-XXL,0,329999.00,Campera Delta Ridge™ II con relleno de plumas Columbia para mujer
Columbia,COL22088271010,COL22088271010-XXXL,0,329999.00,Campera Delta Ridge™ II con relleno de plumas Columbia para mujer
Columbia,COL21465351024,COL21465351024-XS,0,99999.00,Campera Fast Trek™ II de Columbia para mujer
Columbia,COL21465351024,COL21465351024-S,0,99999.00,Campera Fast Trek™ II de Columbia para mujer
Columbia,COL21465351024,COL21465351024-M,0,99999.00,Campera Fast Trek™ II de Columbia para mujer
Columbia,COL21465351024,COL21465351024-L,0,99999.00,Campera Fast Trek™ II de Columbia para mujer
Columbia,COL21465351024,COL21465351024-XL,1,99999.00,Campera Fast Trek™ II de Columbia para mujer
Columbia,COL21465351024,COL21465351024-XXL,0,99999.00,Campera Fast Trek™ II de Columbia para mujer
Columbia,COL21465351024,COL21465351024-XXXL,0,99999.00,Campera Fast Trek™ II de Columbia para mujer
Columbia,COL21465351125,COL21465351125-XS,1,99999.00,Campera Fast Trek™ II de Columbia para mujer
Columbia,COL21465351125,COL21465351125-S,5,99999.00,Campera Fast Trek™ II de Columbia para mujer
Columbia,COL21465351125,COL21465351125-M,0,99999.00,Campera Fast Trek™ II de Columbia para mujer
Columbia,COL21465351125,COL21465351125-L,3,99999.00,Campera Fast Trek™ II de Columbia para mujer
Columbia,COL21465351125,COL21465351125-XL,1,99999.00,Campera Fast Trek™ II de Columbia para mujer
Columbia,COL21465351125,COL21465351125-XXL,0,99999.00,Campera Fast Trek™ II de Columbia para mujer
Columbia,COL21465351125,COL21465351125-XXXL,0,99999.00,Campera Fast Trek™ II de Columbia para mujer
Columbia,COL21465351379,COL21465351379-XS,1,99999.00,Campera Fast Trek™ II de Columbia para mujer
Columbia,COL21465351379,COL21465351379-S,1,99999.00,Campera Fast Trek™ II de Columbia para mujer
Columbia,COL21465351379,COL21465351379-M,0,99999.00,Campera Fast Trek™ II de Columbia para mujer
Columbia,COL21465351379,COL21465351379-L,0,99999.00,Campera Fast Trek™ II de Columbia para mujer
Columbia,COL21465351379,COL21465351379-XL,1,99999.00,Campera Fast Trek™ II de Columbia para mujer
Columbia,COL21465351379,COL21465351379-XXL,0,99999.00,Campera Fast Trek™ II de Columbia para mujer
Columbia,COL21465351379,COL21465351379-XXXL,0,99999.00,Campera Fast Trek™ II de Columbia para mujer
Columbia,COL21465351461,COL21465351461-XS,1,99999.00,Campera Fast Trek™ II de Columbia para mujer
Columbia,COL21465351461,COL21465351461-S,2,99999.00,Campera Fast Trek™ II de Columbia para mujer
Columbia,COL21465351461,COL21465351461-M,0,99999.00,Campera Fast Trek™ II de Columbia para mujer
Columbia,COL21465351461,COL21465351461-L,0,99999.00,Campera Fast Trek™ II de Columbia para mujer
Columbia,COL21465351461,COL21465351461-XL,2,99999.00,Campera Fast Trek™ II de Columbia para mujer
Columbia,COL21465351461,COL21465351461-XXL,0,99999.00,Campera Fast Trek™ II de Columbia para mujer
Columbia,COL21465351461,COL21465351461-XXXL,0,99999.00,Campera Fast Trek™ II de Columbia para mujer
Columbia,COL21465351551,COL21465351551-XS,0,99999.00,Campera Fast Trek™ II de Columbia para mujer
Columbia,COL21465351551,COL21465351551-S,1,99999.00,Campera Fast Trek™ II de Columbia para mujer
Columbia,COL21465351551,COL21465351551-M,0,99999.00,Campera Fast Trek™ II de Columbia para mujer
Columbia,COL21465351551,COL21465351551-L,1,99999.00,Campera Fast Trek™ II de Columbia para mujer
Columbia,COL21465351551,COL21465351551-XL,1,99999.00,Campera Fast Trek™ II de Columbia para mujer
Columbia,COL21465351551,COL21465351551-XXL,0,99999.00,Campera Fast Trek™ II de Columbia para mujer
Columbia,COL21465351551,COL21465351551-XXXL,0,99999.00,Campera Fast Trek™ II de Columbia para mujer
Columbia,COL21465351606,COL21465351606-XS,0,99999.00,Campera Fast Trek™ II de Columbia para mujer
Columbia,COL21465351606,COL21465351606-S,1,99999.00,Campera Fast Trek™ II de Columbia para mujer
Columbia,COL21465351606,COL21465351606-M,3,99999.00,Campera Fast Trek™ II de Columbia para mujer
Columbia,COL21465351606,COL21465351606-L,3,99999.00,Campera Fast Trek™ II de Columbia para mujer
Columbia,COL21465351606,COL21465351606-XL,2,99999.00,Campera Fast Trek™ II de Columbia para mujer
Columbia,COL21465351606,COL21465351606-XXL,0,99999.00,Campera Fast Trek™ II de Columbia para mujer
Columbia,COL21465351606,COL21465351606-XXXL,0,99999.00,Campera Fast Trek™ II de Columbia para mujer
Columbia,COL21465351669,COL21465351669-XS,0,99999.00,Campera Fast Trek™ II de Columbia para mujer
Columbia,COL21465351669,COL21465351669-S,1,99999.00,Campera Fast Trek™ II de Columbia para mujer
Columbia,COL21465351669,COL21465351669-M,0,99999.00,Campera Fast Trek™ II de Columbia para mujer
Columbia,COL21465351669,COL21465351669-L,1,99999.00,Campera Fast Trek™ II de Columbia para mujer
Columbia,COL21465351669,COL21465351669-XL,2,99999.00,Campera Fast Trek™ II de Columbia para mujer
Columbia,COL21465351669,COL21465351669-XXL,0,99999.00,Campera Fast Trek™ II de Columbia para mujer
Columbia,COL21465351669,COL21465351669-XXXL,0,99999.00,Campera Fast Trek™ II de Columbia para mujer
Columbia,COL21738151278,COL21738151278-XS,0,299999.00,Campera Heavenly™ Columbia para mujer
Columbia,COL21738151278,COL21738151278-S,3,299999.00,Campera Heavenly™ Columbia para mujer
Columbia,COL21738151278,COL21738151278-M,2,299999.00,Campera Heavenly™ Columbia para mujer
Columbia,COL21738151278,COL21738151278-L,3,299999.00,Campera Heavenly™ Columbia para mujer
Columbia,COL21738151278,COL21738151278-XL,1,299999.00,Campera Heavenly™ Columbia para mujer
Columbia,COL21738151278,COL21738151278-XXL,0,299999.00,Campera Heavenly™ Columbia para mujer
Columbia,COL21738151278,COL21738151278-XXXL,0,299999.00,Campera Heavenly™ Columbia para mujer
Columbia,COL21738151397,COL21738151397-XS,2,299999.00,Campera Heavenly™ Columbia para mujer
Columbia,COL21738151397,COL21738151397-S,5,299999.00,Campera Heavenly™ Columbia para mujer
Columbia,COL21738151397,COL21738151397-M,5,299999.00,Campera Heavenly™ Columbia para mujer
Columbia,COL21738151397,COL21738151397-L,5,299999.00,Campera Heavenly™ Columbia para mujer
Columbia,COL21738151397,COL21738151397-XL,1,299999.00,Campera Heavenly™ Columbia para mujer
Columbia,COL21738151397,COL21738151397-XXL,0,299999.00,Campera Heavenly™ Columbia para mujer
Columbia,COL21738151397,COL21738151397-XXXL,0,299999.00,Campera Heavenly™ Columbia para mujer
Columbia,COL21738151661,COL21738151661-XS,1,299999.00,Campera Heavenly™ Columbia para mujer
Columbia,COL21738151661,COL21738151661-S,3,299999.00,Campera Heavenly™ Columbia para mujer
Columbia,COL21738151661,COL21738151661-M,3,299999.00,Campera Heavenly™ Columbia para mujer
Columbia,COL21738151661,COL21738151661-L,3,299999.00,Campera Heavenly™ Columbia para mujer
Columbia,COL21738151661,COL21738151661-XL,2,299999.00,Campera Heavenly™ Columbia para mujer
Columbia,COL21738151661,COL21738151661-XXL,0,299999.00,Campera Heavenly™ Columbia para mujer
Columbia,COL21738151661,COL21738151661-XXXL,0,299999.00,Campera Heavenly™ Columbia para mujer
Columbia,COL22126101027,COL22126101027-XS,0,279999.00,Campera híbrida con capucha Powder Pass™ de Columbia para hombre
Columbia,COL22126101027,COL22126101027-S,2,279999.00,Campera híbrida con capucha Powder Pass™ de Columbia para hombre
Columbia,COL22126101027,COL22126101027-M,3,279999.00,Campera híbrida con capucha Powder Pass™ de Columbia para hombre
Columbia,COL22126101027,COL22126101027-L,3,279999.00,Campera híbrida con capucha Powder Pass™ de Columbia para hombre
Columbia,COL22126101027,COL22126101027-XL,3,279999.00,Campera híbrida con capucha Powder Pass™ de Columbia para hombre
Columbia,COL22126101027,COL22126101027-XXL,0,279999.00,Campera híbrida con capucha Powder Pass™ de Columbia para hombre
Columbia,COL22126101027,COL22126101027-XXXL,0,279999.00,Campera híbrida con capucha Powder Pass™ de Columbia para hombre
Columbia,COL22155781010,COL22155781010-XS,2,159999.00,Campera híbrida de poliester Spacer Sloan Crest™ de Columbia para mujer
Columbia,COL22155781010,COL22155781010-S,6,159999.00,Campera híbrida de poliester Spacer Sloan Crest™ de Columbia para mujer
Columbia,COL22155781010,COL22155781010-M,6,159999.00,Campera híbrida de poliester Spacer Sloan Crest™ de Columbia para mujer
Columbia,COL22155781010,COL22155781010-L,6,159999.00,Campera híbrida de poliester Spacer Sloan Crest™ de Columbia para mujer
Columbia,COL22155781010,COL22155781010-XL,4,159999.00,Campera híbrida de poliester Spacer Sloan Crest™ de Columbia para mujer
Columbia,COL22155781010,COL22155781010-XXL,0,159999.00,Campera híbrida de poliester Spacer Sloan Crest™ de Columbia para mujer
Columbia,COL22155781010,COL22155781010-XXXL,0,159999.00,Campera híbrida de poliester Spacer Sloan Crest™ de Columbia para mujer
Columbia,COL22155781254,COL22155781254-XS,0,159999.00,Campera híbrida de poliester Spacer Sloan Crest™ de Columbia para mujer
Columbia,COL22155781254,COL22155781254-S,1,159999.00,Campera híbrida de poliester Spacer Sloan Crest™ de Columbia para mujer
Columbia,COL22155781254,COL22155781254-M,3,159999.00,Campera híbrida de poliester Spacer Sloan Crest™ de Columbia para mujer
Columbia,COL22155781254,COL22155781254-L,2,159999.00,Campera híbrida de poliester Spacer Sloan Crest™ de Columbia para mujer
Columbia,COL22155781254,COL22155781254-XL,2,159999.00,Campera híbrida de poliester Spacer Sloan Crest™ de Columbia para mujer
Columbia,COL22155781254,COL22155781254-XXL,0,159999.00,Campera híbrida de poliester Spacer Sloan Crest™ de Columbia para mujer
Columbia,COL22155781254,COL22155781254-XXXL,0,159999.00,Campera híbrida de poliester Spacer Sloan Crest™ de Columbia para mujer
Columbia,COL22155781482,COL22155781482-XS,1,159999.00,Campera híbrida de poliester Spacer Sloan Crest™ de Columbia para mujer
Columbia,COL22155781482,COL22155781482-S,3,159999.00,Campera híbrida de poliester Spacer Sloan Crest™ de Columbia para mujer
Columbia,COL22155781482,COL22155781482-M,3,159999.00,Campera híbrida de poliester Spacer Sloan Crest™ de Columbia para mujer
Columbia,COL22155781482,COL22155781482-L,3,159999.00,Campera híbrida de poliester Spacer Sloan Crest™ de Columbia para mujer
Columbia,COL22155781482,COL22155781482-XL,2,159999.00,Campera híbrida de poliester Spacer Sloan Crest™ de Columbia para mujer
Columbia,COL22155781482,COL22155781482-XXL,0,159999.00,Campera híbrida de poliester Spacer Sloan Crest™ de Columbia para mujer
Columbia,COL22155781482,COL22155781482-XXXL,0,159999.00,Campera híbrida de poliester Spacer Sloan Crest™ de Columbia para mujer
Columbia,COL22086981010,COL22086981010-XS,1,186999.00,Campera impermeable con capucha Hikebound™ II de Columbia para mujer
Columbia,COL22086981010,COL22086981010-S,2,186999.00,Campera impermeable con capucha Hikebound™ II de Columbia para mujer
Columbia,COL22086981010,COL22086981010-M,0,186999.00,Campera impermeable con capucha Hikebound™ II de Columbia para mujer
Columbia,COL22086981010,COL22086981010-L,4,186999.00,Campera impermeable con capucha Hikebound™ II de Columbia para mujer
Columbia,COL22086981010,COL22086981010-XL,0,186999.00,Campera impermeable con capucha Hikebound™ II de Columbia para mujer
Columbia,COL22086981010,COL22086981010-XXL,0,186999.00,Campera impermeable con capucha Hikebound™ II de Columbia para mujer
Columbia,COL22086981010,COL22086981010-XXXL,0,186999.00,Campera impermeable con capucha Hikebound™ II de Columbia para mujer
Columbia,COL22086981278,COL22086981278-XS,1,186999.00,Campera impermeable con capucha Hikebound™ II de Columbia para mujer
Columbia,COL22086981278,COL22086981278-S,2,186999.00,Campera impermeable con capucha Hikebound™ II de Columbia para mujer
Columbia,COL22086981278,COL22086981278-M,0,186999.00,Campera impermeable con capucha Hikebound™ II de Columbia para mujer
Columbia,COL22086981278,COL22086981278-L,0,186999.00,Campera impermeable con capucha Hikebound™ II de Columbia para mujer
Columbia,COL22086981278,COL22086981278-XL,1,186999.00,Campera impermeable con capucha Hikebound™ II de Columbia para mujer
Columbia,COL22086981278,COL22086981278-XXL,0,186999.00,Campera impermeable con capucha Hikebound™ II de Columbia para mujer
Columbia,COL22086981278,COL22086981278-XXXL,0,186999.00,Campera impermeable con capucha Hikebound™ II de Columbia para mujer
Columbia,COL22086981397,COL22086981397-XS,1,186999.00,Campera impermeable con capucha Hikebound™ II de Columbia para mujer
Columbia,COL22086981397,COL22086981397-S,1,186999.00,Campera impermeable con capucha Hikebound™ II de Columbia para mujer
Columbia,COL22086981397,COL22086981397-M,0,186999.00,Campera impermeable con capucha Hikebound™ II de Columbia para mujer
Columbia,COL22086981397,COL22086981397-L,3,186999.00,Campera impermeable con capucha Hikebound™ II de Columbia para mujer
Columbia,COL22086981397,COL22086981397-XL,0,186999.00,Campera impermeable con capucha Hikebound™ II de Columbia para mujer
Columbia,COL22086981397,COL22086981397-XXL,0,186999.00,Campera impermeable con capucha Hikebound™ II de Columbia para mujer
Columbia,COL22086981397,COL22086981397-XXXL,0,186999.00,Campera impermeable con capucha Hikebound™ II de Columbia para mujer
Columbia,COL22086981661,COL22086981661-XS,1,186999.00,Campera impermeable con capucha Hikebound™ II de Columbia para mujer
Columbia,COL22086981661,COL22086981661-S,2,186999.00,Campera impermeable con capucha Hikebound™ II de Columbia para mujer
Columbia,COL22086981661,COL22086981661-M,1,186999.00,Campera impermeable con capucha Hikebound™ II de Columbia para mujer
Columbia,COL22086981661,COL22086981661-L,2,186999.00,Campera impermeable con capucha Hikebound™ II de Columbia para mujer
Columbia,COL22086981661,COL22086981661-XL,0,186999.00,Campera impermeable con capucha Hikebound™ II de Columbia para mujer
Columbia,COL22086981661,COL22086981661-XXL,0,186999.00,Campera impermeable con capucha Hikebound™ II de Columbia para mujer
Columbia,COL22086981661,COL22086981661-XXXL,0,186999.00,Campera impermeable con capucha Hikebound™ II de Columbia para mujer
Columbia,COL22126251011,COL22126251011-XS,0,699999.00,Campera impermeable con capucha Whistler Peak™ de Columbia para hombre
Columbia,COL22126251011,COL22126251011-S,2,699999.00,Campera impermeable con capucha Whistler Peak™ de Columbia para hombre
Columbia,COL22126251011,COL22126251011-M,3,699999.00,Campera impermeable con capucha Whistler Peak™ de Columbia para hombre
Columbia,COL22126251011,COL22126251011-L,3,699999.00,Campera impermeable con capucha Whistler Peak™ de Columbia para hombre
Columbia,COL22126251011,COL22126251011-XL,2,699999.00,Campera impermeable con capucha Whistler Peak™ de Columbia para hombre
Columbia,COL22126251011,COL22126251011-XXL,2,699999.00,Campera impermeable con capucha Whistler Peak™ de Columbia para hombre
Columbia,COL22126251011,COL22126251011-XXXL,0,699999.00,Campera impermeable con capucha Whistler Peak™ de Columbia para hombre
Columbia,COL22126251397,COL22126251397-XS,0,699999.00,Campera impermeable con capucha Whistler Peak™ de Columbia para hombre
Columbia,COL22126251397,COL22126251397-S,2,699999.00,Campera impermeable con capucha Whistler Peak™ de Columbia para hombre
Columbia,COL22126251397,COL22126251397-M,3,699999.00,Campera impermeable con capucha Whistler Peak™ de Columbia para hombre
Columbia,COL22126251397,COL22126251397-L,3,699999.00,Campera impermeable con capucha Whistler Peak™ de Columbia para hombre
Columbia,COL22126251397,COL22126251397-XL,3,699999.00,Campera impermeable con capucha Whistler Peak™ de Columbia para hombre
Columbia,COL22126251397,COL22126251397-XXL,1,699999.00,Campera impermeable con capucha Whistler Peak™ de Columbia para hombre
Columbia,COL22126251397,COL22126251397-XXXL,0,699999.00,Campera impermeable con capucha Whistler Peak™ de Columbia para hombre
Columbia,COL22126251491,COL22126251491-XS,0,699999.00,Campera impermeable con capucha Whistler Peak™ de Columbia para hombre
Columbia,COL22126251491,COL22126251491-S,2,699999.00,Campera impermeable con capucha Whistler Peak™ de Columbia para hombre
Columbia,COL22126251491,COL22126251491-M,3,699999.00,Campera impermeable con capucha Whistler Peak™ de Columbia para hombre
Columbia,COL22126251491,COL22126251491-L,3,699999.00,Campera impermeable con capucha Whistler Peak™ de Columbia para hombre
Columbia,COL22126251491,COL22126251491-XL,3,699999.00,Campera impermeable con capucha Whistler Peak™ de Columbia para hombre
Columbia,COL22126251491,COL22126251491-XXL,1,699999.00,Campera impermeable con capucha Whistler Peak™ de Columbia para hombre
Columbia,COL22126251491,COL22126251491-XXXL,0,699999.00,Campera impermeable con capucha Whistler Peak™ de Columbia para hombre
Columbia,COL22155151010,COL22155151010-XS,0,329999.00,Campera impermeable fácil de guardar Trailborne™ de Columbia para hombre
Columbia,COL22155151010,COL22155151010-S,3,329999.00,Campera impermeable fácil de guardar Trailborne™ de Columbia para hombre
Columbia,COL22155151010,COL22155151010-M,4,329999.00,Campera impermeable fácil de guardar Trailborne™ de Columbia para hombre
Columbia,COL22155151010,COL22155151010-L,2,329999.00,Campera impermeable fácil de guardar Trailborne™ de Columbia para hombre
Columbia,COL22155151010,COL22155151010-XL,2,329999.00,Campera impermeable fácil de guardar Trailborne™ de Columbia para hombre
Columbia,COL22155151010,COL22155151010-XXL,0,329999.00,Campera impermeable fácil de guardar Trailborne™ de Columbia para hombre
Columbia,COL22155151010,COL22155151010-XXXL,0,329999.00,Campera impermeable fácil de guardar Trailborne™ de Columbia para hombre
Columbia,COL22155151254,COL22155151254-XS,0,329999.00,Campera impermeable fácil de guardar Trailborne™ de Columbia para hombre
Columbia,COL22155151254,COL22155151254-S,1,329999.00,Campera impermeable fácil de guardar Trailborne™ de Columbia para hombre
Columbia,COL22155151254,COL22155151254-M,3,329999.00,Campera impermeable fácil de guardar Trailborne™ de Columbia para hombre
Columbia,COL22155151254,COL22155151254-L,2,329999.00,Campera impermeable fácil de guardar Trailborne™ de Columbia para hombre
Columbia,COL22155151254,COL22155151254-XL,3,329999.00,Campera impermeable fácil de guardar Trailborne™ de Columbia para hombre
Columbia,COL22155151254,COL22155151254-XXL,1,329999.00,Campera impermeable fácil de guardar Trailborne™ de Columbia para hombre
Columbia,COL22155151254,COL22155151254-XXXL,0,329999.00,Campera impermeable fácil de guardar Trailborne™ de Columbia para hombre
Columbia,COL22155151464,COL22155151464-XS,0,329999.00,Campera impermeable fácil de guardar Trailborne™ de Columbia para hombre
Columbia,COL22155151464,COL22155151464-S,2,329999.00,Campera impermeable fácil de guardar Trailborne™ de Columbia para hombre
Columbia,COL22155151464,COL22155151464-M,2,329999.00,Campera impermeable fácil de guardar Trailborne™ de Columbia para hombre
Columbia,COL22155151464,COL22155151464-L,2,329999.00,Campera impermeable fácil de guardar Trailborne™ de Columbia para hombre
Columbia,COL22155151464,COL22155151464-XL,1,329999.00,Campera impermeable fácil de guardar Trailborne™ de Columbia para hombre
Columbia,COL22155151464,COL22155151464-XXL,1,329999.00,Campera impermeable fácil de guardar Trailborne™ de Columbia para hombre
Columbia,COL22155151464,COL22155151464-XXXL,0,329999.00,Campera impermeable fácil de guardar Trailborne™ de Columbia para hombre
Columbia,COL22155151864,COL22155151864-XS,0,329999.00,Campera impermeable fácil de guardar Trailborne™ de Columbia para hombre
Columbia,COL22155151864,COL22155151864-S,2,329999.00,Campera impermeable fácil de guardar Trailborne™ de Columbia para hombre
Columbia,COL22155151864,COL22155151864-M,3,329999.00,Campera impermeable fácil de guardar Trailborne™ de Columbia para hombre
Columbia,COL22155151864,COL22155151864-L,2,329999.00,Campera impermeable fácil de guardar Trailborne™ de Columbia para hombre
Columbia,COL22155151864,COL22155151864-XL,3,329999.00,Campera impermeable fácil de guardar Trailborne™ de Columbia para hombre
Columbia,COL22155151864,COL22155151864-XXL,1,329999.00,Campera impermeable fácil de guardar Trailborne™ de Columbia para hombre
Columbia,COL22155151864,COL22155151864-XXXL,0,329999.00,Campera impermeable fácil de guardar Trailborne™ de Columbia para hombre
Columbia,COL22089341010,COL22089341010-XS,0,229999.00,Campera impermeable Hikebound™ II de Columbia para hombre
Columbia,COL22089341010,COL22089341010-S,3,229999.00,Campera impermeable Hikebound™ II de Columbia para hombre
Columbia,COL22089341010,COL22089341010-M,2,229999.00,Campera impermeable Hikebound™ II de Columbia para hombre
Columbia,COL22089341010,COL22089341010-L,5,229999.00,Campera impermeable Hikebound™ II de Columbia para hombre
Columbia,COL22089341010,COL22089341010-XL,2,229999.00,Campera impermeable Hikebound™ II de Columbia para hombre
Columbia,COL22089341010,COL22089341010-XXL,0,229999.00,Campera impermeable Hikebound™ II de Columbia para hombre
Columbia,COL22089341010,COL22089341010-XXXL,0,229999.00,Campera impermeable Hikebound™ II de Columbia para hombre
Columbia,COL22089341278,COL22089341278-XS,0,229999.00,Campera impermeable Hikebound™ II de Columbia para hombre
Columbia,COL22089341278,COL22089341278-S,2,229999.00,Campera impermeable Hikebound™ II de Columbia para hombre
Columbia,COL22089341278,COL22089341278-M,0,229999.00,Campera impermeable Hikebound™ II de Columbia para hombre
Columbia,COL22089341278,COL22089341278-L,1,229999.00,Campera impermeable Hikebound™ II de Columbia para hombre
Columbia,COL22089341278,COL22089341278-XL,2,229999.00,Campera impermeable Hikebound™ II de Columbia para hombre
Columbia,COL22089341278,COL22089341278-XXL,1,229999.00,Campera impermeable Hikebound™ II de Columbia para hombre
Columbia,COL22089341278,COL22089341278-XXXL,0,229999.00,Campera impermeable Hikebound™ II de Columbia para hombre
Columbia,COL22089341429,COL22089341429-XS,0,229999.00,Campera impermeable Hikebound™ II de Columbia para hombre
Columbia,COL22089341429,COL22089341429-S,0,229999.00,Campera impermeable Hikebound™ II de Columbia para hombre
Columbia,COL22089341429,COL22089341429-M,1,229999.00,Campera impermeable Hikebound™ II de Columbia para hombre
Columbia,COL22089341429,COL22089341429-L,3,229999.00,Campera impermeable Hikebound™ II de Columbia para hombre
Columbia,COL22089341429,COL22089341429-XL,1,229999.00,Campera impermeable Hikebound™ II de Columbia para hombre
Columbia,COL22089341429,COL22089341429-XXL,3,229999.00,Campera impermeable Hikebound™ II de Columbia para hombre
Columbia,COL22089341429,COL22089341429-XXXL,0,229999.00,Campera impermeable Hikebound™ II de Columbia para hombre
Columbia,COL22089341464,COL22089341464-XS,0,229999.00,Campera impermeable Hikebound™ II de Columbia para hombre
Columbia,COL22089341464,COL22089341464-S,0,229999.00,Campera impermeable Hikebound™ II de Columbia para hombre
Columbia,COL22089341464,COL22089341464-M,3,229999.00,Campera impermeable Hikebound™ II de Columbia para hombre
Columbia,COL22089341464,COL22089341464-L,3,229999.00,Campera impermeable Hikebound™ II de Columbia para hombre
Columbia,COL22089341464,COL22089341464-XL,1,229999.00,Campera impermeable Hikebound™ II de Columbia para hombre
Columbia,COL22089341464,COL22089341464-XXL,1,229999.00,Campera impermeable Hikebound™ II de Columbia para hombre
Columbia,COL22089341464,COL22089341464-XXXL,0,229999.00,Campera impermeable Hikebound™ II de Columbia para hombre
Columbia,COL22116101010,COL22116101010-XS,0,329999.00,Campera impermeable Landroamer™ II de Columbia para hombre
Columbia,COL22116101010,COL22116101010-S,3,329999.00,Campera impermeable Landroamer™ II de Columbia para hombre
Columbia,COL22116101010,COL22116101010-M,2,329999.00,Campera impermeable Landroamer™ II de Columbia para hombre
Columbia,COL22116101010,COL22116101010-L,3,329999.00,Campera impermeable Landroamer™ II de Columbia para hombre
Columbia,COL22116101010,COL22116101010-XL,3,329999.00,Campera impermeable Landroamer™ II de Columbia para hombre
Columbia,COL22116101010,COL22116101010-XXL,1,329999.00,Campera impermeable Landroamer™ II de Columbia para hombre
Columbia,COL22116101010,COL22116101010-XXXL,0,329999.00,Campera impermeable Landroamer™ II de Columbia para hombre
Columbia,COL22116101397,COL22116101397-XS,0,329999.00,Campera impermeable Landroamer™ II de Columbia para hombre
Columbia,COL22116101397,COL22116101397-S,2,329999.00,Campera impermeable Landroamer™ II de Columbia para hombre
Columbia,COL22116101397,COL22116101397-M,2,329999.00,Campera impermeable Landroamer™ II de Columbia para hombre
Columbia,COL22116101397,COL22116101397-L,2,329999.00,Campera impermeable Landroamer™ II de Columbia para hombre
Columbia,COL22116101397,COL22116101397-XL,2,329999.00,Campera impermeable Landroamer™ II de Columbia para hombre
Columbia,COL22116101397,COL22116101397-XXL,1,329999.00,Campera impermeable Landroamer™ II de Columbia para hombre
Columbia,COL22116101397,COL22116101397-XXXL,0,329999.00,Campera impermeable Landroamer™ II de Columbia para hombre
Columbia,COL22116471606,COL22116471606-XS,1,179999.00,Campera impermeable Loop Trail™ Columbia para mujer
Columbia,COL22116471606,COL22116471606-S,3,179999.00,Campera impermeable Loop Trail™ Columbia para mujer
Columbia,COL22116471606,COL22116471606-M,3,179999.00,Campera impermeable Loop Trail™ Columbia para mujer
Columbia,COL22116471606,COL22116471606-L,3,179999.00,Campera impermeable Loop Trail™ Columbia para mujer
Columbia,COL22116471606,COL22116471606-XL,2,179999.00,Campera impermeable Loop Trail™ Columbia para mujer
Columbia,COL22116471606,COL22116471606-XXL,0,179999.00,Campera impermeable Loop Trail™ Columbia para mujer
Columbia,COL22116471606,COL22116471606-XXXL,0,179999.00,Campera impermeable Loop Trail™ Columbia para mujer
Columbia,COL22116471027,COL22116471027-XS,1,179999.00,Campera impermeable Loop Trail™ Columbia para mujer
Columbia,COL22116471027,COL22116471027-S,3,179999.00,Campera impermeable Loop Trail™ Columbia para mujer
Columbia,COL22116471027,COL22116471027-M,2,179999.00,Campera impermeable Loop Trail™ Columbia para mujer
Columbia,COL22116471027,COL22116471027-L,3,179999.00,Campera impermeable Loop Trail™ Columbia para mujer
Columbia,COL22116471027,COL22116471027-XL,2,179999.00,Campera impermeable Loop Trail™ Columbia para mujer
Columbia,COL22116471027,COL22116471027-XXL,0,179999.00,Campera impermeable Loop Trail™ Columbia para mujer
Columbia,COL22116471027,COL22116471027-XXXL,0,179999.00,Campera impermeable Loop Trail™ Columbia para mujer
Columbia,COL22116471554,COL22116471554-XS,1,179999.00,Campera impermeable Loop Trail™ Columbia para mujer
Columbia,COL22116471554,COL22116471554-S,3,179999.00,Campera impermeable Loop Trail™ Columbia para mujer
Columbia,COL22116471554,COL22116471554-M,4,179999.00,Campera impermeable Loop Trail™ Columbia para mujer
Columbia,COL22116471554,COL22116471554-L,3,179999.00,Campera impermeable Loop Trail™ Columbia para mujer
Columbia,COL22116471554,COL22116471554-XL,1,179999.00,Campera impermeable Loop Trail™ Columbia para mujer
Columbia,COL22116471554,COL22116471554-XXL,0,179999.00,Campera impermeable Loop Trail™ Columbia para mujer
Columbia,COL22116471554,COL22116471554-XXXL,0,179999.00,Campera impermeable Loop Trail™ Columbia para mujer
Columbia,COL22116471010,COL22116471010-XS,1,179999.00,Campera impermeable Loop Trail™ Columbia para mujer
Columbia,COL22116471010,COL22116471010-S,1,179999.00,Campera impermeable Loop Trail™ Columbia para mujer
Columbia,COL22116471010,COL22116471010-M,2,179999.00,Campera impermeable Loop Trail™ Columbia para mujer
Columbia,COL22116471010,COL22116471010-L,5,179999.00,Campera impermeable Loop Trail™ Columbia para mujer
Columbia,COL22116471010,COL22116471010-XL,2,179999.00,Campera impermeable Loop Trail™ Columbia para mujer
Columbia,COL22116471010,COL22116471010-XXL,0,179999.00,Campera impermeable Loop Trail™ Columbia para mujer
Columbia,COL22116471010,COL22116471010-XXXL,0,179999.00,Campera impermeable Loop Trail™ Columbia para mujer
Columbia,COL22089921429,COL22089921429-XS,1,123999.00,Campera impermeable Watertight™ II Columbia para niño
Columbia,COL22089921429,COL22089921429-S,3,123999.00,Campera impermeable Watertight™ II Columbia para niño
Columbia,COL22089921429,COL22089921429-M,1,123999.00,Campera impermeable Watertight™ II Columbia para niño
Columbia,COL22089921429,COL22089921429-L,3,123999.00,Campera impermeable Watertight™ II Columbia para niño
Columbia,COL22089921429,COL22089921429-XL,1,123999.00,Campera impermeable Watertight™ II Columbia para niño
Columbia,COL22089921429,COL22089921429-XXL,0,123999.00,Campera impermeable Watertight™ II Columbia para niño
Columbia,COL22089921429,COL22089921429-XXXL,0,123999.00,Campera impermeable Watertight™ II Columbia para niño
Columbia,COL22089921010,COL22089921010-XS,1,123999.00,Campera impermeable Watertight™ II Columbia para niño
Columbia,COL22089921010,COL22089921010-S,2,123999.00,Campera impermeable Watertight™ II Columbia para niño
Columbia,COL22089921010,COL22089921010-M,1,123999.00,Campera impermeable Watertight™ II Columbia para niño
Columbia,COL22089921010,COL22089921010-L,2,123999.00,Campera impermeable Watertight™ II Columbia para niño
Columbia,COL22089921010,COL22089921010-XL,0,123999.00,Campera impermeable Watertight™ II Columbia para niño
Columbia,COL22089921010,COL22089921010-XXL,0,123999.00,Campera impermeable Watertight™ II Columbia para niño
Columbia,COL22089921010,COL22089921010-XXXL,0,123999.00,Campera impermeable Watertight™ II Columbia para niño
Columbia,COL22089921397,COL22089921397-XS,0,123999.00,Campera impermeable Watertight™ II Columbia para niño
Columbia,COL22089921397,COL22089921397-S,3,123999.00,Campera impermeable Watertight™ II Columbia para niño
Columbia,COL22089921397,COL22089921397-M,2,123999.00,Campera impermeable Watertight™ II Columbia para niño
Columbia,COL22089921397,COL22089921397-L,3,123999.00,Campera impermeable Watertight™ II Columbia para niño
Columbia,COL22089921397,COL22089921397-XL,2,123999.00,Campera impermeable Watertight™ II Columbia para niño
Columbia,COL22089921397,COL22089921397-XXL,0,123999.00,Campera impermeable Watertight™ II Columbia para niño
Columbia,COL22089921397,COL22089921397-XXXL,0,123999.00,Campera impermeable Watertight™ II Columbia para niño
Columbia,COL22154831010,COL22154831010-XS,1,649999.00,Campera impermeable Whistler Peak™ de Columbia para mujer
Columbia,COL22154831010,COL22154831010-S,3,649999.00,Campera impermeable Whistler Peak™ de Columbia para mujer
Columbia,COL22154831010,COL22154831010-M,3,649999.00,Campera impermeable Whistler Peak™ de Columbia para mujer
Columbia,COL22154831010,COL22154831010-L,3,649999.00,Campera impermeable Whistler Peak™ de Columbia para mujer
Columbia,COL22154831010,COL22154831010-XL,1,649999.00,Campera impermeable Whistler Peak™ de Columbia para mujer
Columbia,COL22154831010,COL22154831010-XXL,0,649999.00,Campera impermeable Whistler Peak™ de Columbia para mujer
Columbia,COL22154831010,COL22154831010-XXXL,0,649999.00,Campera impermeable Whistler Peak™ de Columbia para mujer
Columbia,COL22154831254,COL22154831254-XS,1,649999.00,Campera impermeable Whistler Peak™ de Columbia para mujer
Columbia,COL22154831254,COL22154831254-S,2,649999.00,Campera impermeable Whistler Peak™ de Columbia para mujer
Columbia,COL22154831254,COL22154831254-M,3,649999.00,Campera impermeable Whistler Peak™ de Columbia para mujer
Columbia,COL22154831254,COL22154831254-L,3,649999.00,Campera impermeable Whistler Peak™ de Columbia para mujer
Columbia,COL22154831254,COL22154831254-XL,2,649999.00,Campera impermeable Whistler Peak™ de Columbia para mujer
Columbia,COL22154831254,COL22154831254-XXL,0,649999.00,Campera impermeable Whistler Peak™ de Columbia para mujer
Columbia,COL22154831254,COL22154831254-XXXL,0,649999.00,Campera impermeable Whistler Peak™ de Columbia para mujer
Columbia,COL22154831491,COL22154831491-XS,1,649999.00,Campera impermeable Whistler Peak™ de Columbia para mujer
Columbia,COL22154831491,COL22154831491-S,3,649999.00,Campera impermeable Whistler Peak™ de Columbia para mujer
Columbia,COL22154831491,COL22154831491-M,3,649999.00,Campera impermeable Whistler Peak™ de Columbia para mujer
Columbia,COL22154831491,COL22154831491-L,3,649999.00,Campera impermeable Whistler Peak™ de Columbia para mujer
Columbia,COL22154831491,COL22154831491-XL,2,649999.00,Campera impermeable Whistler Peak™ de Columbia para mujer
Columbia,COL22154831491,COL22154831491-XXL,0,649999.00,Campera impermeable Whistler Peak™ de Columbia para mujer
Columbia,COL22154831491,COL22154831491-XXXL,0,649999.00,Campera impermeable Whistler Peak™ de Columbia para mujer
Columbia,COL22096901478,COL22096901478-XS,0,499999.00,Campera intercambiable Bugaboo™ III impermeable Columbia para hombre
Columbia,COL22096901478,COL22096901478-S,1,499999.00,Campera intercambiable Bugaboo™ III impermeable Columbia para hombre
Columbia,COL22096901478,COL22096901478-M,2,499999.00,Campera intercambiable Bugaboo™ III impermeable Columbia para hombre
Columbia,COL22096901478,COL22096901478-L,2,499999.00,Campera intercambiable Bugaboo™ III impermeable Columbia para hombre
Columbia,COL22096901478,COL22096901478-XL,1,499999.00,Campera intercambiable Bugaboo™ III impermeable Columbia para hombre
Columbia,COL22096901478,COL22096901478-XXL,1,499999.00,Campera intercambiable Bugaboo™ III impermeable Columbia para hombre
Columbia,COL22096901478,COL22096901478-XXXL,0,499999.00,Campera intercambiable Bugaboo™ III impermeable Columbia para hombre
Columbia,COL22085021031,COL22085021031-XS,1,148999.00,Campera Kruser Ridge™ III  Columbia para mujer
Columbia,COL22085021031,COL22085021031-S,3,148999.00,Campera Kruser Ridge™ III  Columbia para mujer
Columbia,COL22085021031,COL22085021031-M,3,148999.00,Campera Kruser Ridge™ III  Columbia para mujer
Columbia,COL22085021031,COL22085021031-L,3,148999.00,Campera Kruser Ridge™ III  Columbia para mujer
Columbia,COL22085021031,COL22085021031-XL,2,148999.00,Campera Kruser Ridge™ III  Columbia para mujer
Columbia,COL22085021031,COL22085021031-XXL,0,148999.00,Campera Kruser Ridge™ III  Columbia para mujer
Columbia,COL22085021031,COL22085021031-XXXL,0,148999.00,Campera Kruser Ridge™ III  Columbia para mujer
Columbia,COL22085021010,COL22085021010-XS,4,148999.00,Campera Kruser Ridge™ III  Columbia para mujer
Columbia,COL22085021010,COL22085021010-S,5,148999.00,Campera Kruser Ridge™ III  Columbia para mujer
Columbia,COL22085021010,COL22085021010-M,5,148999.00,Campera Kruser Ridge™ III  Columbia para mujer
Columbia,COL22085021010,COL22085021010-L,3,148999.00,Campera Kruser Ridge™ III  Columbia para mujer
Columbia,COL22085021010,COL22085021010-XL,3,148999.00,Campera Kruser Ridge™ III  Columbia para mujer
Columbia,COL22085021010,COL22085021010-XXL,0,148999.00,Campera Kruser Ridge™ III  Columbia para mujer
Columbia,COL22085021010,COL22085021010-XXXL,0,148999.00,Campera Kruser Ridge™ III  Columbia para mujer
Columbia,COL22085021464,COL22085021464-XS,1,148999.00,Campera Kruser Ridge™ III  Columbia para mujer
Columbia,COL22085021464,COL22085021464-S,2,148999.00,Campera Kruser Ridge™ III  Columbia para mujer
Columbia,COL22085021464,COL22085021464-M,3,148999.00,Campera Kruser Ridge™ III  Columbia para mujer
Columbia,COL22085021464,COL22085021464-L,2,148999.00,Campera Kruser Ridge™ III  Columbia para mujer
Columbia,COL22085021464,COL22085021464-XL,2,148999.00,Campera Kruser Ridge™ III  Columbia para mujer
Columbia,COL22085021464,COL22085021464-XXL,0,148999.00,Campera Kruser Ridge™ III  Columbia para mujer
Columbia,COL22085021464,COL22085021464-XXXL,0,148999.00,Campera Kruser Ridge™ III  Columbia para mujer
Columbia,COL22086961379,COL22086961379-XS,0,299999.00,Campera Powder Lite™ II con relleno sintético Columbia para hombre
Columbia,COL22086961379,COL22086961379-S,2,299999.00,Campera Powder Lite™ II con relleno sintético Columbia para hombre
Columbia,COL22086961379,COL22086961379-M,2,299999.00,Campera Powder Lite™ II con relleno sintético Columbia para hombre
Columbia,COL22086961379,COL22086961379-L,2,299999.00,Campera Powder Lite™ II con relleno sintético Columbia para hombre
Columbia,COL22086961379,COL22086961379-XL,2,299999.00,Campera Powder Lite™ II con relleno sintético Columbia para hombre
Columbia,COL22086961379,COL22086961379-XXL,1,299999.00,Campera Powder Lite™ II con relleno sintético Columbia para hombre
Columbia,COL22086961379,COL22086961379-XXXL,0,299999.00,Campera Powder Lite™ II con relleno sintético Columbia para hombre
Columbia,COL22086961464,COL22086961464-XS,0,299999.00,Campera Powder Lite™ II con relleno sintético Columbia para hombre
Columbia,COL22086961464,COL22086961464-S,3,299999.00,Campera Powder Lite™ II con relleno sintético Columbia para hombre
Columbia,COL22086961464,COL22086961464-M,1,299999.00,Campera Powder Lite™ II con relleno sintético Columbia para hombre
Columbia,COL22086961464,COL22086961464-L,4,299999.00,Campera Powder Lite™ II con relleno sintético Columbia para hombre
Columbia,COL22086961464,COL22086961464-XL,3,299999.00,Campera Powder Lite™ II con relleno sintético Columbia para hombre
Columbia,COL22086961464,COL22086961464-XXL,4,299999.00,Campera Powder Lite™ II con relleno sintético Columbia para hombre
Columbia,COL22086961464,COL22086961464-XXXL,0,299999.00,Campera Powder Lite™ II con relleno sintético Columbia para hombre
Columbia,COL22086961845,COL22086961845-XS,0,299999.00,Campera Powder Lite™ II con relleno sintético Columbia para hombre
Columbia,COL22086961845,COL22086961845-S,1,299999.00,Campera Powder Lite™ II con relleno sintético Columbia para hombre
Columbia,COL22086961845,COL22086961845-M,1,299999.00,Campera Powder Lite™ II con relleno sintético Columbia para hombre
Columbia,COL22086961845,COL22086961845-L,3,299999.00,Campera Powder Lite™ II con relleno sintético Columbia para hombre
Columbia,COL22086961845,COL22086961845-XL,3,299999.00,Campera Powder Lite™ II con relleno sintético Columbia para hombre
Columbia,COL22086961845,COL22086961845-XXL,1,299999.00,Campera Powder Lite™ II con relleno sintético Columbia para hombre
Columbia,COL22086961845,COL22086961845-XXXL,0,299999.00,Campera Powder Lite™ II con relleno sintético Columbia para hombre
Columbia,COL22086961010,COL22086961010-XS,0,299999.00,Campera Powder Lite™ II con relleno sintético Columbia para hombre
Columbia,COL22086961010,COL22086961010-S,7,299999.00,Campera Powder Lite™ II con relleno sintético Columbia para hombre
Columbia,COL22086961010,COL22086961010-M,7,299999.00,Campera Powder Lite™ II con relleno sintético Columbia para hombre
Columbia,COL22086961010,COL22086961010-L,2,299999.00,Campera Powder Lite™ II con relleno sintético Columbia para hombre
Columbia,COL22086961010,COL22086961010-XL,2,299999.00,Campera Powder Lite™ II con relleno sintético Columbia para hombre
Columbia,COL22086961010,COL22086961010-XXL,8,299999.00,Campera Powder Lite™ II con relleno sintético Columbia para hombre
Columbia,COL22086961010,COL22086961010-XXXL,0,299999.00,Campera Powder Lite™ II con relleno sintético Columbia para hombre
Columbia,COL22086711010,COL22086711010-XS,3,107999.00,Campera resistente al agua Columbia Switchback™ IV para mujer
Columbia,COL22086711010,COL22086711010-S,1,107999.00,Campera resistente al agua Columbia Switchback™ IV para mujer
Columbia,COL22086711010,COL22086711010-M,0,107999.00,Campera resistente al agua Columbia Switchback™ IV para mujer
Columbia,COL22086711010,COL22086711010-L,1,107999.00,Campera resistente al agua Columbia Switchback™ IV para mujer
Columbia,COL22086711010,COL22086711010-XL,2,107999.00,Campera resistente al agua Columbia Switchback™ IV para mujer
Columbia,COL22086711010,COL22086711010-XXL,0,107999.00,Campera resistente al agua Columbia Switchback™ IV para mujer
Columbia,COL22086711010,COL22086711010-XXXL,0,107999.00,Campera resistente al agua Columbia Switchback™ IV para mujer
Columbia,COL22086711100,COL22086711100-XS,0,107999.00,Campera resistente al agua Columbia Switchback™ IV para mujer
Columbia,COL22086711100,COL22086711100-S,2,107999.00,Campera resistente al agua Columbia Switchback™ IV para mujer
Columbia,COL22086711100,COL22086711100-M,3,107999.00,Campera resistente al agua Columbia Switchback™ IV para mujer
Columbia,COL22086711100,COL22086711100-L,3,107999.00,Campera resistente al agua Columbia Switchback™ IV para mujer
Columbia,COL22086711100,COL22086711100-XL,2,107999.00,Campera resistente al agua Columbia Switchback™ IV para mujer
Columbia,COL22086711100,COL22086711100-XXL,0,107999.00,Campera resistente al agua Columbia Switchback™ IV para mujer
Columbia,COL22086711100,COL22086711100-XXXL,0,107999.00,Campera resistente al agua Columbia Switchback™ IV para mujer
Columbia,COL22086711397,COL22086711397-XS,1,107999.00,Campera resistente al agua Columbia Switchback™ IV para mujer
Columbia,COL22086711397,COL22086711397-S,1,107999.00,Campera resistente al agua Columbia Switchback™ IV para mujer
Columbia,COL22086711397,COL22086711397-M,3,107999.00,Campera resistente al agua Columbia Switchback™ IV para mujer
Columbia,COL22086711397,COL22086711397-L,1,107999.00,Campera resistente al agua Columbia Switchback™ IV para mujer
Columbia,COL22086711397,COL22086711397-XL,1,107999.00,Campera resistente al agua Columbia Switchback™ IV para mujer
Columbia,COL22086711397,COL22086711397-XXL,0,107999.00,Campera resistente al agua Columbia Switchback™ IV para mujer
Columbia,COL22086711397,COL22086711397-XXXL,0,107999.00,Campera resistente al agua Columbia Switchback™ IV para mujer
Columbia,COL22086711429,COL22086711429-XS,1,107999.00,Campera resistente al agua Columbia Switchback™ IV para mujer
Columbia,COL22086711429,COL22086711429-S,2,107999.00,Campera resistente al agua Columbia Switchback™ IV para mujer
Columbia,COL22086711429,COL22086711429-M,1,107999.00,Campera resistente al agua Columbia Switchback™ IV para mujer
Columbia,COL22086711429,COL22086711429-L,2,107999.00,Campera resistente al agua Columbia Switchback™ IV para mujer
Columbia,COL22086711429,COL22086711429-XL,1,107999.00,Campera resistente al agua Columbia Switchback™ IV para mujer
Columbia,COL22086711429,COL22086711429-XXL,0,107999.00,Campera resistente al agua Columbia Switchback™ IV para mujer
Columbia,COL22086711429,COL22086711429-XXXL,0,107999.00,Campera resistente al agua Columbia Switchback™ IV para mujer
Columbia,COL22086711464,COL22086711464-XS,1,107999.00,Campera resistente al agua Columbia Switchback™ IV para mujer
Columbia,COL22086711464,COL22086711464-S,2,107999.00,Campera resistente al agua Columbia Switchback™ IV para mujer
Columbia,COL22086711464,COL22086711464-M,3,107999.00,Campera resistente al agua Columbia Switchback™ IV para mujer
Columbia,COL22086711464,COL22086711464-L,2,107999.00,Campera resistente al agua Columbia Switchback™ IV para mujer
Columbia,COL22086711464,COL22086711464-XL,2,107999.00,Campera resistente al agua Columbia Switchback™ IV para mujer
Columbia,COL22086711464,COL22086711464-XXL,0,107999.00,Campera resistente al agua Columbia Switchback™ IV para mujer
Columbia,COL22086711464,COL22086711464-XXXL,0,107999.00,Campera resistente al agua Columbia Switchback™ IV para mujer
Columbia,COL22086711554,COL22086711554-XS,0,107999.00,Campera resistente al agua Columbia Switchback™ IV para mujer
Columbia,COL22086711554,COL22086711554-S,1,107999.00,Campera resistente al agua Columbia Switchback™ IV para mujer
Columbia,COL22086711554,COL22086711554-M,0,107999.00,Campera resistente al agua Columbia Switchback™ IV para mujer
Columbia,COL22086711554,COL22086711554-L,2,107999.00,Campera resistente al agua Columbia Switchback™ IV para mujer
Columbia,COL22086711554,COL22086711554-XL,2,107999.00,Campera resistente al agua Columbia Switchback™ IV para mujer
Columbia,COL22086711554,COL22086711554-XXL,0,107999.00,Campera resistente al agua Columbia Switchback™ IV para mujer
Columbia,COL22086711554,COL22086711554-XXXL,0,107999.00,Campera resistente al agua Columbia Switchback™ IV para mujer
Columbia,COL22086711606,COL22086711606-XS,1,107999.00,Campera resistente al agua Columbia Switchback™ IV para mujer
Columbia,COL22086711606,COL22086711606-S,1,107999.00,Campera resistente al agua Columbia Switchback™ IV para mujer
Columbia,COL22086711606,COL22086711606-M,2,107999.00,Campera resistente al agua Columbia Switchback™ IV para mujer
Columbia,COL22086711606,COL22086711606-L,3,107999.00,Campera resistente al agua Columbia Switchback™ IV para mujer
Columbia,COL22086711606,COL22086711606-XL,2,107999.00,Campera resistente al agua Columbia Switchback™ IV para mujer
Columbia,COL22086711606,COL22086711606-XXL,0,107999.00,Campera resistente al agua Columbia Switchback™ IV para mujer
Columbia,COL22086711606,COL22086711606-XXXL,0,107999.00,Campera resistente al agua Columbia Switchback™ IV para mujer
Columbia,COL22154751125,COL22154751125-XS,2,169999.00,Campera rompevientos Willow Sky™ Columbia para mujer
Columbia,COL22154751125,COL22154751125-S,6,169999.00,Campera rompevientos Willow Sky™ Columbia para mujer
Columbia,COL22154751125,COL22154751125-M,6,169999.00,Campera rompevientos Willow Sky™ Columbia para mujer
Columbia,COL22154751125,COL22154751125-L,6,169999.00,Campera rompevientos Willow Sky™ Columbia para mujer
Columbia,COL22154751125,COL22154751125-XL,4,169999.00,Campera rompevientos Willow Sky™ Columbia para mujer
Columbia,COL22154751125,COL22154751125-XXL,0,169999.00,Campera rompevientos Willow Sky™ Columbia para mujer
Columbia,COL22154751125,COL22154751125-XXXL,0,169999.00,Campera rompevientos Willow Sky™ Columbia para mujer
Columbia,COL22154751254,COL22154751254-XS,2,169999.00,Campera rompevientos Willow Sky™ Columbia para mujer
Columbia,COL22154751254,COL22154751254-S,5,169999.00,Campera rompevientos Willow Sky™ Columbia para mujer
Columbia,COL22154751254,COL22154751254-M,6,169999.00,Campera rompevientos Willow Sky™ Columbia para mujer
Columbia,COL22154751254,COL22154751254-L,6,169999.00,Campera rompevientos Willow Sky™ Columbia para mujer
Columbia,COL22154751254,COL22154751254-XL,4,169999.00,Campera rompevientos Willow Sky™ Columbia para mujer
Columbia,COL22154751254,COL22154751254-XXL,0,169999.00,Campera rompevientos Willow Sky™ Columbia para mujer
Columbia,COL22154751254,COL22154751254-XXXL,0,169999.00,Campera rompevientos Willow Sky™ Columbia para mujer
Columbia,COL22155181010,COL22155181010-XS,0,169999.00,Campera softshell con capucha Tall Heights™ III de Columbia para hombre
Columbia,COL22155181010,COL22155181010-S,2,169999.00,Campera softshell con capucha Tall Heights™ III de Columbia para hombre
Columbia,COL22155181010,COL22155181010-M,0,169999.00,Campera softshell con capucha Tall Heights™ III de Columbia para hombre
Columbia,COL22155181010,COL22155181010-L,0,169999.00,Campera softshell con capucha Tall Heights™ III de Columbia para hombre
Columbia,COL22155181010,COL22155181010-XL,0,169999.00,Campera softshell con capucha Tall Heights™ III de Columbia para hombre
Columbia,COL22155181010,COL22155181010-XXL,0,169999.00,Campera softshell con capucha Tall Heights™ III de Columbia para hombre
Columbia,COL22155181010,COL22155181010-XXXL,0,169999.00,Campera softshell con capucha Tall Heights™ III de Columbia para hombre
Columbia,COL22155181027,COL22155181027-XS,0,169999.00,Campera softshell con capucha Tall Heights™ III de Columbia para hombre
Columbia,COL22155181027,COL22155181027-S,1,169999.00,Campera softshell con capucha Tall Heights™ III de Columbia para hombre
Columbia,COL22155181027,COL22155181027-M,0,169999.00,Campera softshell con capucha Tall Heights™ III de Columbia para hombre
Columbia,COL22155181027,COL22155181027-L,1,169999.00,Campera softshell con capucha Tall Heights™ III de Columbia para hombre
Columbia,COL22155181027,COL22155181027-XL,1,169999.00,Campera softshell con capucha Tall Heights™ III de Columbia para hombre
Columbia,COL22155181027,COL22155181027-XXL,1,169999.00,Campera softshell con capucha Tall Heights™ III de Columbia para hombre
Columbia,COL22155181027,COL22155181027-XXXL,0,169999.00,Campera softshell con capucha Tall Heights™ III de Columbia para hombre
Columbia,COL22155181379,COL22155181379-XS,0,169999.00,Campera softshell con capucha Tall Heights™ III de Columbia para hombre
Columbia,COL22155181379,COL22155181379-S,1,169999.00,Campera softshell con capucha Tall Heights™ III de Columbia para hombre
Columbia,COL22155181379,COL22155181379-M,3,169999.00,Campera softshell con capucha Tall Heights™ III de Columbia para hombre
Columbia,COL22155181379,COL22155181379-L,2,169999.00,Campera softshell con capucha Tall Heights™ III de Columbia para hombre
Columbia,COL22155181379,COL22155181379-XL,2,169999.00,Campera softshell con capucha Tall Heights™ III de Columbia para hombre
Columbia,COL22155181379,COL22155181379-XXL,1,169999.00,Campera softshell con capucha Tall Heights™ III de Columbia para hombre
Columbia,COL22155181379,COL22155181379-XXXL,0,169999.00,Campera softshell con capucha Tall Heights™ III de Columbia para hombre
Columbia,COL22155181429,COL22155181429-XS,0,169999.00,Campera softshell con capucha Tall Heights™ III de Columbia para hombre
Columbia,COL22155181429,COL22155181429-S,2,169999.00,Campera softshell con capucha Tall Heights™ III de Columbia para hombre
Columbia,COL22155181429,COL22155181429-M,1,169999.00,Campera softshell con capucha Tall Heights™ III de Columbia para hombre
Columbia,COL22155181429,COL22155181429-L,1,169999.00,Campera softshell con capucha Tall Heights™ III de Columbia para hombre
Columbia,COL22155181429,COL22155181429-XL,0,169999.00,Campera softshell con capucha Tall Heights™ III de Columbia para hombre
Columbia,COL22155181429,COL22155181429-XXL,0,169999.00,Campera softshell con capucha Tall Heights™ III de Columbia para hombre
Columbia,COL22155181429,COL22155181429-XXXL,0,169999.00,Campera softshell con capucha Tall Heights™ III de Columbia para hombre
Columbia,COL22155181464,COL22155181464-XS,0,169999.00,Campera softshell con capucha Tall Heights™ III de Columbia para hombre
Columbia,COL22155181464,COL22155181464-S,0,169999.00,Campera softshell con capucha Tall Heights™ III de Columbia para hombre
Columbia,COL22155181464,COL22155181464-M,3,169999.00,Campera softshell con capucha Tall Heights™ III de Columbia para hombre
Columbia,COL22155181464,COL22155181464-L,1,169999.00,Campera softshell con capucha Tall Heights™ III de Columbia para hombre
Columbia,COL22155181464,COL22155181464-XL,3,169999.00,Campera softshell con capucha Tall Heights™ III de Columbia para hombre
Columbia,COL22155181464,COL22155181464-XXL,0,169999.00,Campera softshell con capucha Tall Heights™ III de Columbia para hombre
Columbia,COL22155181464,COL22155181464-XXXL,0,169999.00,Campera softshell con capucha Tall Heights™ III de Columbia para hombre
Columbia,COL22155171010,COL22155171010-XS,0,269999.00,Campera softshell híbrida Trailborne™ de Columbia para hombre
Columbia,COL22155171010,COL22155171010-S,1,269999.00,Campera softshell híbrida Trailborne™ de Columbia para hombre
Columbia,COL22155171010,COL22155171010-M,0,269999.00,Campera softshell híbrida Trailborne™ de Columbia para hombre
Columbia,COL22155171010,COL22155171010-L,0,269999.00,Campera softshell híbrida Trailborne™ de Columbia para hombre
Columbia,COL22155171010,COL22155171010-XL,0,269999.00,Campera softshell híbrida Trailborne™ de Columbia para hombre
Columbia,COL22155171010,COL22155171010-XXL,0,269999.00,Campera softshell híbrida Trailborne™ de Columbia para hombre
Columbia,COL22155171010,COL22155171010-XXXL,0,269999.00,Campera softshell híbrida Trailborne™ de Columbia para hombre
Columbia,COL22155171027,COL22155171027-XS,0,269999.00,Campera softshell híbrida Trailborne™ de Columbia para hombre
Columbia,COL22155171027,COL22155171027-S,1,269999.00,Campera softshell híbrida Trailborne™ de Columbia para hombre
Columbia,COL22155171027,COL22155171027-M,1,269999.00,Campera softshell híbrida Trailborne™ de Columbia para hombre
Columbia,COL22155171027,COL22155171027-L,3,269999.00,Campera softshell híbrida Trailborne™ de Columbia para hombre
Columbia,COL22155171027,COL22155171027-XL,3,269999.00,Campera softshell híbrida Trailborne™ de Columbia para hombre
Columbia,COL22155171027,COL22155171027-XXL,1,269999.00,Campera softshell híbrida Trailborne™ de Columbia para hombre
Columbia,COL22155171027,COL22155171027-XXXL,0,269999.00,Campera softshell híbrida Trailborne™ de Columbia para hombre
Columbia,COL22094961010,COL22094961010-XS,0,169999.00,Campera Triple Canyon™ con bolsillo delantero  Columbia para hombre
Columbia,COL22094961010,COL22094961010-S,4,169999.00,Campera Triple Canyon™ con bolsillo delantero  Columbia para hombre
Columbia,COL22094961010,COL22094961010-M,2,169999.00,Campera Triple Canyon™ con bolsillo delantero  Columbia para hombre
Columbia,COL22094961010,COL22094961010-L,3,169999.00,Campera Triple Canyon™ con bolsillo delantero  Columbia para hombre
Columbia,COL22094961010,COL22094961010-XL,4,169999.00,Campera Triple Canyon™ con bolsillo delantero  Columbia para hombre
Columbia,COL22094961010,COL22094961010-XXL,1,169999.00,Campera Triple Canyon™ con bolsillo delantero  Columbia para hombre
Columbia,COL22094961010,COL22094961010-XXXL,0,169999.00,Campera Triple Canyon™ con bolsillo delantero  Columbia para hombre
Columbia,COL22094961278,COL22094961278-XS,0,169999.00,Campera Triple Canyon™ con bolsillo delantero  Columbia para hombre
Columbia,COL22094961278,COL22094961278-S,3,169999.00,Campera Triple Canyon™ con bolsillo delantero  Columbia para hombre
Columbia,COL22094961278,COL22094961278-M,2,169999.00,Campera Triple Canyon™ con bolsillo delantero  Columbia para hombre
Columbia,COL22094961278,COL22094961278-L,3,169999.00,Campera Triple Canyon™ con bolsillo delantero  Columbia para hombre
Columbia,COL22094961278,COL22094961278-XL,3,169999.00,Campera Triple Canyon™ con bolsillo delantero  Columbia para hombre
Columbia,COL22094961278,COL22094961278-XXL,1,169999.00,Campera Triple Canyon™ con bolsillo delantero  Columbia para hombre
Columbia,COL22094961278,COL22094961278-XXXL,0,169999.00,Campera Triple Canyon™ con bolsillo delantero  Columbia para hombre
Columbia,COL22094961397,COL22094961397-XS,0,169999.00,Campera Triple Canyon™ con bolsillo delantero  Columbia para hombre
Columbia,COL22094961397,COL22094961397-S,1,169999.00,Campera Triple Canyon™ con bolsillo delantero  Columbia para hombre
Columbia,COL22094961397,COL22094961397-M,2,169999.00,Campera Triple Canyon™ con bolsillo delantero  Columbia para hombre
Columbia,COL22094961397,COL22094961397-L,1,169999.00,Campera Triple Canyon™ con bolsillo delantero  Columbia para hombre
Columbia,COL22094961397,COL22094961397-XL,3,169999.00,Campera Triple Canyon™ con bolsillo delantero  Columbia para hombre
Columbia,COL22094961397,COL22094961397-XXL,1,169999.00,Campera Triple Canyon™ con bolsillo delantero  Columbia para hombre
Columbia,COL22094961397,COL22094961397-XXXL,0,169999.00,Campera Triple Canyon™ con bolsillo delantero  Columbia para hombre
Columbia,COL21533891278,COL21533891278-XS,0,179999.00,Campera Watertight™ II impermeable Columbia para hombre
Columbia,COL21533891278,COL21533891278-S,2,179999.00,Campera Watertight™ II impermeable Columbia para hombre
Columbia,COL21533891278,COL21533891278-M,2,179999.00,Campera Watertight™ II impermeable Columbia para hombre
Columbia,COL21533891278,COL21533891278-L,1,179999.00,Campera Watertight™ II impermeable Columbia para hombre
Columbia,COL21533891278,COL21533891278-XL,2,179999.00,Campera Watertight™ II impermeable Columbia para hombre
Columbia,COL21533891278,COL21533891278-XXL,1,179999.00,Campera Watertight™ II impermeable Columbia para hombre
Columbia,COL21533891278,COL21533891278-XXXL,0,179999.00,Campera Watertight™ II impermeable Columbia para hombre
Crocs,C10013551,C10013551-C99,3,8999.00,3D Dog With Paws
Crocs,C10016643,C10016643-C90H,7,8999.00,3D Holiday Beach Umbrella
Crocs,C10013552,C10013552-C99,17,8999.00,3D Kitty
Crocs,C10013884,C10013884-C99,18,8999.00,A Tiny Friendship Letter
Crocs,C10014085,C10014085-C99,14,8999.00,B Tiny Friendship Letter
Crocs,C10010634,C10010634-C99,1,8999.00,Baby Groot
Crocs,C10009816,C10009816-C99,13,8999.00,Baseball Bats and Ball
Crocs,C10016074,C10016074-C99,10,8999.00,Best Teacher
Crocs,C10075-C001,C10075-C001-M4/W6,0,99999.00,Bistro Clog
Crocs,C10075-C001,C10075-C001-M5/W7,0,99999.00,Bistro Clog
Crocs,C10075-C001,C10075-C001-M6/W8,0,99999.00,Bistro Clog
Crocs,C10075-C001,C10075-C001-M7/W9,0,99999.00,Bistro Clog
Crocs,C10075-C001,C10075-C001-M8/W10,0,99999.00,Bistro Clog
Crocs,C10075-C001,C10075-C001-M9/W11,0,99999.00,Bistro Clog
Crocs,C10075-C001,C10075-C001-M10/W12,0,99999.00,Bistro Clog
Crocs,C10075-C001,C10075-C001-M11,1,99999.00,Bistro Clog
Crocs,C10075-C001,C10075-C001-M12,0,99999.00,Bistro Clog
Crocs,C10075-C001,C10075-C001-M13,0,99999.00,Bistro Clog
Crocs,C10075-C100,C10075-C100-M4/W6,1,99999.00,Bistro Clog
Crocs,C10075-C100,C10075-C100-M5/W7,1,99999.00,Bistro Clog
Crocs,C10075-C100,C10075-C100-M6/W8,0,99999.00,Bistro Clog
Crocs,C10075-C100,C10075-C100-M7/W9,3,99999.00,Bistro Clog
Crocs,C10075-C100,C10075-C100-M8/W10,3,99999.00,Bistro Clog
Crocs,C10075-C100,C10075-C100-M9/W11,0,99999.00,Bistro Clog
Crocs,C10075-C100,C10075-C100-M10/W12,0,99999.00,Bistro Clog
Crocs,C10075-C100,C10075-C100-M11,0,99999.00,Bistro Clog
Crocs,C10075-C100,C10075-C100-M12,0,99999.00,Bistro Clog
Crocs,C10075-C100,C10075-C100-M13,0,99999.00,Bistro Clog
Crocs,C10075-C3J5,C10075-C3J5-M4,0,99999.00,Bistro Clog
Crocs,C10075-C3J5,C10075-C3J5-M5,0,99999.00,Bistro Clog
Crocs,C10075-C3J5,C10075-C3J5-M6,0,99999.00,Bistro Clog
Crocs,C10075-C3J5,C10075-C3J5-M7,1,99999.00,Bistro Clog
Crocs,C10075-C3J5,C10075-C3J5-M8,3,99999.00,Bistro Clog
Crocs,C10075-C3J5,C10075-C3J5-M9,0,99999.00,Bistro Clog
Crocs,C10075-C3J5,C10075-C3J5-M10,1,99999.00,Bistro Clog
Crocs,C10075-C3J5,C10075-C3J5-M11,1,99999.00,Bistro Clog
Crocs,C10075-C3J5,C10075-C3J5-M12,2,99999.00,Bistro Clog
Crocs,C10075-C3J5,C10075-C3J5-M13,1,99999.00,Bistro Clog
Crocs,C10015206,C10015206-C99,15,11999.00,Blue Boom Box
Crocs,C10016130,C10016130-C99,24,11999.00,Blue Crochet Flower
Crocs,C10015209,C10015209-C99,18,11999.00,Blue Tape
Crocs,C211705-C001,C211705-C001-U,4,109999.00,Bolso Crocs Classic
Crocs,C211705-C100,C211705-C100-U,4,109999.00,Bolso Crocs Classic
Crocs,C211705-C7CJ,C211705-C7CJ-U,9,109999.00,Bolso Crocs Classic
Crocs,C211702-C001,C211702-C001-U,6,89999.00,Bolso Crocs Classic Small
Crocs,C211702-C100,C211702-C100-U,4,89999.00,Bolso Crocs Classic Small
Crocs,C211702-C453,C211702-C453-U,6,89999.00,Bolso Crocs Classic Small
Crocs,C211702-C78U,C211702-C78U-U,6,89999.00,Bolso Crocs Classic Small
Crocs,C211702-C7CJ,C211702-C7CJ-U,4,89999.00,Bolso Crocs Classic Small
Crocs,C208718-C001,C208718-C001-M3/W5,3,99999.00,Botas Stomp Lined
Crocs,C208718-C001,C208718-C001-M4/W6,7,99999.00,Botas Stomp Lined
Crocs,C208718-C001,C208718-C001-M5/W7,6,99999.00,Botas Stomp Lined
Crocs,C208718-C001,C208718-C001-M6/W8,0,99999.00,Botas Stomp Lined
Crocs,C208718-C001,C208718-C001-M7/W9,0,99999.00,Botas Stomp Lined
Crocs,C208718-C001,C208718-C001-M8/W10,0,99999.00,Botas Stomp Lined
Crocs,C208718-C001,C208718-C001-M9/W11,0,99999.00,Botas Stomp Lined
Crocs,C208718-C001,C208718-C001-M10/W12,0,99999.00,Botas Stomp Lined
Crocs,C208718-C001,C208718-C001-M11,0,99999.00,Botas Stomp Lined
Crocs,C208718-C001,C208718-C001-M12,0,99999.00,Botas Stomp Lined
Crocs,C208718-C001,C208718-C001-M13,0,99999.00,Botas Stomp Lined
Crocs,C208718-C160,C208718-C160-M3/W5,6,99999.00,Botas Stomp Lined
Crocs,C208718-C160,C208718-C160-M4/W6,8,99999.00,Botas Stomp Lined
Crocs,C208718-C160,C208718-C160-M5/W7,7,99999.00,Botas Stomp Lined
Crocs,C208718-C160,C208718-C160-M6/W8,5,99999.00,Botas Stomp Lined
Crocs,C208718-C160,C208718-C160-M7/W9,13,99999.00,Botas Stomp Lined
Crocs,C208718-C160,C208718-C160-M8/W10,0,99999.00,Botas Stomp Lined
Crocs,C208718-C160,C208718-C160-M9/W11,0,99999.00,Botas Stomp Lined
Crocs,C208718-C160,C208718-C160-M10/W12,0,99999.00,Botas Stomp Lined
Crocs,C208718-C160,C208718-C160-M11,0,99999.00,Botas Stomp Lined
Crocs,C208718-C160,C208718-C160-M12,0,99999.00,Botas Stomp Lined
Crocs,C208718-C160,C208718-C160-M13,0,99999.00,Botas Stomp Lined
Crocs,C208718-C2CC,C208718-C2CC-M3/W5,4,99999.00,Botas Stomp Lined
Crocs,C208718-C2CC,C208718-C2CC-M4/W6,4,99999.00,Botas Stomp Lined
Crocs,C208718-C2CC,C208718-C2CC-M5/W7,13,99999.00,Botas Stomp Lined
Crocs,C208718-C2CC,C208718-C2CC-M6/W8,10,99999.00,Botas Stomp Lined
Crocs,C208718-C2CC,C208718-C2CC-M7/W9,8,99999.00,Botas Stomp Lined
Crocs,C208718-C2CC,C208718-C2CC-M8/W10,0,99999.00,Botas Stomp Lined
Crocs,C208718-C2CC,C208718-C2CC-M9/W11,0,99999.00,Botas Stomp Lined
Crocs,C208718-C2CC,C208718-C2CC-M10/W12,0,99999.00,Botas Stomp Lined
Crocs,C208718-C2CC,C208718-C2CC-M11,0,99999.00,Botas Stomp Lined
Crocs,C208718-C2CC,C208718-C2CC-M12,0,99999.00,Botas Stomp Lined
Crocs,C208718-C2CC,C208718-C2CC-M13,0,99999.00,Botas Stomp Lined
Crocs,C206453-C060,C206453-C060-W5,15,109999.00,Brooklyn Low Wedge
Crocs,C206453-C060,C206453-C060-W6,6,109999.00,Brooklyn Low Wedge
Crocs,C206453-C060,C206453-C060-W7,20,109999.00,Brooklyn Low Wedge
Crocs,C206453-C060,C206453-C060-W8,16,109999.00,Brooklyn Low Wedge
Crocs,C206453-C060,C206453-C060-W9,19,109999.00,Brooklyn Low Wedge
Crocs,C206453-C060,C206453-C060-W10,4,109999.00,Brooklyn Low Wedge
Crocs,C206453-C2EL,C206453-C2EL-W5,7,109999.00,Brooklyn Low Wedge
Crocs,C206453-C2EL,C206453-C2EL-W6,7,109999.00,Brooklyn Low Wedge
Crocs,C206453-C2EL,C206453-C2EL-W7,18,109999.00,Brooklyn Low Wedge
Crocs,C206453-C2EL,C206453-C2EL-W8,15,109999.00,Brooklyn Low Wedge
Crocs,C206453-C2EL,C206453-C2EL-W9,6,109999.00,Brooklyn Low Wedge
Crocs,C206453-C2EL,C206453-C2EL-W10,10,109999.00,Brooklyn Low Wedge
Crocs,C10015941,C10015941-C99,16,11999.00,Cassette Tape Chain
Crocs,C10014582,C10014582-C99,6,8999.00,Chocolate Chip Ice Cream Pop
Crocs,C10001-C001,C10001-C001-M4/W6,39,54999.00,Classic Clog
Crocs,C10001-C001,C10001-C001-M5/W7,39,54999.00,Classic Clog
Crocs,C10001-C001,C10001-C001-M6/W8,32,54999.00,Classic Clog
Crocs,C10001-C001,C10001-C001-M7/W9,35,54999.00,Classic Clog
Crocs,C10001-C001,C10001-C001-M8/W10,43,54999.00,Classic Clog
Crocs,C10001-C001,C10001-C001-M9/W11,34,54999.00,Classic Clog
Crocs,C10001-C001,C10001-C001-M10/W12,46,54999.00,Classic Clog
Crocs,C10001-C001,C10001-C001-M11,31,54999.00,Classic Clog
Crocs,C10001-C001,C10001-C001-M12,34,54999.00,Classic Clog
Crocs,C10001-C001,C10001-C001-M13,27,54999.00,Classic Clog
Crocs,C10001-C0DA,C10001-C0DA-M4/W6,0,54999.00,Classic Clog
Crocs,C10001-C0DA,C10001-C0DA-M5/W7,0,54999.00,Classic Clog
Crocs,C10001-C0DA,C10001-C0DA-M6/W8,16,54999.00,Classic Clog
Crocs,C10001-C0DA,C10001-C0DA-M7/W9,12,54999.00,Classic Clog
Crocs,C10001-C0DA,C10001-C0DA-M8/W10,0,54999.00,Classic Clog
Crocs,C10001-C0DA,C10001-C0DA-M9/W11,0,54999.00,Classic Clog
Crocs,C10001-C0DA,C10001-C0DA-M10/W12,0,54999.00,Classic Clog
Crocs,C10001-C0DA,C10001-C0DA-M11,0,54999.00,Classic Clog
Crocs,C10001-C0DA,C10001-C0DA-M12,0,54999.00,Classic Clog
Crocs,C10001-C0DA,C10001-C0DA-M13,0,54999.00,Classic Clog
Crocs,C10001-C1FT,C10001-C1FT-M4/W6,2,54999.00,Classic Clog
Crocs,C10001-C1FT,C10001-C1FT-M5/W7,0,54999.00,Classic Clog
Crocs,C10001-C1FT,C10001-C1FT-M6/W8,0,54999.00,Classic Clog
Crocs,C10001-C1FT,C10001-C1FT-M7/W9,0,54999.00,Classic Clog
Crocs,C10001-C1FT,C10001-C1FT-M8/W10,6,54999.00,Classic Clog
Crocs,C10001-C1FT,C10001-C1FT-M9/W11,4,54999.00,Classic Clog
Crocs,C10001-C1FT,C10001-C1FT-M10/W12,2,54999.00,Classic Clog
Crocs,C10001-C1FT,C10001-C1FT-M11,0,54999.00,Classic Clog
Crocs,C10001-C1FT,C10001-C1FT-M12,5,54999.00,Classic Clog
Crocs,C10001-C1FT,C10001-C1FT-M13,8,54999.00,Classic Clog
Crocs,C10001-C209,C10001-C209-M4/W6,20,54999.00,Classic Clog
Crocs,C10001-C209,C10001-C209-M5/W7,18,54999.00,Classic Clog
Crocs,C10001-C209,C10001-C209-M6/W8,22,54999.00,Classic Clog
Crocs,C10001-C209,C10001-C209-M7/W9,9,54999.00,Classic Clog
Crocs,C10001-C209,C10001-C209-M8/W10,6,54999.00,Classic Clog
Crocs,C10001-C209,C10001-C209-M9/W11,5,54999.00,Classic Clog
Crocs,C10001-C209,C10001-C209-M10/W12,4,54999.00,Classic Clog
Crocs,C10001-C209,C10001-C209-M11,6,54999.00,Classic Clog
Crocs,C10001-C209,C10001-C209-M12,0,54999.00,Classic Clog
Crocs,C10001-C209,C10001-C209-M13,6,54999.00,Classic Clog
Crocs,C10001-C2Q9,C10001-C2Q9-M4/W6,8,54999.00,Classic Clog
Crocs,C10001-C2Q9,C10001-C2Q9-M5/W7,10,54999.00,Classic Clog
Crocs,C10001-C2Q9,C10001-C2Q9-M6/W8,8,54999.00,Classic Clog
Crocs,C10001-C2Q9,C10001-C2Q9-M7/W9,4,54999.00,Classic Clog
Crocs,C10001-C2Q9,C10001-C2Q9-M8/W10,6,54999.00,Classic Clog
Crocs,C10001-C2Q9,C10001-C2Q9-M9/W11,0,54999.00,Classic Clog
Crocs,C10001-C2Q9,C10001-C2Q9-M10/W12,0,54999.00,Classic Clog
Crocs,C10001-C2Q9,C10001-C2Q9-M11,0,54999.00,Classic Clog
Crocs,C10001-C2Q9,C10001-C2Q9-M12,0,54999.00,Classic Clog
Crocs,C10001-C2Q9,C10001-C2Q9-M13,0,54999.00,Classic Clog
Crocs,C10001-C2Y2,C10001-C2Y2-M4/W6,8,54999.00,Classic Clog
Crocs,C10001-C2Y2,C10001-C2Y2-M5/W7,7,54999.00,Classic Clog
Crocs,C10001-C2Y2,C10001-C2Y2-M6/W8,5,54999.00,Classic Clog
Crocs,C10001-C2Y2,C10001-C2Y2-M7/W9,8,54999.00,Classic Clog
Crocs,C10001-C2Y2,C10001-C2Y2-M8/W10,7,54999.00,Classic Clog
Crocs,C10001-C2Y2,C10001-C2Y2-M9/W11,4,54999.00,Classic Clog
Crocs,C10001-C2Y2,C10001-C2Y2-M10/W12,8,54999.00,Classic Clog
Crocs,C10001-C2Y2,C10001-C2Y2-M11,10,54999.00,Classic Clog
Crocs,C10001-C2Y2,C10001-C2Y2-M12,7,54999.00,Classic Clog
Crocs,C10001-C2Y2,C10001-C2Y2-M13,10,54999.00,Classic Clog
Crocs,C10001-C3YO,C10001-C3YO-M4/W6,0,54999.00,Classic Clog
Crocs,C10001-C3YO,C10001-C3YO-M5/W7,12,54999.00,Classic Clog
Crocs,C10001-C3YO,C10001-C3YO-M6/W8,12,54999.00,Classic Clog
Crocs,C10001-C3YO,C10001-C3YO-M7/W9,0,54999.00,Classic Clog
Crocs,C10001-C3YO,C10001-C3YO-M8/W10,0,54999.00,Classic Clog
Crocs,C10001-C3YO,C10001-C3YO-M9/W11,0,54999.00,Classic Clog
Crocs,C10001-C3YO,C10001-C3YO-M10/W12,0,54999.00,Classic Clog
Crocs,C10001-C3YO,C10001-C3YO-M11,0,54999.00,Classic Clog
Crocs,C10001-C3YO,C10001-C3YO-M12,0,54999.00,Classic Clog
Crocs,C10001-C3YO,C10001-C3YO-M13,0,54999.00,Classic Clog
Crocs,C10001-C410,C10001-C410-M4/W6,37,54999.00,Classic Clog
Crocs,C10001-C410,C10001-C410-M5/W7,36,54999.00,Classic Clog
Crocs,C10001-C410,C10001-C410-M6/W8,38,54999.00,Classic Clog
Crocs,C10001-C410,C10001-C410-M7/W9,37,54999.00,Classic Clog
Crocs,C10001-C410,C10001-C410-M8/W10,31,54999.00,Classic Clog
Crocs,C10001-C410,C10001-C410-M9/W11,40,54999.00,Classic Clog
Crocs,C10001-C410,C10001-C410-M10/W12,43,54999.00,Classic Clog
Crocs,C10001-C410,C10001-C410-M11,32,54999.00,Classic Clog
Crocs,C10001-C410,C10001-C410-M12,34,54999.00,Classic Clog
Crocs,C10001-C410,C10001-C410-M13,39,54999.00,Classic Clog
Crocs,C10001-C5BN,C10001-C5BN-M4/W6,0,54999.00,Classic Clog
Crocs,C10001-C5BN,C10001-C5BN-M5/W7,0,54999.00,Classic Clog
Crocs,C10001-C5BN,C10001-C5BN-M6/W8,1,54999.00,Classic Clog
Crocs,C10001-C5BN,C10001-C5BN-M7/W9,4,54999.00,Classic Clog
Crocs,C10001-C5BN,C10001-C5BN-M8/W10,7,54999.00,Classic Clog
Crocs,C10001-C5BN,C10001-C5BN-M9/W11,0,54999.00,Classic Clog
Crocs,C10001-C5BN,C10001-C5BN-M10/W12,0,54999.00,Classic Clog
Crocs,C10001-C5BN,C10001-C5BN-M11,0,54999.00,Classic Clog
Crocs,C10001-C5BN,C10001-C5BN-M12,0,54999.00,Classic Clog
Crocs,C10001-C5BN,C10001-C5BN-M13,0,54999.00,Classic Clog
Crocs,C10001-C309,C10001-C309-M4/W6,5,54999.00,Classic Clog
Crocs,C10001-C309,C10001-C309-M5/W7,1,54999.00,Classic Clog
Crocs,C10001-C309,C10001-C309-M6/W8,3,54999.00,Classic Clog
Crocs,C10001-C309,C10001-C309-M7/W9,10,54999.00,Classic Clog
Crocs,C10001-C309,C10001-C309-M8/W10,1,54999.00,Classic Clog
Crocs,C10001-C309,C10001-C309-M9/W11,1,54999.00,Classic Clog
Crocs,C10001-C309,C10001-C309-M10/W12,1,54999.00,Classic Clog
Crocs,C10001-C309,C10001-C309-M11,0,54999.00,Classic Clog
Crocs,C10001-C309,C10001-C309-M12,4,54999.00,Classic Clog
Crocs,C10001-C309,C10001-C309-M13,5,54999.00,Classic Clog
Crocs,C10001-C100,C10001-C100-M4/W6,4,54999.00,Classic Clog
Crocs,C10001-C100,C10001-C100-M5/W7,0,54999.00,Classic Clog
Crocs,C10001-C100,C10001-C100-M6/W8,0,54999.00,Classic Clog
Crocs,C10001-C100,C10001-C100-M7/W9,0,54999.00,Classic Clog
Crocs,C10001-C100,C10001-C100-M8/W10,0,54999.00,Classic Clog
Crocs,C10001-C100,C10001-C100-M9/W11,9,54999.00,Classic Clog
Crocs,C10001-C100,C10001-C100-M10/W12,4,54999.00,Classic Clog
Crocs,C10001-C100,C10001-C100-M11,5,54999.00,Classic Clog
Crocs,C10001-C100,C10001-C100-M12,4,54999.00,Classic Clog
Crocs,C10001-C100,C10001-C100-M13,5,54999.00,Classic Clog
Crocs,C10001-C76A,C10001-C76A-M4/W6,10,54999.00,Classic Clog
Crocs,C10001-C76A,C10001-C76A-M5/W7,7,54999.00,Classic Clog
Crocs,C10001-C76A,C10001-C76A-M6/W8,5,54999.00,Classic Clog
Crocs,C10001-C76A,C10001-C76A-M7/W9,7,54999.00,Classic Clog
Crocs,C10001-C3YF,C10001-C3YF-M4/W6,0,54999.00,Classic Clog
Crocs,C10001-C3YF,C10001-C3YF-M5/W7,1,54999.00,Classic Clog
Crocs,C10001-C3YF,C10001-C3YF-M6/W8,0,54999.00,Classic Clog
Crocs,C10001-C3YF,C10001-C3YF-M7/W9,4,54999.00,Classic Clog
Crocs,C10001-C5CI,C10001-C5CI-M4/W6,12,54999.00,Classic Clog
Crocs,C10001-C5CI,C10001-C5CI-M5/W7,10,54999.00,Classic Clog
Crocs,C10001-C5CI,C10001-C5CI-M6/W8,5,54999.00,Classic Clog
Crocs,C10001-C5CI,C10001-C5CI-M7/W9,17,54999.00,Classic Clog
Crocs,C10001-C78U,C10001-C78U-M3/W5,0,54999.00,Classic Clog
Crocs,C10001-C78U,C10001-C78U-M4/W6,6,54999.00,Classic Clog
Crocs,C10001-C78U,C10001-C78U-M5/W7,6,54999.00,Classic Clog
Crocs,C10001-C78U,C10001-C78U-M6/W8,10,54999.00,Classic Clog
Crocs,C10001-C78U,C10001-C78U-M7/W9,9,54999.00,Classic Clog
Crocs,C10001-C78U,C10001-C78U-M8/W10,0,54999.00,Classic Clog
Crocs,C10001-C78U,C10001-C78U-M9/W11,0,54999.00,Classic Clog
Crocs,C10001-C6XJ,C10001-C6XJ-M4/W6,5,54999.00,Classic Clog
Crocs,C10001-C6XJ,C10001-C6XJ-M5/W7,17,54999.00,Classic Clog
Crocs,C10001-C6XJ,C10001-C6XJ-M6/W8,9,54999.00,Classic Clog
Crocs,C10001-C6XJ,C10001-C6XJ-M7/W9,23,54999.00,Classic Clog
Crocs,C10001-C6XJ,C10001-C6XJ-M8/W10,6,54999.00,Classic Clog
Crocs,C10001-C7AH,C10001-C7AH-M4/W6,7,54999.00,Classic Clog
Crocs,C10001-C7AH,C10001-C7AH-M5/W7,12,54999.00,Classic Clog
Crocs,C10001-C7AH,C10001-C7AH-M6/W8,6,54999.00,Classic Clog
Crocs,C10001-C7AH,C10001-C7AH-M7/W9,2,54999.00,Classic Clog
Crocs,C10001-C7AH,C10001-C7AH-M10/W12,0,54999.00,Classic Clog
Crocs,C10001-C7AH,C10001-C7AH-M11,0,54999.00,Classic Clog
Crocs,C10001-C7AH,C10001-C7AH-M12,0,54999.00,Classic Clog
Crocs,C10001-C7AH,C10001-C7AH-M13,0,54999.00,Classic Clog
Crocs,C10001-C801,C10001-C801-M7/W9,5,54999.00,Classic Clog
Crocs,C10006-C001,C10006-C001-C4/5,26,44999.00,Classic Clog Kids
Crocs,C10006-C001,C10006-C001-C6/7,51,44999.00,Classic Clog Kids
Crocs,C10006-C001,C10006-C001-C8/9,17,44999.00,Classic Clog Kids
Crocs,C10006-C001,C10006-C001-C10/11,41,44999.00,Classic Clog Kids
Crocs,C10006-C001,C10006-C001-C12/13,58,44999.00,Classic Clog Kids
Crocs,C10006-C001,C10006-C001-J1,51,44999.00,Classic Clog Kids
Crocs,C10006-C001,C10006-C001-J2,27,44999.00,Classic Clog Kids
Crocs,C10006-C001,C10006-C001-J3,35,44999.00,Classic Clog Kids
Crocs,C10006-C2Y2,C10006-C2Y2-C4/5,1,44999.00,Classic Clog Kids
Crocs,C10006-C2Y2,C10006-C2Y2-C6/7,0,44999.00,Classic Clog Kids
Crocs,C10006-C2Y2,C10006-C2Y2-C8/9,9,44999.00,Classic Clog Kids
Crocs,C10006-C2Y2,C10006-C2Y2-C10/11,4,44999.00,Classic Clog Kids
Crocs,C10006-C2Y2,C10006-C2Y2-C12/13,0,44999.00,Classic Clog Kids
Crocs,C10006-C2Y2,C10006-C2Y2-J1,0,44999.00,Classic Clog Kids
Crocs,C10006-C2Y2,C10006-C2Y2-J2,6,44999.00,Classic Clog Kids
Crocs,C10006-C2Y2,C10006-C2Y2-J3,0,44999.00,Classic Clog Kids
Crocs,C10006-C308,C10006-C308-C4/5,6,44999.00,Classic Clog Kids
Crocs,C10006-C308,C10006-C308-C6/7,0,44999.00,Classic Clog Kids
Crocs,C10006-C308,C10006-C308-C8/9,0,44999.00,Classic Clog Kids
Crocs,C10006-C308,C10006-C308-C10/11,0,44999.00,Classic Clog Kids
Crocs,C10006-C308,C10006-C308-C12/13,0,44999.00,Classic Clog Kids
Crocs,C10006-C308,C10006-C308-J1,0,44999.00,Classic Clog Kids
Crocs,C10006-C308,C10006-C308-J2,0,44999.00,Classic Clog Kids
Crocs,C10006-C308,C10006-C308-J3,0,44999.00,Classic Clog Kids
Crocs,C10006-C410,C10006-C410-C4/5,23,44999.00,Classic Clog Kids
Crocs,C10006-C410,C10006-C410-C6/7,18,44999.00,Classic Clog Kids
Crocs,C10006-C410,C10006-C410-C8/9,25,44999.00,Classic Clog Kids
Crocs,C10006-C410,C10006-C410-C10/11,19,44999.00,Classic Clog Kids
Crocs,C10006-C410,C10006-C410-C12/13,0,44999.00,Classic Clog Kids
Crocs,C10006-C410,C10006-C410-J1,0,44999.00,Classic Clog Kids
Crocs,C10006-C410,C10006-C410-J2,6,44999.00,Classic Clog Kids
Crocs,C10006-C410,C10006-C410-J3,0,44999.00,Classic Clog Kids
Crocs,C10006-C5BN,C10006-C5BN-C4/5,1,44999.00,Classic Clog Kids
Crocs,C10006-C5BN,C10006-C5BN-C6/7,0,44999.00,Classic Clog Kids
Crocs,C10006-C5BN,C10006-C5BN-C8/9,0,44999.00,Classic Clog Kids
Crocs,C10006-C5BN,C10006-C5BN-C10/11,0,44999.00,Classic Clog Kids
Crocs,C10006-C5BN,C10006-C5BN-C12/13,0,44999.00,Classic Clog Kids
Crocs,C10006-C5BN,C10006-C5BN-J1,0,44999.00,Classic Clog Kids
Crocs,C10006-C5BN,C10006-C5BN-J2,0,44999.00,Classic Clog Kids
Crocs,C10006-C5BN,C10006-C5BN-J3,0,44999.00,Classic Clog Kids
Crocs,C10006-C6ZW,C10006-C6ZW-C4/5,1,44999.00,Classic Clog Kids
Crocs,C10006-C6ZW,C10006-C6ZW-C6/7,8,44999.00,Classic Clog Kids
Crocs,C10006-C6ZW,C10006-C6ZW-C8/9,5,44999.00,Classic Clog Kids
Crocs,C10006-C6ZW,C10006-C6ZW-C10/11,3,44999.00,Classic Clog Kids
Crocs,C10006-C6ZW,C10006-C6ZW-C12/13,11,44999.00,Classic Clog Kids
Crocs,C10006-C6ZW,C10006-C6ZW-J1,0,44999.00,Classic Clog Kids
Crocs,C10006-C6ZW,C10006-C6ZW-J2,0,44999.00,Classic Clog Kids
Crocs,C10006-C6ZW,C10006-C6ZW-J3,0,44999.00,Classic Clog Kids
Crocs,C10006-C3YO,C10006-C3YO-C4/5,0,44999.00,Classic Clog Kids
Crocs,C10006-C3YO,C10006-C3YO-C6/7,0,44999.00,Classic Clog Kids
Crocs,C10006-C3YO,C10006-C3YO-C8/9,0,44999.00,Classic Clog Kids
Crocs,C10006-C3YO,C10006-C3YO-C10/11,0,44999.00,Classic Clog Kids
Crocs,C10006-C3YO,C10006-C3YO-C12/13,0,44999.00,Classic Clog Kids
Crocs,C10006-C3YO,C10006-C3YO-J1,0,44999.00,Classic Clog Kids
Crocs,C10006-C3YO,C10006-C3YO-J2,5,44999.00,Classic Clog Kids
Crocs,C10006-C3YO,C10006-C3YO-J3,0,44999.00,Classic Clog Kids
Crocs,C10006-C4OX,C10006-C4OX-C4/5,19,44999.00,Classic Clog Kids
Crocs,C10006-C4OX,C10006-C4OX-C6/7,6,44999.00,Classic Clog Kids
Crocs,C10006-C4OX,C10006-C4OX-C8/9,0,44999.00,Classic Clog Kids
Crocs,C10006-C4OX,C10006-C4OX-C10/11,0,44999.00,Classic Clog Kids
Crocs,C10006-C4OX,C10006-C4OX-C12/13,0,44999.00,Classic Clog Kids
Crocs,C10006-C4OX,C10006-C4OX-J1,0,44999.00,Classic Clog Kids
Crocs,C10006-C4OX,C10006-C4OX-J2,0,44999.00,Classic Clog Kids
Crocs,C10006-C4OX,C10006-C4OX-J3,0,44999.00,Classic Clog Kids
Crocs,C10006-C5BX,C10006-C5BX-C4/5,11,44999.00,Classic Clog Kids
Crocs,C10006-C5BX,C10006-C5BX-C6/7,12,44999.00,Classic Clog Kids
Crocs,C10006-C5BX,C10006-C5BX-C8/9,12,44999.00,Classic Clog Kids
Crocs,C10006-C5BX,C10006-C5BX-C10/11,0,44999.00,Classic Clog Kids
Crocs,C10006-C5BX,C10006-C5BX-C12/13,0,44999.00,Classic Clog Kids
Crocs,C10006-C5BX,C10006-C5BX-J1,10,44999.00,Classic Clog Kids
Crocs,C10006-C5BX,C10006-C5BX-J2,11,44999.00,Classic Clog Kids
Crocs,C10006-C5BX,C10006-C5BX-J3,11,44999.00,Classic Clog Kids
Crocs,C10006-C309,C10006-C309-C4/5,6,44999.00,Classic Clog Kids
Crocs,C10006-C309,C10006-C309-C6/7,0,44999.00,Classic Clog Kids
Crocs,C10006-C309,C10006-C309-C8/9,0,44999.00,Classic Clog Kids
Crocs,C10006-C309,C10006-C309-C10/11,0,44999.00,Classic Clog Kids
Crocs,C10006-C309,C10006-C309-C12/13,0,44999.00,Classic Clog Kids
Crocs,C10006-C309,C10006-C309-J1,1,44999.00,Classic Clog Kids
Crocs,C10006-C309,C10006-C309-J2,0,44999.00,Classic Clog Kids
Crocs,C10006-C309,C10006-C309-J3,0,44999.00,Classic Clog Kids
Crocs,C10006-C0DA,C10006-C0DA-C4/5,14,44999.00,Classic Clog Kids
Crocs,C10006-C0DA,C10006-C0DA-C6/7,8,44999.00,Classic Clog Kids
Crocs,C10006-C0DA,C10006-C0DA-C8/9,12,44999.00,Classic Clog Kids
Crocs,C10006-C0DA,C10006-C0DA-C10/11,13,44999.00,Classic Clog Kids
Crocs,C10006-C0DA,C10006-C0DA-C12/13,16,44999.00,Classic Clog Kids
Crocs,C10006-C0DA,C10006-C0DA-J1,0,44999.00,Classic Clog Kids
Crocs,C10006-C0DA,C10006-C0DA-J2,17,44999.00,Classic Clog Kids
Crocs,C10006-C0DA,C10006-C0DA-J3,13,44999.00,Classic Clog Kids
Crocs,C10006-C3YF,C10006-C3YF-C4/5,4,44999.00,Classic Clog Kids
Crocs,C10006-C3YF,C10006-C3YF-C6/7,5,44999.00,Classic Clog Kids
Crocs,C10006-C3YF,C10006-C3YF-C8/9,3,44999.00,Classic Clog Kids
Crocs,C10006-C3YF,C10006-C3YF-C10/11,5,44999.00,Classic Clog Kids
Crocs,C10006-C3YF,C10006-C3YF-C12/13,5,44999.00,Classic Clog Kids
Crocs,C10006-C3YF,C10006-C3YF-J1,7,44999.00,Classic Clog Kids
Crocs,C10006-C3YF,C10006-C3YF-J2,17,44999.00,Classic Clog Kids
Crocs,C10006-C3YF,C10006-C3YF-J3,1,44999.00,Classic Clog Kids
Crocs,C10006-C6TW,C10006-C6TW-C4/5,5,44999.00,Classic Clog Kids
Crocs,C10006-C6TW,C10006-C6TW-C6/7,9,44999.00,Classic Clog Kids
Crocs,C10006-C6TW,C10006-C6TW-C8/9,7,44999.00,Classic Clog Kids
Crocs,C10006-C6TW,C10006-C6TW-C10/11,2,44999.00,Classic Clog Kids
Crocs,C10006-C6TW,C10006-C6TW-C12/13,4,44999.00,Classic Clog Kids
Crocs,C10006-C6TW,C10006-C6TW-J1,4,44999.00,Classic Clog Kids
Crocs,C10006-C6TW,C10006-C6TW-J2,5,44999.00,Classic Clog Kids
Crocs,C10006-C6TW,C10006-C6TW-J3,6,44999.00,Classic Clog Kids
Crocs,C10006-C7AH,C10006-C7AH-C4/5,6,44999.00,Classic Clog Kids
Crocs,C10006-C7AH,C10006-C7AH-C6/7,5,44999.00,Classic Clog Kids
Crocs,C10006-C7AH,C10006-C7AH-C8/9,6,44999.00,Classic Clog Kids
Crocs,C10006-C7AH,C10006-C7AH-C10/11,5,44999.00,Classic Clog Kids
Crocs,C10006-C7AH,C10006-C7AH-C12/13,9,44999.00,Classic Clog Kids
Crocs,C10006-C7AH,C10006-C7AH-J1,3,44999.00,Classic Clog Kids
Crocs,C10006-C7AH,C10006-C7AH-J2,3,44999.00,Classic Clog Kids
Crocs,C10006-C7AH,C10006-C7AH-J3,6,44999.00,Classic Clog Kids
Crocs,C207446-C100,C207446-C100-M3/W5,0,39999.00,Classic Cozzzy Sandal
Crocs,C207446-C100,C207446-C100-M4/W6,2,39999.00,Classic Cozzzy Sandal
Crocs,C207446-C100,C207446-C100-M5/W7,3,39999.00,Classic Cozzzy Sandal
Crocs,C207446-C100,C207446-C100-M6/W8,2,39999.00,Classic Cozzzy Sandal
Crocs,C207446-C100,C207446-C100-M7/W9,11,39999.00,Classic Cozzzy Sandal
Crocs,C207446-C100,C207446-C100-M8/W10,17,39999.00,Classic Cozzzy Sandal
Crocs,C207446-C100,C207446-C100-M9/W11,24,39999.00,Classic Cozzzy Sandal
Crocs,C207446-C100,C207446-C100-M10/W12,6,39999.00,Classic Cozzzy Sandal
Crocs,C207446-C100,C207446-C100-M11,6,39999.00,Classic Cozzzy Sandal
Crocs,C207446-C100,C207446-C100-M12,4,39999.00,Classic Cozzzy Sandal
Crocs,C207446-C100,C207446-C100-M13,0,39999.00,Classic Cozzzy Sandal
Crocs,C207446-C5Q6,C207446-C5Q6-M3/W5,0,39999.00,Classic Cozzzy Sandal
Crocs,C207446-C5Q6,C207446-C5Q6-M4/W6,0,39999.00,Classic Cozzzy Sandal
Crocs,C207446-C5Q6,C207446-C5Q6-M5/W7,0,39999.00,Classic Cozzzy Sandal
Crocs,C207446-C5Q6,C207446-C5Q6-M6/W8,0,39999.00,Classic Cozzzy Sandal
Crocs,C207446-C5Q6,C207446-C5Q6-M7/W9,0,39999.00,Classic Cozzzy Sandal
Crocs,C207446-C5Q6,C207446-C5Q6-M8/W10,0,39999.00,Classic Cozzzy Sandal
Crocs,C207446-C5Q6,C207446-C5Q6-M9/W11,1,39999.00,Classic Cozzzy Sandal
Crocs,C207446-C5Q6,C207446-C5Q6-M10/W12,4,39999.00,Classic Cozzzy Sandal
Crocs,C207446-C5Q6,C207446-C5Q6-M11,0,39999.00,Classic Cozzzy Sandal
Crocs,C207446-C5Q6,C207446-C5Q6-M12,0,39999.00,Classic Cozzzy Sandal
Crocs,C207446-C5Q6,C207446-C5Q6-M13,0,39999.00,Classic Cozzzy Sandal
Crocs,C207521-C2Q9,C207521-C2Q9-M3/W5,0,99999.00,Classic Crush Clog
Crocs,C207521-C2Q9,C207521-C2Q9-M4/W6,0,99999.00,Classic Crush Clog
Crocs,C207521-C2Q9,C207521-C2Q9-M5/W7,0,99999.00,Classic Crush Clog
Crocs,C207521-C2Q9,C207521-C2Q9-M6/W8,0,99999.00,Classic Crush Clog
Crocs,C207521-C2Q9,C207521-C2Q9-M7/W9,0,99999.00,Classic Crush Clog
Crocs,C207521-C2Q9,C207521-C2Q9-M8/W10,1,99999.00,Classic Crush Clog
Crocs,C207521-C2Q9,C207521-C2Q9-M9/W11,0,99999.00,Classic Crush Clog
Crocs,C207521-C2Q9,C207521-C2Q9-M10/W12,0,99999.00,Classic Crush Clog
Crocs,C207521-C2Q9,C207521-C2Q9-M11,0,99999.00,Classic Crush Clog
Crocs,C207521-C6UB,C207521-C6UB-M3/W5,4,99999.00,Classic Crush Clog
Crocs,C207521-C6UB,C207521-C6UB-M4/W6,11,99999.00,Classic Crush Clog
Crocs,C207521-C6UB,C207521-C6UB-M5/W7,17,99999.00,Classic Crush Clog
Crocs,C207521-C6UB,C207521-C6UB-M6/W8,6,99999.00,Classic Crush Clog
Crocs,C207521-C6UB,C207521-C6UB-M7/W9,27,99999.00,Classic Crush Clog
Crocs,C207521-C6UB,C207521-C6UB-M8/W10,0,99999.00,Classic Crush Clog
Crocs,C207521-C6UB,C207521-C6UB-M9/W11,0,99999.00,Classic Crush Clog
Crocs,C207521-C6UB,C207521-C6UB-M10/W12,0,99999.00,Classic Crush Clog
Crocs,C207521-C6UB,C207521-C6UB-M11,0,99999.00,Classic Crush Clog
Crocs,C207521-C6UB,C207521-C6UB-M12,0,99999.00,Classic Crush Clog
Crocs,C207521-C6UB,C207521-C6UB-M13,0,99999.00,Classic Crush Clog
Crocs,C207670-C100,C207670-C100-M3/W5,4,79999.00,Classic Crush Sandal
Crocs,C207670-C100,C207670-C100-M4/W6,3,79999.00,Classic Crush Sandal
Crocs,C207670-C100,C207670-C100-M5/W7,5,79999.00,Classic Crush Sandal
Crocs,C207670-C100,C207670-C100-M6/W8,7,79999.00,Classic Crush Sandal
Crocs,C207670-C100,C207670-C100-M7/W9,4,79999.00,Classic Crush Sandal
Crocs,C207670-C100,C207670-C100-M8/W10,0,79999.00,Classic Crush Sandal
Crocs,C207670-C100,C207670-C100-M9/W11,0,79999.00,Classic Crush Sandal
Crocs,C207670-C100,C207670-C100-M10/W12,0,79999.00,Classic Crush Sandal
Crocs,C207670-C100,C207670-C100-M11,0,79999.00,Classic Crush Sandal
Crocs,C207670-C100,C207670-C100-M12,0,79999.00,Classic Crush Sandal
Crocs,C207670-C100,C207670-C100-M13,0,79999.00,Classic Crush Sandal
Crocs,C207670-C4NS,C207670-C4NS-M3/W5,1,79999.00,Classic Crush Sandal
Crocs,C207670-C4NS,C207670-C4NS-M4/W6,6,79999.00,Classic Crush Sandal
Crocs,C207670-C4NS,C207670-C4NS-M5/W7,0,79999.00,Classic Crush Sandal
Crocs,C207670-C4NS,C207670-C4NS-M6/W8,5,79999.00,Classic Crush Sandal
Crocs,C207670-C4NS,C207670-C4NS-M7/W9,0,79999.00,Classic Crush Sandal
Crocs,C207670-C4NS,C207670-C4NS-M8/W10,0,79999.00,Classic Crush Sandal
Crocs,C207670-C4NS,C207670-C4NS-M9/W11,0,79999.00,Classic Crush Sandal
Crocs,C207670-C4NS,C207670-C4NS-M10/W12,0,79999.00,Classic Crush Sandal
Crocs,C207670-C4NS,C207670-C4NS-M11,0,79999.00,Classic Crush Sandal
Crocs,C207670-C4NS,C207670-C4NS-M12,0,79999.00,Classic Crush Sandal
Crocs,C207670-C4NS,C207670-C4NS-M13,0,79999.00,Classic Crush Sandal
Crocs,C207708-C100,C207708-C100-C11,0,69999.00,Classic Cutie Clog Kids
Crocs,C207708-C100,C207708-C100-C12,4,69999.00,Classic Cutie Clog Kids
Crocs,C207708-C100,C207708-C100-C13,0,69999.00,Classic Cutie Clog Kids
Crocs,C207708-C100,C207708-C100-J1,0,69999.00,Classic Cutie Clog Kids
Crocs,C207708-C100,C207708-C100-J2,0,69999.00,Classic Cutie Clog Kids
Crocs,C207708-C100,C207708-C100-J3,0,69999.00,Classic Cutie Clog Kids
Crocs,C207708-C5Q6,C207708-C5Q6-C11,0,69999.00,Classic Cutie Clog Kids
Crocs,C207708-C5Q6,C207708-C5Q6-C12,3,69999.00,Classic Cutie Clog Kids
Crocs,C207708-C5Q6,C207708-C5Q6-C13,0,69999.00,Classic Cutie Clog Kids
Crocs,C207708-C5Q6,C207708-C5Q6-J1,0,69999.00,Classic Cutie Clog Kids
Crocs,C207708-C5Q6,C207708-C5Q6-J2,0,69999.00,Classic Cutie Clog Kids
Crocs,C207708-C5Q6,C207708-C5Q6-J3,0,69999.00,Classic Cutie Clog Kids
Crocs,C212562-C510,C212562-C510-C6/7,8,84999.00,Classic Fantasy Glitter Clog T Kid
Crocs,C212562-C510,C212562-C510-C8/9,8,84999.00,Classic Fantasy Glitter Clog T Kid
Crocs,C212562-C510,C212562-C510-C10/11,7,84999.00,Classic Fantasy Glitter Clog T Kid
Crocs,C212562-C100,C212562-C100-C8/9,7,84999.00,Classic Fantasy Glitter Clog T Kid
Crocs,C212562-C100,C212562-C100-C10/11,8,84999.00,Classic Fantasy Glitter Clog T Kid
Crocs,C212562-C100,C212562-C100-C6/7,8,84999.00,Classic Fantasy Glitter Clog T Kid
Crocs,C210626-C410,C210626-C410-C4/5,4,44999.00,Classic Fisherman T Kids
Crocs,C210626-C410,C210626-C410-C6/7,6,44999.00,Classic Fisherman T Kids
Crocs,C210626-C410,C210626-C410-C8/9,0,44999.00,Classic Fisherman T Kids
Crocs,C210626-C410,C210626-C410-C10/11,6,44999.00,Classic Fisherman T Kids
Crocs,C210626-C6ZW,C210626-C6ZW-C4/5,8,44999.00,Classic Fisherman T Kids
Crocs,C210626-C6ZW,C210626-C6ZW-C6/7,7,44999.00,Classic Fisherman T Kids
Crocs,C210626-C6ZW,C210626-C6ZW-C8/9,0,44999.00,Classic Fisherman T Kids
Crocs,C210626-C6ZW,C210626-C6ZW-C10/11,2,44999.00,Classic Fisherman T Kids
Crocs,C210626-C0LH,C210626-C0LH-C4/5,3,44999.00,Classic Fisherman T Kids
Crocs,C210626-C0LH,C210626-C0LH-C6/7,2,44999.00,Classic Fisherman T Kids
Crocs,C210626-C0LH,C210626-C0LH-C8/9,3,44999.00,Classic Fisherman T Kids
Crocs,C210626-C0LH,C210626-C0LH-C10/11,2,44999.00,Classic Fisherman T Kids
Crocs,C206772-C143,C206772-C143-M4/W6,0,84999.00,Classic Hiker Clog
Crocs,C206772-C143,C206772-C143-M5/W7,0,84999.00,Classic Hiker Clog
Crocs,C206772-C143,C206772-C143-M6/W8,0,84999.00,Classic Hiker Clog
Crocs,C206772-C143,C206772-C143-M7/W9,7,84999.00,Classic Hiker Clog
Crocs,C206772-C143,C206772-C143-M8/W10,40,84999.00,Classic Hiker Clog
Crocs,C206772-C143,C206772-C143-M9/W11,23,84999.00,Classic Hiker Clog
Crocs,C207010-C060,C207010-C060-C11,0,24999.00,Classic Lined Clog Kids
Crocs,C207010-C060,C207010-C060-C12,6,24999.00,Classic Lined Clog Kids
Crocs,C207010-C060,C207010-C060-C13,0,24999.00,Classic Lined Clog Kids
Crocs,C207010-C060,C207010-C060-J1,23,24999.00,Classic Lined Clog Kids
Crocs,C207010-C060,C207010-C060-J2,26,24999.00,Classic Lined Clog Kids
Crocs,C207010-C060,C207010-C060-J3,18,24999.00,Classic Lined Clog Kids
Crocs,C207010-C10M,C207010-C10M-C12,0,24999.00,Classic Lined Clog Kids
Crocs,C207010-C10M,C207010-C10M-C13,0,24999.00,Classic Lined Clog Kids
Crocs,C207010-C10M,C207010-C10M-J1,2,24999.00,Classic Lined Clog Kids
Crocs,C207010-C10M,C207010-C10M-J2,0,24999.00,Classic Lined Clog Kids
Crocs,C207010-C10M,C207010-C10M-J3,0,24999.00,Classic Lined Clog Kids
Crocs,C207010-C459,C207010-C459-C11,0,24999.00,Classic Lined Clog Kids
Crocs,C207010-C459,C207010-C459-C12,2,24999.00,Classic Lined Clog Kids
Crocs,C207010-C459,C207010-C459-C13,0,24999.00,Classic Lined Clog Kids
Crocs,C207010-C459,C207010-C459-J1,5,24999.00,Classic Lined Clog Kids
Crocs,C207010-C459,C207010-C459-J2,16,24999.00,Classic Lined Clog Kids
Crocs,C207010-C459,C207010-C459-J3,11,24999.00,Classic Lined Clog Kids
Crocs,C207010-C4KZ,C207010-C4KZ-C11,0,24999.00,Classic Lined Clog Kids
Crocs,C207010-C4KZ,C207010-C4KZ-C12,0,24999.00,Classic Lined Clog Kids
Crocs,C207010-C4KZ,C207010-C4KZ-C13,0,24999.00,Classic Lined Clog Kids
Crocs,C207010-C4KZ,C207010-C4KZ-J1,0,24999.00,Classic Lined Clog Kids
Crocs,C207010-C4KZ,C207010-C4KZ-J2,8,24999.00,Classic Lined Clog Kids
Crocs,C207010-C4KZ,C207010-C4KZ-J3,3,24999.00,Classic Lined Clog Kids
Crocs,C207010-C6S0,C207010-C6S0-C11,0,24999.00,Classic Lined Clog Kids
Crocs,C207010-C6S0,C207010-C6S0-C12,0,24999.00,Classic Lined Clog Kids
Crocs,C207010-C6S0,C207010-C6S0-C13,0,24999.00,Classic Lined Clog Kids
Crocs,C207010-C6S0,C207010-C6S0-J1,0,24999.00,Classic Lined Clog Kids
Crocs,C207010-C6S0,C207010-C6S0-J2,1,24999.00,Classic Lined Clog Kids
Crocs,C207010-C6S0,C207010-C6S0-J3,0,24999.00,Classic Lined Clog Kids
Crocs,C207010-C6SW,C207010-C6SW-C12,0,24999.00,Classic Lined Clog Kids
Crocs,C207010-C6SW,C207010-C6SW-C13,0,24999.00,Classic Lined Clog Kids
Crocs,C207010-C6SW,C207010-C6SW-J1,0,24999.00,Classic Lined Clog Kids
Crocs,C207010-C6SW,C207010-C6SW-J2,6,24999.00,Classic Lined Clog Kids
Crocs,C207010-C6SW,C207010-C6SW-J3,0,24999.00,Classic Lined Clog Kids
Crocs,C203506-C459,C203506-C459-C6,0,24999.00,Classic Lined Clog Toddler
Crocs,C203506-C459,C203506-C459-C8,0,24999.00,Classic Lined Clog Toddler
Crocs,C203506-C459,C203506-C459-C10,0,24999.00,Classic Lined Clog Toddler
Crocs,C203506-C459,C203506-C459-C12,0,24999.00,Classic Lined Clog Toddler
Crocs,C203506-C459,C203506-C459-J1,0,24999.00,Classic Lined Clog Toddler
Crocs,C203506-C459,C203506-C459-J2,2,24999.00,Classic Lined Clog Toddler
Crocs,C203506-C459,C203506-C459-J3,0,24999.00,Classic Lined Clog Toddler
Crocs,C207464-C6WS,C207464-C6WS-C11,0,64999.00,Classic Marbled Clog K
Crocs,C207464-C6WS,C207464-C6WS-C12,5,64999.00,Classic Marbled Clog K
Crocs,C207464-C6WS,C207464-C6WS-C13,0,64999.00,Classic Marbled Clog K
Crocs,C207464-C6WS,C207464-C6WS-J1,0,64999.00,Classic Marbled Clog K
Crocs,C207464-C6WS,C207464-C6WS-J2,0,64999.00,Classic Marbled Clog K
Crocs,C207464-C6WS,C207464-C6WS-J3,0,64999.00,Classic Marbled Clog K
Crocs,C10015951,C10015951-C99,5,8999.00,Crafty Caterpillar
Crocs,C10015948,C10015948-C99,1,8999.00,Crafty Sun
Crocs,C10998-C4S3,C10998-C4S3-C4/5,3,49999.00,Crocband Clog Kids
Crocs,C10998-C4S3,C10998-C4S3-C6/7,0,49999.00,Crocband Clog Kids
Crocs,C10998-C4S3,C10998-C4S3-C8/9,10,49999.00,Crocband Clog Kids
Crocs,C10998-C4S3,C10998-C4S3-C10/11,0,49999.00,Crocband Clog Kids
Crocs,C10998-C4S3,C10998-C4S3-C12/13,0,49999.00,Crocband Clog Kids
Crocs,C10998-C4S3,C10998-C4S3-J1,0,49999.00,Crocband Clog Kids
Crocs,C10998-C4S3,C10998-C4S3-J2,0,49999.00,Crocband Clog Kids
Crocs,C10998-C4S3,C10998-C4S3-J3,0,49999.00,Crocband Clog Kids
Crocs,C209423-C4OT,C209423-C4OT-C11,5,59999.00,Crocband Cruiser Sandal K
Crocs,C209423-C4OT,C209423-C4OT-C12,6,59999.00,Crocband Cruiser Sandal K
Crocs,C209423-C4OT,C209423-C4OT-C13,6,59999.00,Crocband Cruiser Sandal K
Crocs,C209423-C4OT,C209423-C4OT-J1,5,59999.00,Crocband Cruiser Sandal K
Crocs,C209423-C4OT,C209423-C4OT-J2,6,59999.00,Crocband Cruiser Sandal K
Crocs,C209423-C4OT,C209423-C4OT-J3,0,59999.00,Crocband Cruiser Sandal K
Crocs,C209423-C84I,C209423-C84I-C11,5,59999.00,Crocband Cruiser Sandal K
Crocs,C209423-C84I,C209423-C84I-C12,8,59999.00,Crocband Cruiser Sandal K
Crocs,C209423-C84I,C209423-C84I-C13,3,59999.00,Crocband Cruiser Sandal K
Crocs,C209423-C84I,C209423-C84I-J1,7,59999.00,Crocband Cruiser Sandal K
Crocs,C209423-C84I,C209423-C84I-J2,1,59999.00,Crocband Cruiser Sandal K
Crocs,C209423-C84I,C209423-C84I-J3,0,59999.00,Crocband Cruiser Sandal K
Crocs,C209423-C0LH,C209423-C0LH-C12,5,59999.00,Crocband Cruiser Sandal K
Crocs,C209423-C0LH,C209423-C0LH-C11,0,59999.00,Crocband Cruiser Sandal K
Crocs,C209423-C0LH,C209423-C0LH-C13,7,59999.00,Crocband Cruiser Sandal K
Crocs,C209423-C0LH,C209423-C0LH-J1,3,59999.00,Crocband Cruiser Sandal K
Crocs,C209423-C0LH,C209423-C0LH-J2,2,59999.00,Crocband Cruiser Sandal K
Crocs,C209423-C6WQ,C209423-C6WQ-C11,3,59999.00,Crocband Cruiser Sandal K
Crocs,C209423-C6WQ,C209423-C6WQ-C12,3,59999.00,Crocband Cruiser Sandal K
Crocs,C209423-C6WQ,C209423-C6WQ-C13,2,59999.00,Crocband Cruiser Sandal K
Crocs,C209423-C6WQ,C209423-C6WQ-J1,0,59999.00,Crocband Cruiser Sandal K
Crocs,C209423-C6WQ,C209423-C6WQ-J2,2,59999.00,Crocband Cruiser Sandal K
Crocs,C209423-C6WQ,C209423-C6WQ-J3,0,59999.00,Crocband Cruiser Sandal K
Crocs,C11016-C001,C11016-C001-M4/W6,3,64999.00,Crocband™ Clog
Crocs,C11016-C001,C11016-C001-M5/W7,17,64999.00,Crocband™ Clog
Crocs,C11016-C001,C11016-C001-M6/W8,7,64999.00,Crocband™ Clog
Crocs,C11016-C001,C11016-C001-M7/W9,9,64999.00,Crocband™ Clog
Crocs,C11016-C001,C11016-C001-M8/W10,27,64999.00,Crocband™ Clog
Crocs,C11016-C001,C11016-C001-M9/W11,32,64999.00,Crocband™ Clog
Crocs,C11016-C001,C11016-C001-M10/W12,0,64999.00,Crocband™ Clog
Crocs,C11016-C001,C11016-C001-M11,14,64999.00,Crocband™ Clog
Crocs,C11016-C001,C11016-C001-M12,7,64999.00,Crocband™ Clog
Crocs,C11016-C001,C11016-C001-M13,34,64999.00,Crocband™ Clog
Crocs,C11016-C07W,C11016-C07W-M4/W6,0,64999.00,Crocband™ Clog
Crocs,C11016-C07W,C11016-C07W-M5/W7,1,64999.00,Crocband™ Clog
Crocs,C11016-C07W,C11016-C07W-M6/W8,0,64999.00,Crocband™ Clog
Crocs,C11016-C07W,C11016-C07W-M7/W9,0,64999.00,Crocband™ Clog
Crocs,C11016-C07W,C11016-C07W-M8/W10,0,64999.00,Crocband™ Clog
Crocs,C11016-C07W,C11016-C07W-M9/W11,0,64999.00,Crocband™ Clog
Crocs,C11016-C07W,C11016-C07W-M10/W12,0,64999.00,Crocband™ Clog
Crocs,C11016-C07W,C11016-C07W-M11,0,64999.00,Crocband™ Clog
Crocs,C11016-C07W,C11016-C07W-M12,0,64999.00,Crocband™ Clog
Crocs,C11016-C07W,C11016-C07W-M13,0,64999.00,Crocband™ Clog
Crocs,C11016-C410,C11016-C410-M4/W6,33,64999.00,Crocband™ Clog
Crocs,C11016-C410,C11016-C410-M5/W7,27,64999.00,Crocband™ Clog
Crocs,C11016-C410,C11016-C410-M6/W8,29,64999.00,Crocband™ Clog
Crocs,C11016-C410,C11016-C410-M7/W9,33,64999.00,Crocband™ Clog
Crocs,C11016-C410,C11016-C410-M8/W10,24,64999.00,Crocband™ Clog
Crocs,C11016-C410,C11016-C410-M9/W11,36,64999.00,Crocband™ Clog
Crocs,C11016-C410,C11016-C410-M10/W12,25,64999.00,Crocband™ Clog
Crocs,C11016-C410,C11016-C410-M11,13,64999.00,Crocband™ Clog
Crocs,C11016-C410,C11016-C410-M12,17,64999.00,Crocband™ Clog
Crocs,C11016-C410,C11016-C410-M13,16,64999.00,Crocband™ Clog
Crocs,C11016-C5AF,C11016-C5AF-M4/W6,0,64999.00,Crocband™ Clog
Crocs,C11016-C5AF,C11016-C5AF-M5/W7,7,64999.00,Crocband™ Clog
Crocs,C11016-C5AF,C11016-C5AF-M6/W8,12,64999.00,Crocband™ Clog
Crocs,C11016-C5AF,C11016-C5AF-M7/W9,13,64999.00,Crocband™ Clog
Crocs,C11016-C5AF,C11016-C5AF-M8/W10,10,64999.00,Crocband™ Clog
Crocs,C11016-C5AF,C11016-C5AF-M9/W11,0,64999.00,Crocband™ Clog
Crocs,C11016-C5AF,C11016-C5AF-M10/W12,0,64999.00,Crocband™ Clog
Crocs,C11016-C5AF,C11016-C5AF-M11,0,64999.00,Crocband™ Clog
Crocs,C11016-C5AF,C11016-C5AF-M12,0,64999.00,Crocband™ Clog
Crocs,C11016-C5AF,C11016-C5AF-M13,0,64999.00,Crocband™ Clog
Crocs,C11016-C1AS,C11016-C1AS-M4/W6,22,64999.00,Crocband™ Clog
Crocs,C11016-C1AS,C11016-C1AS-M5/W7,22,64999.00,Crocband™ Clog
Crocs,C11016-C1AS,C11016-C1AS-M6/W8,24,64999.00,Crocband™ Clog
Crocs,C11016-C1AS,C11016-C1AS-M7/W9,23,64999.00,Crocband™ Clog
Crocs,C11016-C1AS,C11016-C1AS-M8/W10,27,64999.00,Crocband™ Clog
Crocs,C11016-C1AS,C11016-C1AS-M9/W11,0,64999.00,Crocband™ Clog
Crocs,C11016-C1AS,C11016-C1AS-M10/W12,0,64999.00,Crocband™ Clog
Crocs,C11016-C1AS,C11016-C1AS-M11,0,64999.00,Crocband™ Clog
Crocs,C11016-C1AS,C11016-C1AS-M12,0,64999.00,Crocband™ Clog
Crocs,C11016-C1AS,C11016-C1AS-M13,0,64999.00,Crocband™ Clog
Crocs,C11016-C530,C11016-C530-M4/W6,0,64999.00,Crocband™ Clog
Crocs,C11016-C530,C11016-C530-M5/W7,7,64999.00,Crocband™ Clog
Crocs,C11016-C530,C11016-C530-M6/W8,16,64999.00,Crocband™ Clog
Crocs,C11016-C530,C11016-C530-M7/W9,9,64999.00,Crocband™ Clog
Crocs,C11016-C530,C11016-C530-M8/W10,15,64999.00,Crocband™ Clog
Crocs,C11016-C530,C11016-C530-M9/W11,0,64999.00,Crocband™ Clog
Crocs,C11016-C530,C11016-C530-M10/W12,0,64999.00,Crocband™ Clog
Crocs,C11016-C530,C11016-C530-M11,0,64999.00,Crocband™ Clog
Crocs,C11016-C530,C11016-C530-M12,0,64999.00,Crocband™ Clog
Crocs,C11016-C530,C11016-C530-M13,0,64999.00,Crocband™ Clog
Crocs,C11016-C1WE,C11016-C1WE-M4/W6,7,64999.00,Crocband™ Clog
Crocs,C11016-C1WE,C11016-C1WE-M5/W7,16,64999.00,Crocband™ Clog
Crocs,C11016-C1WE,C11016-C1WE-M6/W8,8,64999.00,Crocband™ Clog
Crocs,C11016-C1WE,C11016-C1WE-M7/W9,14,64999.00,Crocband™ Clog
Crocs,C11016-C1WE,C11016-C1WE-M8/W10,11,64999.00,Crocband™ Clog
Crocs,C11016-C1WE,C11016-C1WE-M9/W11,0,64999.00,Crocband™ Clog
Crocs,C11016-C1WW,C11016-C1WW-M4/W6,5,64999.00,Crocband™ Clog
Crocs,C11016-C1WW,C11016-C1WW-M5/W7,5,64999.00,Crocband™ Clog
Crocs,C11016-C1WW,C11016-C1WW-M6/W8,4,64999.00,Crocband™ Clog
Crocs,C11016-C1WW,C11016-C1WW-M7/W9,1,64999.00,Crocband™ Clog
Crocs,C11016-C1WW,C11016-C1WW-M8/W10,7,64999.00,Crocband™ Clog
Crocs,C11016-C1WW,C11016-C1WW-M9/W11,3,64999.00,Crocband™ Clog
Crocs,C11016-C1WW,C11016-C1WW-M10/W12,4,64999.00,Crocband™ Clog
Crocs,C11016-C1WW,C11016-C1WW-M11,7,64999.00,Crocband™ Clog
Crocs,C11016-C1WW,C11016-C1WW-M12,9,64999.00,Crocband™ Clog
Crocs,C11016-C1WW,C11016-C1WW-M13,8,64999.00,Crocband™ Clog
Crocs,C11016-C4WK,C11016-C4WK-M4/W6,10,64999.00,Crocband™ Clog
Crocs,C11016-C4WK,C11016-C4WK-M5/W7,21,64999.00,Crocband™ Clog
Crocs,C11016-C4WK,C11016-C4WK-M6/W8,8,64999.00,Crocband™ Clog
Crocs,C11016-C4WK,C11016-C4WK-M7/W9,3,64999.00,Crocband™ Clog
Crocs,C11016-C4WK,C11016-C4WK-M8/W10,5,64999.00,Crocband™ Clog
Crocs,C11016-C4WK,C11016-C4WK-M9/W11,0,64999.00,Crocband™ Clog
Crocs,C11016-C4WK,C11016-C4WK-M10/W12,0,64999.00,Crocband™ Clog
Crocs,C11016-C4WK,C11016-C4WK-M11,0,64999.00,Crocband™ Clog
Crocs,C11016-C4WK,C11016-C4WK-M12,0,64999.00,Crocband™ Clog
Crocs,C11016-C4WK,C11016-C4WK-M13,0,64999.00,Crocband™ Clog
Crocs,C11016-C2JJ,C11016-C2JJ-M4/W6,6,64999.00,Crocband™ Clog
Crocs,C11016-C2JJ,C11016-C2JJ-M5/W7,6,64999.00,Crocband™ Clog
Crocs,C11016-C2JJ,C11016-C2JJ-M6/W8,5,64999.00,Crocband™ Clog
Crocs,C11016-C2JJ,C11016-C2JJ-M7/W9,4,64999.00,Crocband™ Clog
Crocs,C11016-C2JJ,C11016-C2JJ-M8/W10,6,64999.00,Crocband™ Clog
Crocs,C11016-C2JJ,C11016-C2JJ-M9/W11,6,64999.00,Crocband™ Clog
Crocs,C11016-C2JJ,C11016-C2JJ-M10/W12,8,64999.00,Crocband™ Clog
Crocs,C11016-C2JJ,C11016-C2JJ-M11,8,64999.00,Crocband™ Clog
Crocs,C11016-C2JJ,C11016-C2JJ-M12,7,64999.00,Crocband™ Clog
Crocs,C11016-C2JJ,C11016-C2JJ-M13,2,64999.00,Crocband™ Clog
Crocs,C11016-C01U,C11016-C01U-M4/W6,3,64999.00,Crocband™ Clog
Crocs,C11016-C01U,C11016-C01U-M5/W7,3,64999.00,Crocband™ Clog
Crocs,C11016-C01U,C11016-C01U-M6/W8,10,64999.00,Crocband™ Clog
Crocs,C11016-C01U,C11016-C01U-M7/W9,0,64999.00,Crocband™ Clog
Crocs,C11016-C01U,C11016-C01U-M8/W10,0,64999.00,Crocband™ Clog
Crocs,C11016-C01U,C11016-C01U-M9/W11,0,64999.00,Crocband™ Clog
Crocs,C11016-C01U,C11016-C01U-M10/W12,20,64999.00,Crocband™ Clog
Crocs,C11016-C01U,C11016-C01U-M11,5,64999.00,Crocband™ Clog
Crocs,C11016-C01U,C11016-C01U-M12,3,64999.00,Crocband™ Clog
Crocs,C11016-C01U,C11016-C01U-M13,0,64999.00,Crocband™ Clog
Crocs,C10998-C001,C10998-C001-C4/5,38,49999.00,Crocband™ Clog Kids
Crocs,C10998-C001,C10998-C001-C6/7,21,49999.00,Crocband™ Clog Kids
Crocs,C10998-C001,C10998-C001-C8/9,64,49999.00,Crocband™ Clog Kids
Crocs,C10998-C001,C10998-C001-C10/11,26,49999.00,Crocband™ Clog Kids
Crocs,C10998-C001,C10998-C001-C12/13,12,49999.00,Crocband™ Clog Kids
Crocs,C10998-C001,C10998-C001-J1,24,49999.00,Crocband™ Clog Kids
Crocs,C10998-C001,C10998-C001-J2,11,49999.00,Crocband™ Clog Kids
Crocs,C10998-C001,C10998-C001-J3,12,49999.00,Crocband™ Clog Kids
Crocs,C10998-C05H,C10998-C05H-C4/5,0,49999.00,Crocband™ Clog Kids
Crocs,C10998-C05H,C10998-C05H-C6/7,0,49999.00,Crocband™ Clog Kids
Crocs,C10998-C05H,C10998-C05H-C8/9,9,49999.00,Crocband™ Clog Kids
Crocs,C10998-C05H,C10998-C05H-C10/11,0,49999.00,Crocband™ Clog Kids
Crocs,C10998-C05H,C10998-C05H-C12/13,0,49999.00,Crocband™ Clog Kids
Crocs,C10998-C05H,C10998-C05H-J1,0,49999.00,Crocband™ Clog Kids
Crocs,C10998-C05H,C10998-C05H-J2,0,49999.00,Crocband™ Clog Kids
Crocs,C10998-C05H,C10998-C05H-J3,0,49999.00,Crocband™ Clog Kids
Crocs,C10998-C410,C10998-C410-C4/5,34,49999.00,Crocband™ Clog Kids
Crocs,C10998-C410,C10998-C410-C6/7,25,49999.00,Crocband™ Clog Kids
Crocs,C10998-C410,C10998-C410-C8/9,27,49999.00,Crocband™ Clog Kids
Crocs,C10998-C410,C10998-C410-C10/11,12,49999.00,Crocband™ Clog Kids
Crocs,C10998-C410,C10998-C410-C12/13,7,49999.00,Crocband™ Clog Kids
Crocs,C10998-C410,C10998-C410-J1,16,49999.00,Crocband™ Clog Kids
Crocs,C10998-C410,C10998-C410-J2,18,49999.00,Crocband™ Clog Kids
Crocs,C10998-C410,C10998-C410-J3,6,49999.00,Crocband™ Clog Kids
Crocs,C10998-C5AF,C10998-C5AF-C4/5,7,49999.00,Crocband™ Clog Kids
Crocs,C10998-C5AF,C10998-C5AF-C6/7,18,49999.00,Crocband™ Clog Kids
Crocs,C10998-C5AF,C10998-C5AF-C8/9,14,49999.00,Crocband™ Clog Kids
Crocs,C10998-C5AF,C10998-C5AF-C10/11,5,49999.00,Crocband™ Clog Kids
Crocs,C10998-C5AF,C10998-C5AF-C12/13,0,49999.00,Crocband™ Clog Kids
Crocs,C10998-C5AF,C10998-C5AF-J1,0,49999.00,Crocband™ Clog Kids
Crocs,C10998-C5AF,C10998-C5AF-J2,0,49999.00,Crocband™ Clog Kids
Crocs,C10998-C5AF,C10998-C5AF-J3,0,49999.00,Crocband™ Clog Kids
Crocs,C10998-C5P8,C10998-C5P8-C4/5,6,49999.00,Crocband™ Clog Kids
Crocs,C10998-C5P8,C10998-C5P8-C6/7,2,49999.00,Crocband™ Clog Kids
Crocs,C10998-C5P8,C10998-C5P8-C8/9,10,49999.00,Crocband™ Clog Kids
Crocs,C10998-C5P8,C10998-C5P8-C10/11,2,49999.00,Crocband™ Clog Kids
Crocs,C10998-C5P8,C10998-C5P8-C12/13,6,49999.00,Crocband™ Clog Kids
Crocs,C10998-C5P8,C10998-C5P8-J1,0,49999.00,Crocband™ Clog Kids
Crocs,C10998-C5P8,C10998-C5P8-J2,0,49999.00,Crocband™ Clog Kids
Crocs,C10998-C5P8,C10998-C5P8-J3,0,49999.00,Crocband™ Clog Kids
Crocs,C10998-C7H5,C10998-C7H5-C4/5,0,49999.00,Crocband™ Clog Kids
Crocs,C10998-C7H5,C10998-C7H5-C6/7,2,49999.00,Crocband™ Clog Kids
Crocs,C10998-C7H5,C10998-C7H5-C8/9,12,49999.00,Crocband™ Clog Kids
Crocs,C10998-C7H5,C10998-C7H5-C10/11,1,49999.00,Crocband™ Clog Kids
Crocs,C10998-C7H5,C10998-C7H5-C12/13,0,49999.00,Crocband™ Clog Kids
Crocs,C10998-C7H5,C10998-C7H5-J1,1,49999.00,Crocband™ Clog Kids
Crocs,C10998-C7H5,C10998-C7H5-J2,3,49999.00,Crocband™ Clog Kids
Crocs,C10998-C7H5,C10998-C7H5-J3,1,49999.00,Crocband™ Clog Kids
Crocs,C10998-C4WK,C10998-C4WK-C4/5,5,49999.00,Crocband™ Clog Kids
Crocs,C10998-C4WK,C10998-C4WK-C6/7,7,49999.00,Crocband™ Clog Kids
Crocs,C10998-C4WK,C10998-C4WK-C8/9,7,49999.00,Crocband™ Clog Kids
Crocs,C10998-C4WK,C10998-C4WK-C10/11,5,49999.00,Crocband™ Clog Kids
Crocs,C10998-C4WK,C10998-C4WK-C12/13,3,49999.00,Crocband™ Clog Kids
Crocs,C10998-C4WK,C10998-C4WK-J1,7,49999.00,Crocband™ Clog Kids
Crocs,C10998-C4WK,C10998-C4WK-J2,8,49999.00,Crocband™ Clog Kids
Crocs,C10998-C4WK,C10998-C4WK-J3,8,49999.00,Crocband™ Clog Kids
Crocs,C10998-C1WH,C10998-C1WH-C4/5,9,49999.00,Crocband™ Clog Kids
Crocs,C10998-C1WH,C10998-C1WH-C6/7,8,49999.00,Crocband™ Clog Kids
Crocs,C10998-C1WH,C10998-C1WH-C8/9,5,49999.00,Crocband™ Clog Kids
Crocs,C10998-C1WH,C10998-C1WH-C10/11,30,49999.00,Crocband™ Clog Kids
Crocs,C10998-C1WH,C10998-C1WH-C12/13,3,49999.00,Crocband™ Clog Kids
Crocs,C10998-C1WH,C10998-C1WH-J1,30,49999.00,Crocband™ Clog Kids
Crocs,C10998-C1WH,C10998-C1WH-J2,29,49999.00,Crocband™ Clog Kids
Crocs,C10998-C1WH,C10998-C1WH-J3,24,49999.00,Crocband™ Clog Kids
Crocs,C10998-C6WU,C10998-C6WU-C4/5,4,49999.00,Crocband™ Clog Kids
Crocs,C10998-C6WU,C10998-C6WU-C6/7,16,49999.00,Crocband™ Clog Kids
Crocs,C10998-C6WU,C10998-C6WU-C8/9,17,49999.00,Crocband™ Clog Kids
Crocs,C10998-C6WU,C10998-C6WU-C10/11,3,49999.00,Crocband™ Clog Kids
Crocs,C10998-C6WU,C10998-C6WU-C12/13,0,49999.00,Crocband™ Clog Kids
Crocs,C10998-C6WU,C10998-C6WU-J1,2,49999.00,Crocband™ Clog Kids
Crocs,C10998-C6WU,C10998-C6WU-J2,4,49999.00,Crocband™ Clog Kids
Crocs,C10998-C6WU,C10998-C6WU-J3,7,49999.00,Crocband™ Clog Kids
Crocs,C10998-C530,C10998-C530-C4/5,11,49999.00,Crocband™ Clog Kids
Crocs,C10998-C530,C10998-C530-C6/7,8,49999.00,Crocband™ Clog Kids
Crocs,C10998-C530,C10998-C530-C8/9,24,49999.00,Crocband™ Clog Kids
Crocs,C10998-C530,C10998-C530-C10/11,20,49999.00,Crocband™ Clog Kids
Crocs,C10998-C530,C10998-C530-C12/13,25,49999.00,Crocband™ Clog Kids
Crocs,C10998-C530,C10998-C530-J1,28,49999.00,Crocband™ Clog Kids
Crocs,C10998-C530,C10998-C530-J2,28,49999.00,Crocband™ Clog Kids
Crocs,C10998-C530,C10998-C530-J3,28,49999.00,Crocband™ Clog Kids
Crocs,C10998-C6GD,C10998-C6GD-C4/5,5,49999.00,Crocband™ Clog Kids
Crocs,C10998-C6GD,C10998-C6GD-C6/7,3,49999.00,Crocband™ Clog Kids
Crocs,C10998-C6GD,C10998-C6GD-C8/9,8,49999.00,Crocband™ Clog Kids
Crocs,C10998-C6GD,C10998-C6GD-C10/11,9,49999.00,Crocband™ Clog Kids
Crocs,C10998-C6GD,C10998-C6GD-C12/13,9,49999.00,Crocband™ Clog Kids
Crocs,C10998-C6GD,C10998-C6GD-J1,7,49999.00,Crocband™ Clog Kids
Crocs,C10998-C6GD,C10998-C6GD-J2,11,49999.00,Crocband™ Clog Kids
Crocs,C10998-C6GD,C10998-C6GD-J3,10,49999.00,Crocband™ Clog Kids
Crocs,C12856-C4BX,C12856-C4BX-C4,0,44499.00,Crocband™ Sandal Kids
Crocs,C12856-C4BX,C12856-C4BX-C5,0,44499.00,Crocband™ Sandal Kids
Crocs,C12856-C4BX,C12856-C4BX-C6,0,44499.00,Crocband™ Sandal Kids
Crocs,C12856-C4BX,C12856-C4BX-C7,0,44499.00,Crocband™ Sandal Kids
Crocs,C12856-C4BX,C12856-C4BX-C8,0,44499.00,Crocband™ Sandal Kids
Crocs,C12856-C4BX,C12856-C4BX-C9,0,44499.00,Crocband™ Sandal Kids
Crocs,C12856-C4BX,C12856-C4BX-C10,0,44499.00,Crocband™ Sandal Kids
Crocs,C12856-C4BX,C12856-C4BX-C11,0,44499.00,Crocband™ Sandal Kids
Crocs,C12856-C4BX,C12856-C4BX-C12,0,44499.00,Crocband™ Sandal Kids
Crocs,C12856-C4BX,C12856-C4BX-C13,0,44499.00,Crocband™ Sandal Kids
Crocs,C12856-C4BX,C12856-C4BX-J1,0,44499.00,Crocband™ Sandal Kids
Crocs,C12856-C4BX,C12856-C4BX-J2,2,44499.00,Crocband™ Sandal Kids
Crocs,C12856-C4BX,C12856-C4BX-J3,3,44499.00,Crocband™ Sandal Kids
Crocs,C211430-C78U,C211430-C78U-W5,1,59999.00,Crocs All Day Slide W
Crocs,C211430-C78U,C211430-C78U-W6,0,59999.00,Crocs All Day Slide W
Crocs,C211430-C78U,C211430-C78U-W7,0,59999.00,Crocs All Day Slide W
Crocs,C211430-C78U,C211430-C78U-W8,2,59999.00,Crocs All Day Slide W
Crocs,C211430-C78U,C211430-C78U-W9,0,59999.00,Crocs All Day Slide W
Crocs,C211430-C78U,C211430-C78U-W10,0,59999.00,Crocs All Day Slide W
Crocs,C211430-C001,C211430-C001-W5,1,59999.00,Crocs All Day Slide W
Crocs,C211430-C001,C211430-C001-W6,1,59999.00,Crocs All Day Slide W
Crocs,C211430-C001,C211430-C001-W7,2,59999.00,Crocs All Day Slide W
Crocs,C211430-C001,C211430-C001-W8,2,59999.00,Crocs All Day Slide W
Crocs,C211430-C001,C211430-C001-W9,0,59999.00,Crocs All Day Slide W
Crocs,C211430-C001,C211430-C001-W10,0,59999.00,Crocs All Day Slide W
Crocs,C209945-C0ID,C209945-C0ID-C4/5,7,69999.00,Crocs Avengers Off Court Clg T
Crocs,C211108-C001,C211108-C001-W4,0,99999.00,Crocs Bae Slide
Crocs,C211108-C001,C211108-C001-W5,1,99999.00,Crocs Bae Slide
Crocs,C211108-C001,C211108-C001-W6,1,99999.00,Crocs Bae Slide
Crocs,C211108-C001,C211108-C001-W7,3,99999.00,Crocs Bae Slide
Crocs,C211108-C001,C211108-C001-W8,2,99999.00,Crocs Bae Slide
Crocs,C211108-C001,C211108-C001-W9,2,99999.00,Crocs Bae Slide
Crocs,C211108-C001,C211108-C001-W10,0,99999.00,Crocs Bae Slide
Crocs,C211108-C001,C211108-C001-W11,0,99999.00,Crocs Bae Slide
Crocs,C211108-C6UR,C211108-C6UR-W4,0,99999.00,Crocs Bae Slide
Crocs,C211108-C6UR,C211108-C6UR-W5,1,99999.00,Crocs Bae Slide
Crocs,C211108-C6UR,C211108-C6UR-W6,1,99999.00,Crocs Bae Slide
Crocs,C211108-C6UR,C211108-C6UR-W7,3,99999.00,Crocs Bae Slide
Crocs,C211108-C6UR,C211108-C6UR-W8,3,99999.00,Crocs Bae Slide
Crocs,C211108-C6UR,C211108-C6UR-W9,0,99999.00,Crocs Bae Slide
Crocs,C211108-C6UR,C211108-C6UR-W10,1,99999.00,Crocs Bae Slide
Crocs,C211108-C6UR,C211108-C6UR-W11,0,99999.00,Crocs Bae Slide
Crocs,C210219-C001,C210219-C001-M3/W5,0,124999.00,Crocs Batman Batmobile Classic Clog
Crocs,C210219-C001,C210219-C001-M4/W6,7,124999.00,Crocs Batman Batmobile Classic Clog
Crocs,C210219-C001,C210219-C001-M5/W7,16,124999.00,Crocs Batman Batmobile Classic Clog
Crocs,C210219-C001,C210219-C001-M6/W8,11,124999.00,Crocs Batman Batmobile Classic Clog
Crocs,C210219-C001,C210219-C001-M7/W9,10,124999.00,Crocs Batman Batmobile Classic Clog
Crocs,C210219-C001,C210219-C001-M8/W10,0,124999.00,Crocs Batman Batmobile Classic Clog
Crocs,C210219-C001,C210219-C001-M9/W11,0,124999.00,Crocs Batman Batmobile Classic Clog
Crocs,C210219-C001,C210219-C001-M10/W12,0,124999.00,Crocs Batman Batmobile Classic Clog
Crocs,C210219-C001,C210219-C001-M11,0,124999.00,Crocs Batman Batmobile Classic Clog
Crocs,C210219-C001,C210219-C001-M12,0,124999.00,Crocs Batman Batmobile Classic Clog
Crocs,C210219-C001,C210219-C001-M13,0,124999.00,Crocs Batman Batmobile Classic Clog
Crocs,C210229-C001,C210229-C001-C12/13,3,124999.00,Crocs Batman Batmobile Classic Clog Kids
Crocs,C210229-C001,C210229-C001-J1,7,124999.00,Crocs Batman Batmobile Classic Clog Kids
Crocs,C210229-C001,C210229-C001-J2,11,124999.00,Crocs Batman Batmobile Classic Clog Kids
Crocs,C210229-C001,C210229-C001-J3,7,124999.00,Crocs Batman Batmobile Classic Clog Kids
Crocs,C207014-C5PR,C207014-C5PR-C4/5,1,54999.00,Crocs Baya Glitter Clog T
Crocs,C207014-C5PR,C207014-C5PR-C6/7,0,54999.00,Crocs Baya Glitter Clog T
Crocs,C207014-C5PR,C207014-C5PR-C8/9,0,54999.00,Crocs Baya Glitter Clog T
Crocs,C207014-C5PR,C207014-C5PR-C10/11,0,54999.00,Crocs Baya Glitter Clog T
Crocs,C209729-C11S,C209729-C11S-C4/5,2,64999.00,Crocs Baya Seasonal Printed
Crocs,C209729-C11S,C209729-C11S-C6/7,1,64999.00,Crocs Baya Seasonal Printed
Crocs,C209729-C11S,C209729-C11S-C8/9,3,64999.00,Crocs Baya Seasonal Printed
Crocs,C209729-C11S,C209729-C11S-C10/11,0,64999.00,Crocs Baya Seasonal Printed
Crocs,C209729-C9CX,C209729-C9CX-C4/5,4,64999.00,Crocs Baya Seasonal Printed
Crocs,C209729-C9CX,C209729-C9CX-C6/7,0,64999.00,Crocs Baya Seasonal Printed
Crocs,C209729-C9CX,C209729-C9CX-C8/9,0,64999.00,Crocs Baya Seasonal Printed
Crocs,C209729-C9CX,C209729-C9CX-C10/11,0,64999.00,Crocs Baya Seasonal Printed
Crocs,C212369-C90H,C212369-C90H-C6/7,12,89999.00,Crocs Bluey Multi Classic Clog T Kid
Crocs,C212369-C90H,C212369-C90H-C8/9,12,89999.00,Crocs Bluey Multi Classic Clog T Kid
Crocs,C212369-C90H,C212369-C90H-C10/11,12,89999.00,Crocs Bluey Multi Classic Clog T Kid
Crocs,C212370-C90H,C212370-C90H-C6/7,12,89999.00,Crocs Bluey Multi Pink Classic Clog T Kid
Crocs,C212370-C90H,C212370-C90H-C8/9,10,89999.00,Crocs Bluey Multi Pink Classic Clog T Kid
Crocs,C212370-C90H,C212370-C90H-C10/11,11,89999.00,Crocs Bluey Multi Pink Classic Clog T Kid
Crocs,C209479-C737,C209479-C737-M3/W5,0,134999.00,Crocs Bob Esponja Patricio Classic Clog
Crocs,C209479-C737,C209479-C737-M4/W6,0,134999.00,Crocs Bob Esponja Patricio Classic Clog
Crocs,C209479-C737,C209479-C737-M5/W7,0,134999.00,Crocs Bob Esponja Patricio Classic Clog
Crocs,C209479-C737,C209479-C737-M6/W8,0,134999.00,Crocs Bob Esponja Patricio Classic Clog
Crocs,C209479-C737,C209479-C737-M7/W9,0,134999.00,Crocs Bob Esponja Patricio Classic Clog
Crocs,C209479-C737,C209479-C737-M8/W10,2,134999.00,Crocs Bob Esponja Patricio Classic Clog
Crocs,C209479-C737,C209479-C737-M9/W11,2,134999.00,Crocs Bob Esponja Patricio Classic Clog
Crocs,C209479-C737,C209479-C737-M10/W12,2,134999.00,Crocs Bob Esponja Patricio Classic Clog
Crocs,C209479-C737,C209479-C737-M11,8,134999.00,Crocs Bob Esponja Patricio Classic Clog
Crocs,C209479-C737,C209479-C737-M12,7,134999.00,Crocs Bob Esponja Patricio Classic Clog
Crocs,C207431-C260,C207431-C260-W4,0,109999.00,Crocs Brooklin Buckle
Crocs,C207431-C260,C207431-C260-W5,0,109999.00,Crocs Brooklin Buckle
Crocs,C207431-C260,C207431-C260-W6,7,109999.00,Crocs Brooklin Buckle
Crocs,C207431-C260,C207431-C260-W7,0,109999.00,Crocs Brooklin Buckle
Crocs,C207431-C260,C207431-C260-W8,0,109999.00,Crocs Brooklin Buckle
Crocs,C207431-C260,C207431-C260-W9,0,109999.00,Crocs Brooklin Buckle
Crocs,C207431-C260,C207431-C260-W10,0,109999.00,Crocs Brooklin Buckle
Crocs,C207431-C260,C207431-C260-W11,0,109999.00,Crocs Brooklin Buckle
Crocs,C207431-C4LH,C207431-C4LH-W4,0,109999.00,Crocs Brooklin Buckle
Crocs,C207431-C4LH,C207431-C4LH-W5,0,109999.00,Crocs Brooklin Buckle
Crocs,C207431-C4LH,C207431-C4LH-W6,6,109999.00,Crocs Brooklin Buckle
Crocs,C207431-C4LH,C207431-C4LH-W7,0,109999.00,Crocs Brooklin Buckle
Crocs,C207431-C4LH,C207431-C4LH-W8,0,109999.00,Crocs Brooklin Buckle
Crocs,C207431-C4LH,C207431-C4LH-W9,0,109999.00,Crocs Brooklin Buckle
Crocs,C207431-C4LH,C207431-C4LH-W10,0,109999.00,Crocs Brooklin Buckle
Crocs,C207431-C4LH,C207431-C4LH-W11,0,109999.00,Crocs Brooklin Buckle
Crocs,C212399-C001,C212399-C001-W5,0,99999.00,Crocs Brooklyn Backstrap Low Low
Crocs,C212399-C001,C212399-C001-W6,2,99999.00,Crocs Brooklyn Backstrap Low Low
Crocs,C212399-C001,C212399-C001-W7,2,99999.00,Crocs Brooklyn Backstrap Low Low
Crocs,C212399-C001,C212399-C001-W8,0,99999.00,Crocs Brooklyn Backstrap Low Low
Crocs,C212399-C001,C212399-C001-W9,2,99999.00,Crocs Brooklyn Backstrap Low Low
Crocs,C212399-C001,C212399-C001-W10,1,99999.00,Crocs Brooklyn Backstrap Low Low
Crocs,C212399-C2NB,C212399-C2NB-W5,1,99999.00,Crocs Brooklyn Backstrap Low Low
Crocs,C212399-C2NB,C212399-C2NB-W6,2,99999.00,Crocs Brooklyn Backstrap Low Low
Crocs,C212399-C2NB,C212399-C2NB-W7,3,99999.00,Crocs Brooklyn Backstrap Low Low
Crocs,C212399-C2NB,C212399-C2NB-W8,2,99999.00,Crocs Brooklyn Backstrap Low Low
Crocs,C212399-C2NB,C212399-C2NB-W9,2,99999.00,Crocs Brooklyn Backstrap Low Low
Crocs,C212399-C2NB,C212399-C2NB-W10,0,99999.00,Crocs Brooklyn Backstrap Low Low
Crocs,C211215-C001,C211215-C001-M3/W5,2,99999.00,Crocs Brooklyn Buckle Low
Crocs,C211215-C001,C211215-C001-M4/W6,4,99999.00,Crocs Brooklyn Buckle Low
Crocs,C211215-C001,C211215-C001-M5/W7,1,99999.00,Crocs Brooklyn Buckle Low
Crocs,C211215-C001,C211215-C001-M6/W8,1,99999.00,Crocs Brooklyn Buckle Low
Crocs,C211215-C001,C211215-C001-M7/W9,0,99999.00,Crocs Brooklyn Buckle Low
Crocs,C211215-C001,C211215-C001-M8/W10,1,99999.00,Crocs Brooklyn Buckle Low
Crocs,C211215-C2Q9,C211215-C2Q9-M3/W5,0,99999.00,Crocs Brooklyn Buckle Low
Crocs,C211215-C2Q9,C211215-C2Q9-M4/W6,2,99999.00,Crocs Brooklyn Buckle Low
Crocs,C211215-C2Q9,C211215-C2Q9-M5/W7,1,99999.00,Crocs Brooklyn Buckle Low
Crocs,C211215-C2Q9,C211215-C2Q9-M6/W8,1,99999.00,Crocs Brooklyn Buckle Low
Crocs,C211215-C2Q9,C211215-C2Q9-M7/W9,0,99999.00,Crocs Brooklyn Buckle Low
Crocs,C211215-C2Q9,C211215-C2Q9-M8/W10,0,99999.00,Crocs Brooklyn Buckle Low
Crocs,C211215-C3BX,C211215-C3BX-M3/W5,1,99999.00,Crocs Brooklyn Buckle Low
Crocs,C211215-C3BX,C211215-C3BX-M4/W6,1,99999.00,Crocs Brooklyn Buckle Low
Crocs,C211215-C3BX,C211215-C3BX-M5/W7,1,99999.00,Crocs Brooklyn Buckle Low
Crocs,C211215-C3BX,C211215-C3BX-M6/W8,0,99999.00,Crocs Brooklyn Buckle Low
Crocs,C211215-C3BX,C211215-C3BX-M7/W9,1,99999.00,Crocs Brooklyn Buckle Low
Crocs,C211215-C3BX,C211215-C3BX-M8/W10,0,99999.00,Crocs Brooklyn Buckle Low
Crocs,C211802-C0RI,C211802-C0RI-W5,1,109999.00,Crocs Brooklyn Matte Wrap Low Wedge
Crocs,C211802-C0RI,C211802-C0RI-W6,2,109999.00,Crocs Brooklyn Matte Wrap Low Wedge
Crocs,C211802-C0RI,C211802-C0RI-W7,3,109999.00,Crocs Brooklyn Matte Wrap Low Wedge
Crocs,C211802-C0RI,C211802-C0RI-W8,3,109999.00,Crocs Brooklyn Matte Wrap Low Wedge
Crocs,C211802-C0RI,C211802-C0RI-W9,1,109999.00,Crocs Brooklyn Matte Wrap Low Wedge
Crocs,C211802-C0RI,C211802-C0RI-W10,0,109999.00,Crocs Brooklyn Matte Wrap Low Wedge
Crocs,C210061,C210061,0,109999.00,Crocs Bubble Crush Clog
Crocs,C210061-C0WS,C210061-C0WS-W5,0,109999.00,Crocs Bubble Crush Clog
Crocs,C210061-C0WS,C210061-C0WS-W6,0,109999.00,Crocs Bubble Crush Clog
Crocs,C210061-C0WS,C210061-C0WS-W7,5,109999.00,Crocs Bubble Crush Clog
Crocs,C210061-C0WS,C210061-C0WS-W8,0,109999.00,Crocs Bubble Crush Clog
Crocs,C210061-C0WS,C210061-C0WS-W9,0,109999.00,Crocs Bubble Crush Clog
Crocs,C210061-C0WS,C210061-C0WS-W10,0,109999.00,Crocs Bubble Crush Clog
Crocs,C210061-C0WS,C210061-C0WS-W11,0,109999.00,Crocs Bubble Crush Clog
Crocs,C210061-C0WS,C210061-C0WS-W12,0,109999.00,Crocs Bubble Crush Clog
Crocs,C210061-C6TW,C210061-C6TW-W4,0,109999.00,Crocs Bubble Crush Clog
Crocs,C210061-C6TW,C210061-C6TW-W5,0,109999.00,Crocs Bubble Crush Clog
Crocs,C210061-C6TW,C210061-C6TW-W6,0,109999.00,Crocs Bubble Crush Clog
Crocs,C210061-C6TW,C210061-C6TW-W7,4,109999.00,Crocs Bubble Crush Clog
Crocs,C210061-C6TW,C210061-C6TW-W8,1,109999.00,Crocs Bubble Crush Clog
Crocs,C210061-C6TW,C210061-C6TW-W9,3,109999.00,Crocs Bubble Crush Clog
Crocs,C210061-C6TW,C210061-C6TW-W10,0,109999.00,Crocs Bubble Crush Clog
Crocs,C210061-C6TW,C210061-C6TW-W11,0,109999.00,Crocs Bubble Crush Clog
Crocs,C210061-C6TW,C210061-C6TW-W12,0,109999.00,Crocs Bubble Crush Clog
Crocs,C211141-C001,C211141-C001-W6,1,149999.00,Crocs Caged Clog
Crocs,C211141-C001,C211141-C001-W7,1,149999.00,Crocs Caged Clog
Crocs,C211141-C001,C211141-C001-W8,3,149999.00,Crocs Caged Clog
Crocs,C211141-C001,C211141-C001-W9,7,149999.00,Crocs Caged Clog
Crocs,C211141-C001,C211141-C001-W10,6,149999.00,Crocs Caged Clog
Crocs,C211141-C1FT,C211141-C1FT-W6,1,149999.00,Crocs Caged Clog
Crocs,C211141-C1FT,C211141-C1FT-W7,0,149999.00,Crocs Caged Clog
Crocs,C211141-C1FT,C211141-C1FT-W8,4,149999.00,Crocs Caged Clog
Crocs,C211141-C1FT,C211141-C1FT-W9,5,149999.00,Crocs Caged Clog
Crocs,C211141-C1FT,C211141-C1FT-W10,0,149999.00,Crocs Caged Clog
Crocs,C211141-C5BV,C211141-C5BV-W6,7,149999.00,Crocs Caged Clog
Crocs,C211141-C5BV,C211141-C5BV-W7,2,149999.00,Crocs Caged Clog
Crocs,C211141-C5BV,C211141-C5BV-W8,6,149999.00,Crocs Caged Clog
Crocs,C211141-C5BV,C211141-C5BV-W9,3,149999.00,Crocs Caged Clog
Crocs,C211141-C5BV,C211141-C5BV-W10,1,149999.00,Crocs Caged Clog
Crocs,C211141-C2MD,C211141-C2MD-W5,1,149999.00,Crocs Caged Clog
Crocs,C211141-C2MD,C211141-C2MD-W6,1,149999.00,Crocs Caged Clog
Crocs,C211141-C2MD,C211141-C2MD-W7,3,149999.00,Crocs Caged Clog
Crocs,C211141-C2MD,C211141-C2MD-W8,2,149999.00,Crocs Caged Clog
Crocs,C211141-C2MD,C211141-C2MD-W9,2,149999.00,Crocs Caged Clog
Crocs,C211141-C2MD,C211141-C2MD-W10,1,149999.00,Crocs Caged Clog
Crocs,C211907-C001,C211907-C001-W6,2,159999.00,Crocs Caged Mule
Crocs,C211907-C001,C211907-C001-W7,3,159999.00,Crocs Caged Mule
Crocs,C211907-C001,C211907-C001-W8,3,159999.00,Crocs Caged Mule
Crocs,C211907-C001,C211907-C001-W9,2,159999.00,Crocs Caged Mule
Crocs,C211907-C001,C211907-C001-W10,2,159999.00,Crocs Caged Mule
Crocs,C211907-C1WY,C211907-C1WY-W6,2,159999.00,Crocs Caged Mule
Crocs,C211907-C1WY,C211907-C1WY-W7,2,159999.00,Crocs Caged Mule
Crocs,C211907-C1WY,C211907-C1WY-W8,3,159999.00,Crocs Caged Mule
Crocs,C211907-C1WY,C211907-C1WY-W9,1,159999.00,Crocs Caged Mule
Crocs,C211907-C1WY,C211907-C1WY-W10,2,159999.00,Crocs Caged Mule
Crocs,C211907-C738,C211907-C738-W6,2,159999.00,Crocs Caged Mule
Crocs,C211907-C738,C211907-C738-W7,3,159999.00,Crocs Caged Mule
Crocs,C211907-C738,C211907-C738-W8,3,159999.00,Crocs Caged Mule
Crocs,C211907-C738,C211907-C738-W9,2,159999.00,Crocs Caged Mule
Crocs,C211907-C738,C211907-C738-W10,2,159999.00,Crocs Caged Mule
Crocs,C209700-C3WA,C209700-C3WA-C4/5,3,54999.00,Crocs Classic  Dinosaur Clog T
Crocs,C209700-C3WA,C209700-C3WA-C6/7,0,54999.00,Crocs Classic  Dinosaur Clog T
Crocs,C209700-C3WA,C209700-C3WA-C8/9,0,54999.00,Crocs Classic  Dinosaur Clog T
Crocs,C209700-C3WA,C209700-C3WA-C10/11,0,54999.00,Crocs Classic  Dinosaur Clog T
Crocs,C206302-C001,C206302-C001-W5,3,119999.00,Crocs Classic Bae Clog
Crocs,C206302-C001,C206302-C001-W6,4,119999.00,Crocs Classic Bae Clog
Crocs,C206302-C001,C206302-C001-W7,2,119999.00,Crocs Classic Bae Clog
Crocs,C206302-C001,C206302-C001-W8,2,119999.00,Crocs Classic Bae Clog
Crocs,C206302-C001,C206302-C001-W9,8,119999.00,Crocs Classic Bae Clog
Crocs,C206302-C001,C206302-C001-W10,7,119999.00,Crocs Classic Bae Clog
Crocs,C206302-C214,C206302-C214-W5,14,119999.00,Crocs Classic Bae Clog
Crocs,C206302-C214,C206302-C214-W6,0,119999.00,Crocs Classic Bae Clog
Crocs,C206302-C214,C206302-C214-W7,4,119999.00,Crocs Classic Bae Clog
Crocs,C206302-C214,C206302-C214-W8,0,119999.00,Crocs Classic Bae Clog
Crocs,C206302-C214,C206302-C214-W9,7,119999.00,Crocs Classic Bae Clog
Crocs,C206302-C214,C206302-C214-W10,5,119999.00,Crocs Classic Bae Clog
Crocs,C206302-C214,C206302-C214-W11,0,119999.00,Crocs Classic Bae Clog
Crocs,C206302-C5CI,C206302-C5CI-W5,4,119999.00,Crocs Classic Bae Clog
Crocs,C206302-C5CI,C206302-C5CI-W6,6,119999.00,Crocs Classic Bae Clog
Crocs,C206302-C5CI,C206302-C5CI-W7,6,119999.00,Crocs Classic Bae Clog
Crocs,C206302-C5CI,C206302-C5CI-W8,6,119999.00,Crocs Classic Bae Clog
Crocs,C206302-C5CI,C206302-C5CI-W9,7,119999.00,Crocs Classic Bae Clog
Crocs,C206302-C5CI,C206302-C5CI-W10,8,119999.00,Crocs Classic Bae Clog
Crocs,C206302-C5CI,C206302-C5CI-W11,0,99999.00,Crocs Classic Bae Clog
Crocs,C206302-C7AH,C206302-C7AH-W5,8,119999.00,Crocs Classic Bae Clog
Crocs,C206302-C7AH,C206302-C7AH-W6,3,119999.00,Crocs Classic Bae Clog
Crocs,C206302-C7AH,C206302-C7AH-W7,6,119999.00,Crocs Classic Bae Clog
Crocs,C206302-C7AH,C206302-C7AH-W8,7,119999.00,Crocs Classic Bae Clog
Crocs,C206302-C7AH,C206302-C7AH-W9,8,119999.00,Crocs Classic Bae Clog
Crocs,C206302-C7AH,C206302-C7AH-W10,5,119999.00,Crocs Classic Bae Clog
Crocs,C206302-C2Y2,C206302-C2Y2-W4,0,119999.00,Crocs Classic Bae Clog
Crocs,C206302-C2Y2,C206302-C2Y2-W5,0,119999.00,Crocs Classic Bae Clog
Crocs,C206302-C2Y2,C206302-C2Y2-W6,1,119999.00,Crocs Classic Bae Clog
Crocs,C206302-C2Y2,C206302-C2Y2-W7,3,119999.00,Crocs Classic Bae Clog
Crocs,C206302-C2Y2,C206302-C2Y2-W8,1,119999.00,Crocs Classic Bae Clog
Crocs,C206302-C2Y2,C206302-C2Y2-W9,2,119999.00,Crocs Classic Bae Clog
Crocs,C206302-C2Y2,C206302-C2Y2-W10,0,119999.00,Crocs Classic Bae Clog
Crocs,C206302-C2Y2,C206302-C2Y2-W11,0,119999.00,Crocs Classic Bae Clog
Crocs,C206302-C6UR,C206302-C6UR-W4,0,119999.00,Crocs Classic Bae Clog
Crocs,C206302-C6UR,C206302-C6UR-W5,0,119999.00,Crocs Classic Bae Clog
Crocs,C206302-C6UR,C206302-C6UR-W6,1,119999.00,Crocs Classic Bae Clog
Crocs,C206302-C6UR,C206302-C6UR-W7,2,119999.00,Crocs Classic Bae Clog
Crocs,C206302-C6UR,C206302-C6UR-W8,3,119999.00,Crocs Classic Bae Clog
Crocs,C206302-C6UR,C206302-C6UR-W9,2,119999.00,Crocs Classic Bae Clog
Crocs,C206302-C6UR,C206302-C6UR-W10,0,119999.00,Crocs Classic Bae Clog
Crocs,C206302-C6UR,C206302-C6UR-W11,0,119999.00,Crocs Classic Bae Clog
Crocs,C206302-C5PS,C206302-C5PS-W5,0,119999.00,Crocs Classic Bae Clog
Crocs,C206302-C5PS,C206302-C5PS-W6,1,119999.00,Crocs Classic Bae Clog
Crocs,C206302-C5PS,C206302-C5PS-W7,3,119999.00,Crocs Classic Bae Clog
Crocs,C206302-C5PS,C206302-C5PS-W8,3,119999.00,Crocs Classic Bae Clog
Crocs,C206302-C5PS,C206302-C5PS-W9,2,119999.00,Crocs Classic Bae Clog
Crocs,C206302-C5PS,C206302-C5PS-W10,1,119999.00,Crocs Classic Bae Clog
Crocs,C211644-C5BV,C211644-C5BV-C4/5,6,54999.00,Crocs Classic Beaded Fisherman T Kids
Crocs,C211644-C5BV,C211644-C5BV-C6/7,1,54999.00,Crocs Classic Beaded Fisherman T Kids
Crocs,C211644-C5BV,C211644-C5BV-C8/9,0,54999.00,Crocs Classic Beaded Fisherman T Kids
Crocs,C211644-C5BV,C211644-C5BV-C10/11,0,54999.00,Crocs Classic Beaded Fisherman T Kids
Crocs,C209824-C7HD,C209824-C7HD-M4/W6,1,134999.00,Crocs Classic Bob Esponja
Crocs,C209824-C7HD,C209824-C7HD-M5/W7,2,134999.00,Crocs Classic Bob Esponja
Crocs,C209824-C7HD,C209824-C7HD-M6/W8,0,134999.00,Crocs Classic Bob Esponja
Crocs,C209824-C7HD,C209824-C7HD-M7/W9,5,134999.00,Crocs Classic Bob Esponja
Crocs,C209824-C7HD,C209824-C7HD-M8/W10,0,134999.00,Crocs Classic Bob Esponja
Crocs,C209824-C7HD,C209824-C7HD-M9/W11,6,134999.00,Crocs Classic Bob Esponja
Crocs,C209824-C7HD,C209824-C7HD-M10/W12,9,134999.00,Crocs Classic Bob Esponja
Crocs,C209824-C7HD,C209824-C7HD-M11,5,134999.00,Crocs Classic Bob Esponja
Crocs,C209824-C7HD,C209824-C7HD-M12,6,134999.00,Crocs Classic Bob Esponja
Crocs,C211354-C0LD,C211354-C0LD-M4/W6,0,109999.00,Crocs Classic Crafted Clog
Crocs,C211354-C0LD,C211354-C0LD-M5/W7,3,109999.00,Crocs Classic Crafted Clog
Crocs,C211354-C0LD,C211354-C0LD-M6/W8,0,109999.00,Crocs Classic Crafted Clog
Crocs,C211354-C0LD,C211354-C0LD-M7/W9,11,109999.00,Crocs Classic Crafted Clog
Crocs,C211354-C0LD,C211354-C0LD-M8/W10,2,109999.00,Crocs Classic Crafted Clog
Crocs,C211354-C0LD,C211354-C0LD-M9/W11,0,109999.00,Crocs Classic Crafted Clog
Crocs,C211354-C0LD,C211354-C0LD-M10/W12,0,109999.00,Crocs Classic Crafted Clog
Crocs,C211354-C0LD,C211354-C0LD-M11,0,109999.00,Crocs Classic Crafted Clog
Crocs,C211354-C0LD,C211354-C0LD-M12,0,109999.00,Crocs Classic Crafted Clog
Crocs,C211354-C0LD,C211354-C0LD-M13,0,109999.00,Crocs Classic Crafted Clog
Crocs,C211354-C3UA,C211354-C3UA-M4/W6,4,109999.00,Crocs Classic Crafted Clog
Crocs,C211354-C3UA,C211354-C3UA-M5/W7,2,109999.00,Crocs Classic Crafted Clog
Crocs,C211354-C3UA,C211354-C3UA-M6/W8,4,109999.00,Crocs Classic Crafted Clog
Crocs,C211354-C3UA,C211354-C3UA-M7/W9,4,109999.00,Crocs Classic Crafted Clog
Crocs,C211354-C3UA,C211354-C3UA-M8/W10,2,109999.00,Crocs Classic Crafted Clog
Crocs,C211354-C3UA,C211354-C3UA-M9/W11,3,109999.00,Crocs Classic Crafted Clog
Crocs,C211354-C3UA,C211354-C3UA-M10/W12,3,109999.00,Crocs Classic Crafted Clog
Crocs,C211354-C3UA,C211354-C3UA-M11,4,109999.00,Crocs Classic Crafted Clog
Crocs,C211354-C3UA,C211354-C3UA-M12,0,109999.00,Crocs Classic Crafted Clog
Crocs,C211354-C3UA,C211354-C3UA-M13,3,109999.00,Crocs Classic Crafted Clog
Crocs,C211354-C7AF,C211354-C7AF-M4/W6,0,109999.00,Crocs Classic Crafted Clog
Crocs,C211354-C7AF,C211354-C7AF-M5/W7,1,109999.00,Crocs Classic Crafted Clog
Crocs,C211354-C7AF,C211354-C7AF-M6/W8,0,109999.00,Crocs Classic Crafted Clog
Crocs,C211354-C7AF,C211354-C7AF-M7/W9,0,109999.00,Crocs Classic Crafted Clog
Crocs,C211354-C7AF,C211354-C7AF-M8/W10,0,109999.00,Crocs Classic Crafted Clog
Crocs,C211354-C2JJ,C211354-C2JJ-M4/W6,0,109999.00,Crocs Classic Crafted Clog
Crocs,C211354-C2JJ,C211354-C2JJ-M5/W7,0,109999.00,Crocs Classic Crafted Clog
Crocs,C211354-C2JJ,C211354-C2JJ-M6/W8,0,109999.00,Crocs Classic Crafted Clog
Crocs,C211354-C2JJ,C211354-C2JJ-M7/W9,0,109999.00,Crocs Classic Crafted Clog
Crocs,C211354-C2JJ,C211354-C2JJ-M8/W10,0,109999.00,Crocs Classic Crafted Clog
Crocs,C211354-C2JJ,C211354-C2JJ-M9/W11,0,109999.00,Crocs Classic Crafted Clog
Crocs,C211354-C2JJ,C211354-C2JJ-M10/W12,0,109999.00,Crocs Classic Crafted Clog
Crocs,C211354-C2JJ,C211354-C2JJ-M11,1,109999.00,Crocs Classic Crafted Clog
Crocs,C211354-C2JJ,C211354-C2JJ-M12,10,109999.00,Crocs Classic Crafted Clog
Crocs,C211354-C2JJ,C211354-C2JJ-M13,9,109999.00,Crocs Classic Crafted Clog
Crocs,C210191-C001,C210191-C001-U,3,139999.00,Crocs Classic Crossbody
Crocs,C210191-C78U,C210191-C78U-U,3,139999.00,Crocs Classic Crossbody
Crocs,C208235-C2Y3,C208235-C2Y3-M3/W5,1,79999.00,Crocs Classic Crush Marbled Sandal
Crocs,C208235-C2Y3,C208235-C2Y3-M4/W6,0,79999.00,Crocs Classic Crush Marbled Sandal
Crocs,C208235-C2Y3,C208235-C2Y3-M5/W7,0,79999.00,Crocs Classic Crush Marbled Sandal
Crocs,C208235-C2Y3,C208235-C2Y3-M6/W8,0,79999.00,Crocs Classic Crush Marbled Sandal
Crocs,C208235-C2Y3,C208235-C2Y3-M7/W9,0,79999.00,Crocs Classic Crush Marbled Sandal
Crocs,C208235-C2Y3,C208235-C2Y3-M8/W10,0,79999.00,Crocs Classic Crush Marbled Sandal
Crocs,C208235-C2Y3,C208235-C2Y3-M9/W11,0,79999.00,Crocs Classic Crush Marbled Sandal
Crocs,C208235-C2Y3,C208235-C2Y3-M10/W12,0,79999.00,Crocs Classic Crush Marbled Sandal
Crocs,C208235-C2Y3,C208235-C2Y3-M11,0,79999.00,Crocs Classic Crush Marbled Sandal
Crocs,C208235-C2Y3,C208235-C2Y3-M12,0,79999.00,Crocs Classic Crush Marbled Sandal
Crocs,C208235-C2Y3,C208235-C2Y3-M13,0,79999.00,Crocs Classic Crush Marbled Sandal
Crocs,C207946-C2Y2,C207946-C2Y2-M3/W5,2,99999.00,Crocs Classic Crush Rain Boot
Crocs,C207946-C2Y2,C207946-C2Y2-M4/W6,5,99999.00,Crocs Classic Crush Rain Boot
Crocs,C207946-C2Y2,C207946-C2Y2-M5/W7,2,99999.00,Crocs Classic Crush Rain Boot
Crocs,C207946-C2Y2,C207946-C2Y2-M6/W8,3,99999.00,Crocs Classic Crush Rain Boot
Crocs,C207946-C2Y2,C207946-C2Y2-M7/W9,3,99999.00,Crocs Classic Crush Rain Boot
Crocs,C207946-C2Y2,C207946-C2Y2-M8/W10,4,99999.00,Crocs Classic Crush Rain Boot
Crocs,C207946-C2Y2,C207946-C2Y2-M9/W11,0,99999.00,Crocs Classic Crush Rain Boot
Crocs,C207946-C2Y2,C207946-C2Y2-M10/W12,0,99999.00,Crocs Classic Crush Rain Boot
Crocs,C207946-C2Y2,C207946-C2Y2-M11,0,99999.00,Crocs Classic Crush Rain Boot
Crocs,C207946-C2Y2,C207946-C2Y2-M12,0,99999.00,Crocs Classic Crush Rain Boot
Crocs,C207946-C2Y2,C207946-C2Y2-M13,0,99999.00,Crocs Classic Crush Rain Boot
Crocs,C207946-C6UB,C207946-C6UB-M3/W5,1,99999.00,Crocs Classic Crush Rain Boot
Crocs,C207946-C6UB,C207946-C6UB-M4/W6,6,99999.00,Crocs Classic Crush Rain Boot
Crocs,C207946-C6UB,C207946-C6UB-M5/W7,1,99999.00,Crocs Classic Crush Rain Boot
Crocs,C207946-C6UB,C207946-C6UB-M6/W8,6,99999.00,Crocs Classic Crush Rain Boot
Crocs,C207946-C6UB,C207946-C6UB-M7/W9,6,99999.00,Crocs Classic Crush Rain Boot
Crocs,C207946-C6UB,C207946-C6UB-M8/W10,3,99999.00,Crocs Classic Crush Rain Boot
Crocs,C207946-C6UB,C207946-C6UB-M9/W11,0,99999.00,Crocs Classic Crush Rain Boot
Crocs,C207946-C6UB,C207946-C6UB-M10/W12,0,99999.00,Crocs Classic Crush Rain Boot
Crocs,C207946-C6UB,C207946-C6UB-M11,0,99999.00,Crocs Classic Crush Rain Boot
Crocs,C207946-C6UB,C207946-C6UB-M12,0,99999.00,Crocs Classic Crush Rain Boot
Crocs,C207946-C6UB,C207946-C6UB-M13,0,99999.00,Crocs Classic Crush Rain Boot
Crocs,C212561-C510,C212561-C510-C12/13,5,89999.00,Crocs Classic Fantasy Glitter Clog Kid
Crocs,C212561-C510,C212561-C510-J1,6,89999.00,Crocs Classic Fantasy Glitter Clog Kid
Crocs,C212561-C510,C212561-C510-J2,6,89999.00,Crocs Classic Fantasy Glitter Clog Kid
Crocs,C212561-C510,C212561-C510-J3,5,89999.00,Crocs Classic Fantasy Glitter Clog Kid
Crocs,C212561-C100,C212561-C100-C12/13,5,89999.00,Crocs Classic Fantasy Glitter Clog Kid
Crocs,C212561-C100,C212561-C100-J1,5,89999.00,Crocs Classic Fantasy Glitter Clog Kid
Crocs,C212561-C100,C212561-C100-J2,6,89999.00,Crocs Classic Fantasy Glitter Clog Kid
Crocs,C212561-C100,C212561-C100-J3,5,89999.00,Crocs Classic Fantasy Glitter Clog Kid
Crocs,C212567-C6UI,C212567-C6UI-M4/W6,0,109999.00,Crocs Classic Frosted Stacked Clog
Crocs,C212567-C6UI,C212567-C6UI-M5/W7,0,109999.00,Crocs Classic Frosted Stacked Clog
Crocs,C212567-C6UI,C212567-C6UI-M6/W8,0,109999.00,Crocs Classic Frosted Stacked Clog
Crocs,C212567-C6UI,C212567-C6UI-M7/W9,0,109999.00,Crocs Classic Frosted Stacked Clog
Crocs,C212567-C6UI,C212567-C6UI-M8/W10,1,109999.00,Crocs Classic Frosted Stacked Clog
Crocs,C212567-C0Z3,C212567-C0Z3-M4/W6,0,109999.00,Crocs Classic Frosted Stacked Clog
Crocs,C212567-C0Z3,C212567-C0Z3-M5/W7,2,109999.00,Crocs Classic Frosted Stacked Clog
Crocs,C212567-C0Z3,C212567-C0Z3-M6/W8,3,109999.00,Crocs Classic Frosted Stacked Clog
Crocs,C212567-C0Z3,C212567-C0Z3-M7/W9,1,109999.00,Crocs Classic Frosted Stacked Clog
Crocs,C212567-C0Z3,C212567-C0Z3-M8/W10,0,109999.00,Crocs Classic Frosted Stacked Clog
Crocs,C212567-C0Z3,C212567-C0Z3-M9/W11,1,109999.00,Crocs Classic Frosted Stacked Clog
Crocs,C212143-C001,C212143-C001-M4/W6,4,99999.00,Crocs Classic Fuzz Scuff
Crocs,C212143-C001,C212143-C001-M5/W7,8,99999.00,Crocs Classic Fuzz Scuff
Crocs,C212143-C001,C212143-C001-M6/W8,5,99999.00,Crocs Classic Fuzz Scuff
Crocs,C212143-C001,C212143-C001-M7/W9,2,99999.00,Crocs Classic Fuzz Scuff
Crocs,C212143-C001,C212143-C001-M8/W10,2,99999.00,Crocs Classic Fuzz Scuff
Crocs,C211371-C2JJ,C211371-C2JJ-C4/5,3,89999.00,Crocs Classic IAM Horse Clog
Crocs,C211371-C2JJ,C211371-C2JJ-C6/7,2,89999.00,Crocs Classic IAM Horse Clog
Crocs,C211371-C2JJ,C211371-C2JJ-C8/9,2,89999.00,Crocs Classic IAM Horse Clog
Crocs,C211371-C2JJ,C211371-C2JJ-C10/11,3,89999.00,Crocs Classic IAM Horse Clog
Crocs,C211372-C001,C211372-C001-C4/5,6,89999.00,Crocs Classic IAM Scary Dino Clog Kid
Crocs,C211372-C001,C211372-C001-C6/7,6,89999.00,Crocs Classic IAM Scary Dino Clog Kid
Crocs,C211372-C001,C211372-C001-C10/11,2,89999.00,Crocs Classic IAM Scary Dino Clog Kid
Crocs,C211372-C001,C211372-C001-C8/9,3,89999.00,Crocs Classic IAM Scary Dino Clog Kid
Crocs,C211380-C2EY,C211380-C2EY-M4/W6,4,139999.00,Crocs Classic Lined Shorty
Crocs,C211380-C2EY,C211380-C2EY-M5/W7,6,139999.00,Crocs Classic Lined Shorty
Crocs,C211380-C2EY,C211380-C2EY-M6/W8,6,139999.00,Crocs Classic Lined Shorty
Crocs,C211380-C2EY,C211380-C2EY-M7/W9,4,139999.00,Crocs Classic Lined Shorty
Crocs,C211380-C2EY,C211380-C2EY-M8/W10,4,139999.00,Crocs Classic Lined Shorty
Crocs,C11441-C3YO,C11441-C3YO-C2/3,12,29999.00,Crocs Classic Littles Infant
Crocs,C11441-C410,C11441-C410-C2/3,10,29999.00,Crocs Classic Littles Infant
Crocs,C11441-C530,C11441-C530-C2/3,6,29999.00,Crocs Classic Littles Infant
Crocs,C11441-C5BN,C11441-C5BN-C2/3,6,29999.00,Crocs Classic Littles Infant
Crocs,C11441-C6UB,C11441-C6UB-C2/3,10,29999.00,Crocs Classic Littles Infant
Crocs,C11441-C6ZW,C11441-C6ZW-C2/3,5,29999.00,Crocs Classic Littles Infant
Crocs,C11441-C5BX,C11441-C5BX-C2/3,9,29999.00,Crocs Classic Littles Infant
Crocs,C11441-C209,C11441-C209-C2/3,9,29999.00,Crocs Classic Littles Infant
Crocs,C11441-C4JL,C11441-C4JL-C2/3,4,29999.00,Crocs Classic Littles Infant
Crocs,C11441-C302,C11441-C302-C2/3,8,29999.00,Crocs Classic Littles Infant
Crocs,C210581-C001,C210581-C001-W4,0,99999.00,Crocs Classic Mary Jane Clog
Crocs,C210581-C001,C210581-C001-W5,0,99999.00,Crocs Classic Mary Jane Clog
Crocs,C210581-C001,C210581-C001-W6,4,99999.00,Crocs Classic Mary Jane Clog
Crocs,C210581-C001,C210581-C001-W7,4,99999.00,Crocs Classic Mary Jane Clog
Crocs,C210581-C001,C210581-C001-W8,3,99999.00,Crocs Classic Mary Jane Clog
Crocs,C210581-C001,C210581-C001-W9,4,99999.00,Crocs Classic Mary Jane Clog
Crocs,C210581-C001,C210581-C001-W10,5,99999.00,Crocs Classic Mary Jane Clog
Crocs,C210581-C001,C210581-C001-W11,0,84999.00,Crocs Classic Mary Jane Clog
Crocs,C210581-C0HZ,C210581-C0HZ-W4,0,99999.00,Crocs Classic Mary Jane Clog
Crocs,C210581-C0HZ,C210581-C0HZ-W5,0,99999.00,Crocs Classic Mary Jane Clog
Crocs,C210581-C0HZ,C210581-C0HZ-W6,3,99999.00,Crocs Classic Mary Jane Clog
Crocs,C210581-C0HZ,C210581-C0HZ-W7,6,99999.00,Crocs Classic Mary Jane Clog
Crocs,C210581-C0HZ,C210581-C0HZ-W8,4,99999.00,Crocs Classic Mary Jane Clog
Crocs,C210581-C0HZ,C210581-C0HZ-W9,3,99999.00,Crocs Classic Mary Jane Clog
Crocs,C210581-C0HZ,C210581-C0HZ-W10,3,99999.00,Crocs Classic Mary Jane Clog
Crocs,C210581-C0HZ,C210581-C0HZ-W11,0,84999.00,Crocs Classic Mary Jane Clog
Crocs,C210581-C5CI,C210581-C5CI-W6,5,99999.00,Crocs Classic Mary Jane Clog
Crocs,C210581-C5CI,C210581-C5CI-W7,5,99999.00,Crocs Classic Mary Jane Clog
Crocs,C210581-C5CI,C210581-C5CI-W8,3,99999.00,Crocs Classic Mary Jane Clog
Crocs,C210581-C5CI,C210581-C5CI-W9,6,99999.00,Crocs Classic Mary Jane Clog
Crocs,C210581-C5CI,C210581-C5CI-W10,4,99999.00,Crocs Classic Mary Jane Clog
Crocs,C210615-C001,C210615-C001-C12/13,4,69999.00,Crocs Classic Mary Jane Clog Kids
Crocs,C210615-C001,C210615-C001-J1,5,69999.00,Crocs Classic Mary Jane Clog Kids
Crocs,C210615-C001,C210615-C001-J2,5,69999.00,Crocs Classic Mary Jane Clog Kids
Crocs,C210615-C001,C210615-C001-J3,4,69999.00,Crocs Classic Mary Jane Clog Kids
Crocs,C210615-C0WV,C210615-C0WV-C12/13,4,69999.00,Crocs Classic Mary Jane Clog Kids
Crocs,C210615-C0WV,C210615-C0WV-J1,2,69999.00,Crocs Classic Mary Jane Clog Kids
Crocs,C210615-C0WV,C210615-C0WV-J2,3,69999.00,Crocs Classic Mary Jane Clog Kids
Crocs,C210615-C0WV,C210615-C0WV-J3,5,69999.00,Crocs Classic Mary Jane Clog Kids
Crocs,C210615-C5CI,C210615-C5CI-C12/13,6,69999.00,Crocs Classic Mary Jane Clog Kids
Crocs,C210615-C5CI,C210615-C5CI-J1,6,69999.00,Crocs Classic Mary Jane Clog Kids
Crocs,C210615-C5CI,C210615-C5CI-J2,6,69999.00,Crocs Classic Mary Jane Clog Kids
Crocs,C210615-C5CI,C210615-C5CI-J3,5,69999.00,Crocs Classic Mary Jane Clog Kids
Crocs,C210615-C6ZW,C210615-C6ZW-C12/13,4,69999.00,Crocs Classic Mary Jane Clog Kids
Crocs,C210615-C6ZW,C210615-C6ZW-J1,1,69999.00,Crocs Classic Mary Jane Clog Kids
Crocs,C210615-C6ZW,C210615-C6ZW-J2,3,69999.00,Crocs Classic Mary Jane Clog Kids
Crocs,C210615-C6ZW,C210615-C6ZW-J3,4,69999.00,Crocs Classic Mary Jane Clog Kids
Crocs,C210616-C0WV,C210616-C0WV-C4/5,6,59999.00,Crocs Classic Mary Jane Clog T Kids
Crocs,C210616-C0WV,C210616-C0WV-C6/7,6,59999.00,Crocs Classic Mary Jane Clog T Kids
Crocs,C210616-C0WV,C210616-C0WV-C8/9,5,59999.00,Crocs Classic Mary Jane Clog T Kids
Crocs,C210616-C0WV,C210616-C0WV-C10/11,6,59999.00,Crocs Classic Mary Jane Clog T Kids
Crocs,C210616-C5CI,C210616-C5CI-C4/5,6,59999.00,Crocs Classic Mary Jane Clog T Kids
Crocs,C210616-C5CI,C210616-C5CI-C6/7,5,59999.00,Crocs Classic Mary Jane Clog T Kids
Crocs,C210616-C5CI,C210616-C5CI-C8/9,6,59999.00,Crocs Classic Mary Jane Clog T Kids
Crocs,C210616-C5CI,C210616-C5CI-C10/11,6,59999.00,Crocs Classic Mary Jane Clog T Kids
Crocs,C210616-C6ZW,C210616-C6ZW-C4/5,5,59999.00,Crocs Classic Mary Jane Clog T Kids
Crocs,C210616-C6ZW,C210616-C6ZW-C6/7,4,59999.00,Crocs Classic Mary Jane Clog T Kids
Crocs,C210616-C6ZW,C210616-C6ZW-C8/9,3,59999.00,Crocs Classic Mary Jane Clog T Kids
Crocs,C210616-C6ZW,C210616-C6ZW-C10/11,7,59999.00,Crocs Classic Mary Jane Clog T Kids
Crocs,C207988-C0WQ,C207988-C0WQ-M3/W5,0,99999.00,Crocs Classic Mega Crush Clog
Crocs,C207988-C0WQ,C207988-C0WQ-M4/W6,1,99999.00,Crocs Classic Mega Crush Clog
Crocs,C207988-C0WQ,C207988-C0WQ-M5/W7,0,99999.00,Crocs Classic Mega Crush Clog
Crocs,C207988-C0WQ,C207988-C0WQ-M6/W8,0,99999.00,Crocs Classic Mega Crush Clog
Crocs,C207988-C0WQ,C207988-C0WQ-M7/W9,0,99999.00,Crocs Classic Mega Crush Clog
Crocs,C207988-C0WQ,C207988-C0WQ-M8/W10,0,99999.00,Crocs Classic Mega Crush Clog
Crocs,C207988-C0WQ,C207988-C0WQ-M9/W11,0,99999.00,Crocs Classic Mega Crush Clog
Crocs,C207988-C0WQ,C207988-C0WQ-M10/W12,0,99999.00,Crocs Classic Mega Crush Clog
Crocs,C207988-C0WQ,C207988-C0WQ-M11,0,99999.00,Crocs Classic Mega Crush Clog
Crocs,C207988-C0WQ,C207988-C0WQ-M12,0,99999.00,Crocs Classic Mega Crush Clog
Crocs,C207988-C0WQ,C207988-C0WQ-M13,0,99999.00,Crocs Classic Mega Crush Clog
Crocs,C207988-C001,C207988-C001-M3/W5,10,99999.00,Crocs Classic Mega Crush Clog
Crocs,C207988-C001,C207988-C001-M4/W6,16,99999.00,Crocs Classic Mega Crush Clog
Crocs,C207988-C001,C207988-C001-M5/W7,13,99999.00,Crocs Classic Mega Crush Clog
Crocs,C207988-C001,C207988-C001-M6/W8,12,99999.00,Crocs Classic Mega Crush Clog
Crocs,C207988-C001,C207988-C001-M7/W9,12,99999.00,Crocs Classic Mega Crush Clog
Crocs,C207988-C001,C207988-C001-M8/W10,19,99999.00,Crocs Classic Mega Crush Clog
Crocs,C207988-C001,C207988-C001-M9/W11,0,99999.00,Crocs Classic Mega Crush Clog
Crocs,C207988-C001,C207988-C001-M10/W12,0,99999.00,Crocs Classic Mega Crush Clog
Crocs,C207988-C001,C207988-C001-M11,0,99999.00,Crocs Classic Mega Crush Clog
Crocs,C207988-C001,C207988-C001-M12,0,99999.00,Crocs Classic Mega Crush Clog
Crocs,C207988-C001,C207988-C001-M13,0,99999.00,Crocs Classic Mega Crush Clog
Crocs,C10016148,C10016148-C99,5,8999.00,Crocs Classic Pink Backpack Jibbitz™
Crocs,C210820-C90H,C210820-C90H-M3/W5,0,124999.00,Crocs Classic Pitufos
Crocs,C210820-C90H,C210820-C90H-M4/W6,0,124999.00,Crocs Classic Pitufos
Crocs,C210820-C90H,C210820-C90H-M5/W7,9,124999.00,Crocs Classic Pitufos
Crocs,C210820-C90H,C210820-C90H-M6/W8,6,124999.00,Crocs Classic Pitufos
Crocs,C210820-C90H,C210820-C90H-M7/W9,5,124999.00,Crocs Classic Pitufos
Crocs,C210820-C90H,C210820-C90H-M8/W10,0,124999.00,Crocs Classic Pitufos
Crocs,C210820-C90H,C210820-C90H-M9/W11,0,124999.00,Crocs Classic Pitufos
Crocs,C210820-C90H,C210820-C90H-M10/W12,0,124999.00,Crocs Classic Pitufos
Crocs,C210820-C90H,C210820-C90H-M11,0,124999.00,Crocs Classic Pitufos
Crocs,C210820-C90H,C210820-C90H-M12,0,124999.00,Crocs Classic Pitufos
Crocs,C210820-C90H,C210820-C90H-M13,0,124999.00,Crocs Classic Pitufos
Crocs,C210821-C90H,C210821-C90H-C12/13,0,99999.00,Crocs Classic Pitufos Clog K
Crocs,C210821-C90H,C210821-C90H-J1,1,99999.00,Crocs Classic Pitufos Clog K
Crocs,C210821-C90H,C210821-C90H-J2,1,99999.00,Crocs Classic Pitufos Clog K
Crocs,C210821-C90H,C210821-C90H-J3,4,99999.00,Crocs Classic Pitufos Clog K
Crocs,C210359-C1NM,C210359-C1NM-C4/5,2,62499.00,Crocs Classic Rocket Ship Clog T
Crocs,C210359-C1NM,C210359-C1NM-C6/7,0,62499.00,Crocs Classic Rocket Ship Clog T
Crocs,C210359-C1NM,C210359-C1NM-C8/9,0,62499.00,Crocs Classic Rocket Ship Clog T
Crocs,C210359-C1NM,C210359-C1NM-C10/11,0,62499.00,Crocs Classic Rocket Ship Clog T
Crocs,C211355-C6ZQ,C211355-C6ZQ-M4/W6,0,109999.00,Crocs Classic Stacked Clog
Crocs,C211355-C6ZQ,C211355-C6ZQ-M5/W7,0,109999.00,Crocs Classic Stacked Clog
Crocs,C211355-C6ZQ,C211355-C6ZQ-M6/W8,0,109999.00,Crocs Classic Stacked Clog
Crocs,C211355-C6ZQ,C211355-C6ZQ-M7/W9,0,109999.00,Crocs Classic Stacked Clog
Crocs,C211355-C6ZQ,C211355-C6ZQ-M8/W10,1,109999.00,Crocs Classic Stacked Clog
Crocs,C211355-C6ZQ,C211355-C6ZQ-M9/W11,0,109999.00,Crocs Classic Stacked Clog
Crocs,C211355-C001,C211355-C001-M4/W6,1,109999.00,Crocs Classic Stacked Clog
Crocs,C211355-C001,C211355-C001-M5/W7,1,109999.00,Crocs Classic Stacked Clog
Crocs,C211355-C001,C211355-C001-M6/W8,1,109999.00,Crocs Classic Stacked Clog
Crocs,C211355-C001,C211355-C001-M7/W9,7,109999.00,Crocs Classic Stacked Clog
Crocs,C211355-C001,C211355-C001-M8/W10,7,109999.00,Crocs Classic Stacked Clog
Crocs,C211355-C0WV,C211355-C0WV-M4/W6,0,109999.00,Crocs Classic Stacked Clog
Crocs,C211355-C0WV,C211355-C0WV-M5/W7,0,109999.00,Crocs Classic Stacked Clog
Crocs,C211355-C0WV,C211355-C0WV-M6/W8,0,109999.00,Crocs Classic Stacked Clog
Crocs,C211355-C0WV,C211355-C0WV-M7/W9,0,109999.00,Crocs Classic Stacked Clog
Crocs,C211355-C0WV,C211355-C0WV-M8/W10,4,109999.00,Crocs Classic Stacked Clog
Crocs,C212097-C2JJ,C212097-C2JJ-M4/W6,0,99999.00,Crocs Classic Vegan Suede Moc
Crocs,C212097-C2JJ,C212097-C2JJ-M5/W7,0,99999.00,Crocs Classic Vegan Suede Moc
Crocs,C212097-C2JJ,C212097-C2JJ-M6/W8,0,99999.00,Crocs Classic Vegan Suede Moc
Crocs,C212097-C2JJ,C212097-C2JJ-M7/W9,0,99999.00,Crocs Classic Vegan Suede Moc
Crocs,C212097-C2JJ,C212097-C2JJ-M8/W10,1,99999.00,Crocs Classic Vegan Suede Moc
Crocs,C212097-C2JJ,C212097-C2JJ-M9/W11,0,99999.00,Crocs Classic Vegan Suede Moc
Crocs,C212097-C2JJ,C212097-C2JJ-M10/W12,0,99999.00,Crocs Classic Vegan Suede Moc
Crocs,C212097-C2JJ,C212097-C2JJ-M11,0,99999.00,Crocs Classic Vegan Suede Moc
Crocs,C212097-C2JJ,C212097-C2JJ-M12,0,99999.00,Crocs Classic Vegan Suede Moc
Crocs,C212097-C2JJ,C212097-C2JJ-M13,0,99999.00,Crocs Classic Vegan Suede Moc
Crocs,C212129-C90H,C212129-C90H-M4/W6,0,124999.00,Crocs Coca-Cola Classic Clog
Crocs,C212129-C90H,C212129-C90H-M5/W7,0,124999.00,Crocs Coca-Cola Classic Clog
Crocs,C212129-C90H,C212129-C90H-M6/W8,0,124999.00,Crocs Coca-Cola Classic Clog
Crocs,C212129-C90H,C212129-C90H-M7/W9,0,124999.00,Crocs Coca-Cola Classic Clog
Crocs,C212129-C90H,C212129-C90H-M8/W10,2,124999.00,Crocs Coca-Cola Classic Clog
Crocs,C212129-C90H,C212129-C90H-M9/W11,1,124999.00,Crocs Coca-Cola Classic Clog
Crocs,C212129-C90H,C212129-C90H-M10/W12,1,124999.00,Crocs Coca-Cola Classic Clog
Crocs,C212129-C90H,C212129-C90H-M11,2,124999.00,Crocs Coca-Cola Classic Clog
Crocs,C212129-C90H,C212129-C90H-M12,3,124999.00,Crocs Coca-Cola Classic Clog
Crocs,C210030-C1NG,C210030-C1NG-C4/5,1,54999.00,Crocs Crocband Cruiser Pet Sandal T Kids
Crocs,C210030-C1NG,C210030-C1NG-C6/7,0,54999.00,Crocs Crocband Cruiser Pet Sandal T Kids
Crocs,C210030-C1NG,C210030-C1NG-C8/9,0,54999.00,Crocs Crocband Cruiser Pet Sandal T Kids
Crocs,C210030-C1NG,C210030-C1NG-C10/11,0,54999.00,Crocs Crocband Cruiser Pet Sandal T Kids
Crocs,C209424-C4OT,C209424-C4OT-C4,7,54999.00,Crocs Crocband Cruiser Sandal T
Crocs,C209424-C4OT,C209424-C4OT-C5,5,54999.00,Crocs Crocband Cruiser Sandal T
Crocs,C209424-C4OT,C209424-C4OT-C6,6,54999.00,Crocs Crocband Cruiser Sandal T
Crocs,C209424-C4OT,C209424-C4OT-C7,3,54999.00,Crocs Crocband Cruiser Sandal T
Crocs,C209424-C4OT,C209424-C4OT-C8,3,54999.00,Crocs Crocband Cruiser Sandal T
Crocs,C209424-C4OT,C209424-C4OT-C9,0,54999.00,Crocs Crocband Cruiser Sandal T
Crocs,C209424-C4OT,C209424-C4OT-C10,3,54999.00,Crocs Crocband Cruiser Sandal T
Crocs,C209424-C84I,C209424-C84I-C4,8,49999.00,Crocs Crocband Cruiser Sandal T Kids
Crocs,C209424-C84I,C209424-C84I-C5,1,54999.00,Crocs Crocband Cruiser Sandal T Kids
Crocs,C209424-C84I,C209424-C84I-C6,7,49999.00,Crocs Crocband Cruiser Sandal T Kids
Crocs,C209424-C84I,C209424-C84I-C7,0,54999.00,Crocs Crocband Cruiser Sandal T Kids
Crocs,C209424-C84I,C209424-C84I-C8,6,49999.00,Crocs Crocband Cruiser Sandal T Kids
Crocs,C209424-C84I,C209424-C84I-C9,0,54999.00,Crocs Crocband Cruiser Sandal T Kids
Crocs,C209424-C84I,C209424-C84I-C10,6,49999.00,Crocs Crocband Cruiser Sandal T Kids
Crocs,C209424-C6WQ,C209424-C6WQ-C4,1,54999.00,Crocs Crocband Cruiser Sandal T Kids
Crocs,C209424-C6WQ,C209424-C6WQ-C5,0,54999.00,Crocs Crocband Cruiser Sandal T Kids
Crocs,C209424-C6WQ,C209424-C6WQ-C6,2,54999.00,Crocs Crocband Cruiser Sandal T Kids
Crocs,C209424-C6WQ,C209424-C6WQ-C7,2,54999.00,Crocs Crocband Cruiser Sandal T Kids
Crocs,C209424-C6WQ,C209424-C6WQ-C8,1,54999.00,Crocs Crocband Cruiser Sandal T Kids
Crocs,C209424-C6WQ,C209424-C6WQ-C9,2,54999.00,Crocs Crocband Cruiser Sandal T Kids
Crocs,C209424-C6WQ,C209424-C6WQ-C10,2,54999.00,Crocs Crocband Cruiser Sandal T Kids
Crocs,C210031-C007,C210031-C007-C4/5,1,54999.00,Crocs Crocband Cruiser Shark Sandal T Kids
Crocs,C210031-C007,C210031-C007-C6/7,0,54999.00,Crocs Crocband Cruiser Shark Sandal T Kids
Crocs,C210031-C007,C210031-C007-C8/9,0,54999.00,Crocs Crocband Cruiser Shark Sandal T Kids
Crocs,C210031-C007,C210031-C007-C10/11,0,54999.00,Crocs Crocband Cruiser Shark Sandal T Kids
Crocs,C213224-C410,C213224-C410-M4/W6,6,109999.00,Crocs Crocband Heritage Clog
Crocs,C213224-C410,C213224-C410-M5/W7,12,109999.00,Crocs Crocband Heritage Clog
Crocs,C213224-C410,C213224-C410-M6/W8,18,109999.00,Crocs Crocband Heritage Clog
Crocs,C213224-C410,C213224-C410-M7/W9,18,109999.00,Crocs Crocband Heritage Clog
Crocs,C213224-C410,C213224-C410-M8/W10,18,109999.00,Crocs Crocband Heritage Clog
Crocs,C213224-C410,C213224-C410-M9/W11,18,109999.00,Crocs Crocband Heritage Clog
Crocs,C213224-C410,C213224-C410-M10/W12,18,109999.00,Crocs Crocband Heritage Clog
Crocs,C213224-C410,C213224-C410-M11,12,109999.00,Crocs Crocband Heritage Clog
Crocs,C213224-C410,C213224-C410-M12,12,109999.00,Crocs Crocband Heritage Clog
Crocs,C213224-C410,C213224-C410-M13,12,109999.00,Crocs Crocband Heritage Clog
Crocs,C213224-C7CU,C213224-C7CU-M4/W6,6,109999.00,Crocs Crocband Heritage Clog
Crocs,C213224-C7CU,C213224-C7CU-M5/W7,10,109999.00,Crocs Crocband Heritage Clog
Crocs,C213224-C7CU,C213224-C7CU-M6/W8,15,109999.00,Crocs Crocband Heritage Clog
Crocs,C213224-C7CU,C213224-C7CU-M7/W9,18,109999.00,Crocs Crocband Heritage Clog
Crocs,C213224-C7CU,C213224-C7CU-M8/W10,17,109999.00,Crocs Crocband Heritage Clog
Crocs,C213224-C7CU,C213224-C7CU-M9/W11,8,109999.00,Crocs Crocband Heritage Clog
Crocs,C213224-C7CU,C213224-C7CU-M10/W12,8,109999.00,Crocs Crocband Heritage Clog
Crocs,C213224-C7CU,C213224-C7CU-M11,6,109999.00,Crocs Crocband Heritage Clog
Crocs,C213224-C7CU,C213224-C7CU-M12,6,109999.00,Crocs Crocband Heritage Clog
Crocs,C213224-C7CU,C213224-C7CU-M13,5,109999.00,Crocs Crocband Heritage Clog
Crocs,C213224-C001,C213224-C001-M4/W6,5,109999.00,Crocs Crocband Heritage Clog
Crocs,C213224-C001,C213224-C001-M5/W7,10,109999.00,Crocs Crocband Heritage Clog
Crocs,C213224-C001,C213224-C001-M6/W8,15,109999.00,Crocs Crocband Heritage Clog
Crocs,C213224-C001,C213224-C001-M7/W9,14,109999.00,Crocs Crocband Heritage Clog
Crocs,C213224-C001,C213224-C001-M8/W10,14,109999.00,Crocs Crocband Heritage Clog
Crocs,C213224-C001,C213224-C001-M9/W11,15,109999.00,Crocs Crocband Heritage Clog
Crocs,C213224-C001,C213224-C001-M10/W12,14,109999.00,Crocs Crocband Heritage Clog
Crocs,C213224-C001,C213224-C001-M11,10,109999.00,Crocs Crocband Heritage Clog
Crocs,C213224-C001,C213224-C001-M12,10,109999.00,Crocs Crocband Heritage Clog
Crocs,C213224-C001,C213224-C001-M13,9,109999.00,Crocs Crocband Heritage Clog
Crocs,C213224-C3CM,C213224-C3CM-M4/W6,6,109999.00,Crocs Crocband Heritage Clog
Crocs,C213224-C3CM,C213224-C3CM-M5/W7,12,109999.00,Crocs Crocband Heritage Clog
Crocs,C213224-C3CM,C213224-C3CM-M6/W8,18,109999.00,Crocs Crocband Heritage Clog
Crocs,C213224-C3CM,C213224-C3CM-M7/W9,18,109999.00,Crocs Crocband Heritage Clog
Crocs,C213224-C3CM,C213224-C3CM-M8/W10,18,109999.00,Crocs Crocband Heritage Clog
Crocs,C213224-C3CM,C213224-C3CM-M9/W11,18,109999.00,Crocs Crocband Heritage Clog
Crocs,C213224-C3CM,C213224-C3CM-M10/W12,17,109999.00,Crocs Crocband Heritage Clog
Crocs,C213224-C3CM,C213224-C3CM-M11,12,109999.00,Crocs Crocband Heritage Clog
Crocs,C213224-C3CM,C213224-C3CM-M12,12,109999.00,Crocs Crocband Heritage Clog
Crocs,C213224-C3CM,C213224-C3CM-M13,11,109999.00,Crocs Crocband Heritage Clog
Crocs,C208731-C2CC,C208731-C2CC-M3/W5,0,68999.00,Crocs Crush Slide
Crocs,C208731-C2CC,C208731-C2CC-M4/W6,2,68999.00,Crocs Crush Slide
Crocs,C208731-C2CC,C208731-C2CC-M5/W7,0,68999.00,Crocs Crush Slide
Crocs,C208731-C2CC,C208731-C2CC-M6/W8,0,68999.00,Crocs Crush Slide
Crocs,C208731-C2CC,C208731-C2CC-M7/W9,0,68999.00,Crocs Crush Slide
Crocs,C208731-C2CC,C208731-C2CC-M8/W10,0,68999.00,Crocs Crush Slide
Crocs,C208731-C2CC,C208731-C2CC-M9/W11,0,68999.00,Crocs Crush Slide
Crocs,C208731-C2CC,C208731-C2CC-M10/W12,0,68999.00,Crocs Crush Slide
Crocs,C208731-C2CC,C208731-C2CC-M11,0,68999.00,Crocs Crush Slide
Crocs,C208731-C2CC,C208731-C2CC-M12,0,68999.00,Crocs Crush Slide
Crocs,C208731-C2CC,C208731-C2CC-M13,0,68999.00,Crocs Crush Slide
Crocs,C208731-C2Y2,C208731-C2Y2-M3/W5,0,68999.00,Crocs Crush Slide
Crocs,C208731-C2Y2,C208731-C2Y2-M4/W6,0,68999.00,Crocs Crush Slide
Crocs,C208731-C2Y2,C208731-C2Y2-M5/W7,0,68999.00,Crocs Crush Slide
Crocs,C208731-C2Y2,C208731-C2Y2-M6/W8,5,68999.00,Crocs Crush Slide
Crocs,C208731-C2Y2,C208731-C2Y2-M7/W9,0,68999.00,Crocs Crush Slide
Crocs,C208731-C2Y2,C208731-C2Y2-M8/W10,0,68999.00,Crocs Crush Slide
Crocs,C208731-C2Y2,C208731-C2Y2-M9/W11,0,68999.00,Crocs Crush Slide
Crocs,C208731-C2Y2,C208731-C2Y2-M10/W12,0,68999.00,Crocs Crush Slide
Crocs,C208731-C2Y2,C208731-C2Y2-M11,0,68999.00,Crocs Crush Slide
Crocs,C208731-C2Y2,C208731-C2Y2-M12,0,68999.00,Crocs Crush Slide
Crocs,C208731-C2Y2,C208731-C2Y2-M13,0,68999.00,Crocs Crush Slide
Crocs,C212130-C90H,C212130-C90H-M3/W5,2,124999.00,Crocs Diet Coke Classic Clog
Crocs,C212130-C90H,C212130-C90H-M4/W6,2,124999.00,Crocs Diet Coke Classic Clog
Crocs,C212130-C90H,C212130-C90H-M5/W7,5,124999.00,Crocs Diet Coke Classic Clog
Crocs,C212130-C90H,C212130-C90H-M6/W8,5,124999.00,Crocs Diet Coke Classic Clog
Crocs,C212130-C90H,C212130-C90H-M7/W9,1,124999.00,Crocs Diet Coke Classic Clog
Crocs,C212130-C90H,C212130-C90H-M8/W10,0,124999.00,Crocs Diet Coke Classic Clog
Crocs,C212060-C90H,C212060-C90H-M4/W6,3,149999.00,Crocs Disney IAM Chip N Dale
Crocs,C212060-C90H,C212060-C90H-M5/W7,4,149999.00,Crocs Disney IAM Chip N Dale
Crocs,C212060-C90H,C212060-C90H-M6/W8,1,149999.00,Crocs Disney IAM Chip N Dale
Crocs,C212060-C90H,C212060-C90H-M7/W9,2,149999.00,Crocs Disney IAM Chip N Dale
Crocs,C212060-C90H,C212060-C90H-M8/W10,1,149999.00,Crocs Disney IAM Chip N Dale
Crocs,C212060-C90H,C212060-C90H-M9/W11,0,149999.00,Crocs Disney IAM Chip N Dale
Crocs,C212060-C90H,C212060-C90H-M10/W12,5,149999.00,Crocs Disney IAM Chip N Dale
Crocs,C212060-C90H,C212060-C90H-M11,2,149999.00,Crocs Disney IAM Chip N Dale
Crocs,C212060-C90H,C212060-C90H-M12,2,149999.00,Crocs Disney IAM Chip N Dale
Crocs,C212059-C90H,C212059-C90H-M4/W6,6,149999.00,Crocs Disney IAM Goofy Classic Clog
Crocs,C212059-C90H,C212059-C90H-M5/W7,8,149999.00,Crocs Disney IAM Goofy Classic Clog
Crocs,C212059-C90H,C212059-C90H-M6/W8,8,149999.00,Crocs Disney IAM Goofy Classic Clog
Crocs,C212059-C90H,C212059-C90H-M7/W9,9,149999.00,Crocs Disney IAM Goofy Classic Clog
Crocs,C212059-C90H,C212059-C90H-M8/W10,9,149999.00,Crocs Disney IAM Goofy Classic Clog
Crocs,C212059-C90H,C212059-C90H-M9/W11,8,149999.00,Crocs Disney IAM Goofy Classic Clog
Crocs,C212059-C90H,C212059-C90H-M10/W12,8,149999.00,Crocs Disney IAM Goofy Classic Clog
Crocs,C212059-C90H,C212059-C90H-M11,6,149999.00,Crocs Disney IAM Goofy Classic Clog
Crocs,C212059-C90H,C212059-C90H-M12,6,149999.00,Crocs Disney IAM Goofy Classic Clog
Crocs,C211485-C90H,C211485-C90H-C4,0,99999.00,Crocs Disney Mickey and Friends Classic Clog Kids
Crocs,C211485-C90H,C211485-C90H-C6,3,99999.00,Crocs Disney Mickey and Friends Classic Clog Kids
Crocs,C211485-C90H,C211485-C90H-C8,0,99999.00,Crocs Disney Mickey and Friends Classic Clog Kids
Crocs,C211485-C90H,C211485-C90H-C9,0,99999.00,Crocs Disney Mickey and Friends Classic Clog Kids
Crocs,C211485-C90H,C211485-C90H-C10,1,99999.00,Crocs Disney Mickey and Friends Classic Clog Kids
Crocs,C208710-C119,C208710-C119-C4/5,7,69999.00,Crocs Disney Minnie Mouse Cls Clg T
Crocs,C208710-C119,C208710-C119-C6/7,0,69999.00,Crocs Disney Minnie Mouse Cls Clg T
Crocs,C208710-C119,C208710-C119-C8/9,0,69999.00,Crocs Disney Minnie Mouse Cls Clg T
Crocs,C208710-C119,C208710-C119-C10/11,0,69999.00,Crocs Disney Minnie Mouse Cls Clg T
Crocs,C211691-C90H,C211691-C90H-M4/W6,1,124999.00,Crocs Doraemon Classic Clog
Crocs,C211691-C90H,C211691-C90H-M5/W7,2,124999.00,Crocs Doraemon Classic Clog
Crocs,C211691-C90H,C211691-C90H-M6/W8,2,124999.00,Crocs Doraemon Classic Clog
Crocs,C211691-C90H,C211691-C90H-M7/W9,3,124999.00,Crocs Doraemon Classic Clog
Crocs,C211691-C90H,C211691-C90H-M8/W10,0,124999.00,Crocs Doraemon Classic Clog
Crocs,C208716-C001,C208716-C001-M3/W5,7,119999.00,Crocs Echo Boot
Crocs,C208716-C001,C208716-C001-M4/W6,11,119999.00,Crocs Echo Boot
Crocs,C208716-C001,C208716-C001-M5/W7,10,119999.00,Crocs Echo Boot
Crocs,C208716-C001,C208716-C001-M6/W8,2,119999.00,Crocs Echo Boot
Crocs,C208716-C001,C208716-C001-M7/W9,0,119999.00,Crocs Echo Boot
Crocs,C208716-C001,C208716-C001-M8/W10,0,119999.00,Crocs Echo Boot
Crocs,C208716-C001,C208716-C001-M9/W11,0,119999.00,Crocs Echo Boot
Crocs,C208716-C001,C208716-C001-M10/W12,0,119999.00,Crocs Echo Boot
Crocs,C208716-C001,C208716-C001-M11,0,119999.00,Crocs Echo Boot
Crocs,C208716-C001,C208716-C001-M12,0,119999.00,Crocs Echo Boot
Crocs,C208716-C001,C208716-C001-M13,0,119999.00,Crocs Echo Boot
Crocs,C208716-C0WS,C208716-C0WS-M3/W5,10,119999.00,Crocs Echo Boot
Crocs,C208716-C0WS,C208716-C0WS-M4/W6,10,119999.00,Crocs Echo Boot
Crocs,C208716-C0WS,C208716-C0WS-M5/W7,11,119999.00,Crocs Echo Boot
Crocs,C208716-C0WS,C208716-C0WS-M6/W8,0,119999.00,Crocs Echo Boot
Crocs,C208716-C0WS,C208716-C0WS-M7/W9,1,119999.00,Crocs Echo Boot
Crocs,C208716-C0WS,C208716-C0WS-M8/W10,0,119999.00,Crocs Echo Boot
Crocs,C208716-C0WS,C208716-C0WS-M9/W11,0,119999.00,Crocs Echo Boot
Crocs,C208716-C0WS,C208716-C0WS-M10/W12,0,119999.00,Crocs Echo Boot
Crocs,C208716-C0WS,C208716-C0WS-M11,0,119999.00,Crocs Echo Boot
Crocs,C208716-C0WS,C208716-C0WS-M12,0,119999.00,Crocs Echo Boot
Crocs,C208716-C0WS,C208716-C0WS-M13,0,119999.00,Crocs Echo Boot
Crocs,C208716-C160,C208716-C160-M3/W5,2,119999.00,Crocs Echo Boot
Crocs,C208716-C160,C208716-C160-M4/W6,4,119999.00,Crocs Echo Boot
Crocs,C208716-C160,C208716-C160-M5/W7,12,119999.00,Crocs Echo Boot
Crocs,C208716-C160,C208716-C160-M6/W8,0,119999.00,Crocs Echo Boot
Crocs,C208716-C160,C208716-C160-M7/W9,0,119999.00,Crocs Echo Boot
Crocs,C208716-C160,C208716-C160-M8/W10,0,119999.00,Crocs Echo Boot
Crocs,C208716-C160,C208716-C160-M9/W11,0,119999.00,Crocs Echo Boot
Crocs,C208716-C160,C208716-C160-M10/W12,0,119999.00,Crocs Echo Boot
Crocs,C208716-C160,C208716-C160-M11,0,119999.00,Crocs Echo Boot
Crocs,C208716-C160,C208716-C160-M12,0,119999.00,Crocs Echo Boot
Crocs,C208716-C160,C208716-C160-M13,0,119999.00,Crocs Echo Boot
Crocs,C207937-C001,C207937-C001-M3/W5,0,109999.00,Crocs Echo Clog
Crocs,C207937-C001,C207937-C001-M4/W6,1,109999.00,Crocs Echo Clog
Crocs,C207937-C001,C207937-C001-M5/W7,2,109999.00,Crocs Echo Clog
Crocs,C207937-C001,C207937-C001-M6/W8,0,109999.00,Crocs Echo Clog
Crocs,C207937-C001,C207937-C001-M7/W9,3,109999.00,Crocs Echo Clog
Crocs,C207937-C001,C207937-C001-M8/W10,3,109999.00,Crocs Echo Clog
Crocs,C207937-C001,C207937-C001-M9/W11,3,109999.00,Crocs Echo Clog
Crocs,C207937-C001,C207937-C001-M10/W12,3,109999.00,Crocs Echo Clog
Crocs,C207937-C001,C207937-C001-M11,3,109999.00,Crocs Echo Clog
Crocs,C207937-C001,C207937-C001-M12,4,109999.00,Crocs Echo Clog
Crocs,C207937-C001,C207937-C001-M13,4,109999.00,Crocs Echo Clog
Crocs,C207937-C2YJ,C207937-C2YJ-M3/W5,0,109999.00,Crocs Echo Clog
Crocs,C207937-C2YJ,C207937-C2YJ-M4/W6,0,109999.00,Crocs Echo Clog
Crocs,C207937-C2YJ,C207937-C2YJ-M5/W7,2,109999.00,Crocs Echo Clog
Crocs,C207937-C2YJ,C207937-C2YJ-M6/W8,3,109999.00,Crocs Echo Clog
Crocs,C207937-C2YJ,C207937-C2YJ-M7/W9,3,109999.00,Crocs Echo Clog
Crocs,C207937-C2YJ,C207937-C2YJ-M8/W10,0,109999.00,Crocs Echo Clog
Crocs,C207937-C2YJ,C207937-C2YJ-M9/W11,0,109999.00,Crocs Echo Clog
Crocs,C207937-C2YJ,C207937-C2YJ-M10/W12,0,109999.00,Crocs Echo Clog
Crocs,C207937-C2YJ,C207937-C2YJ-M11,0,109999.00,Crocs Echo Clog
Crocs,C207937-C2YJ,C207937-C2YJ-M12,0,109999.00,Crocs Echo Clog
Crocs,C207937-C2YJ,C207937-C2YJ-M13,0,109999.00,Crocs Echo Clog
Crocs,C207937-C3J5,C207937-C3J5-M3/W5,0,109999.00,Crocs Echo Clog
Crocs,C207937-C3J5,C207937-C3J5-M4/W6,2,109999.00,Crocs Echo Clog
Crocs,C207937-C3J5,C207937-C3J5-M5/W7,4,109999.00,Crocs Echo Clog
Crocs,C207937-C3J5,C207937-C3J5-M6/W8,6,109999.00,Crocs Echo Clog
Crocs,C207937-C3J5,C207937-C3J5-M7/W9,5,109999.00,Crocs Echo Clog
Crocs,C207937-C3J5,C207937-C3J5-M8/W10,4,109999.00,Crocs Echo Clog
Crocs,C207937-C3J5,C207937-C3J5-M9/W11,5,109999.00,Crocs Echo Clog
Crocs,C207937-C3J5,C207937-C3J5-M10/W12,3,109999.00,Crocs Echo Clog
Crocs,C207937-C3J5,C207937-C3J5-M11,3,109999.00,Crocs Echo Clog
Crocs,C207937-C3J5,C207937-C3J5-M12,4,109999.00,Crocs Echo Clog
Crocs,C207937-C3J5,C207937-C3J5-M13,4,109999.00,Crocs Echo Clog
Crocs,C211630-C0DA,C211630-C0DA-M4/W6,14,109999.00,Crocs Echo Crackle
Crocs,C211630-C0DA,C211630-C0DA-M5/W7,20,109999.00,Crocs Echo Crackle
Crocs,C211630-C0DA,C211630-C0DA-M6/W8,27,109999.00,Crocs Echo Crackle
Crocs,C211630-C0DA,C211630-C0DA-M7/W9,24,109999.00,Crocs Echo Crackle
Crocs,C211630-C0DA,C211630-C0DA-M8/W10,16,109999.00,Crocs Echo Crackle
Crocs,C211630-C0DA,C211630-C0DA-M9/W11,8,109999.00,Crocs Echo Crackle
Crocs,C211630-C0DA,C211630-C0DA-M10/W12,10,109999.00,Crocs Echo Crackle
Crocs,C211630-C0DA,C211630-C0DA-M11,17,109999.00,Crocs Echo Crackle
Crocs,C211630-C0DA,C211630-C0DA-M12,8,109999.00,Crocs Echo Crackle
Crocs,C211630-C0DA,C211630-C0DA-M13,8,109999.00,Crocs Echo Crackle
Crocs,C211675-C7AF,C211675-C7AF-M4/W6,0,119999.00,Crocs Echo Gum RO Clog
Crocs,C211675-C7AF,C211675-C7AF-M5/W7,2,119999.00,Crocs Echo Gum RO Clog
Crocs,C211675-C7AF,C211675-C7AF-M6/W8,12,119999.00,Crocs Echo Gum RO Clog
Crocs,C211675-C7AF,C211675-C7AF-M7/W9,9,119999.00,Crocs Echo Gum RO Clog
Crocs,C211675-C7AF,C211675-C7AF-M8/W10,7,119999.00,Crocs Echo Gum RO Clog
Crocs,C211675-C7AF,C211675-C7AF-M9/W11,8,119999.00,Crocs Echo Gum RO Clog
Crocs,C211675-C309,C211675-C309-M4/W6,3,119999.00,Crocs Echo Gum RO Clog
Crocs,C211675-C309,C211675-C309-M5/W7,5,119999.00,Crocs Echo Gum RO Clog
Crocs,C211675-C309,C211675-C309-M6/W8,10,119999.00,Crocs Echo Gum RO Clog
Crocs,C211675-C309,C211675-C309-M7/W9,9,119999.00,Crocs Echo Gum RO Clog
Crocs,C211675-C309,C211675-C309-M8/W10,1,119999.00,Crocs Echo Gum RO Clog
Crocs,C211675-C309,C211675-C309-M9/W11,3,119999.00,Crocs Echo Gum RO Clog
Crocs,C211675-C309,C211675-C309-M10/W12,1,119999.00,Crocs Echo Gum RO Clog
Crocs,C211675-C309,C211675-C309-M11,1,119999.00,Crocs Echo Gum RO Clog
Crocs,C211675-C309,C211675-C309-M12,1,119999.00,Crocs Echo Gum RO Clog
Crocs,C211675-C309,C211675-C309-M13,1,119999.00,Crocs Echo Gum RO Clog
Crocs,C211675-C001,C211675-C001-M4/W6,2,119999.00,Crocs Echo Gum RO Clog
Crocs,C211675-C001,C211675-C001-M5/W7,9,119999.00,Crocs Echo Gum RO Clog
Crocs,C211675-C001,C211675-C001-M6/W8,9,119999.00,Crocs Echo Gum RO Clog
Crocs,C211675-C001,C211675-C001-M7/W9,8,119999.00,Crocs Echo Gum RO Clog
Crocs,C211675-C001,C211675-C001-M8/W10,3,119999.00,Crocs Echo Gum RO Clog
Crocs,C211675-C001,C211675-C001-M9/W11,0,119999.00,Crocs Echo Gum RO Clog
Crocs,C211675-C001,C211675-C001-M10/W12,1,119999.00,Crocs Echo Gum RO Clog
Crocs,C211675-C001,C211675-C001-M11,3,119999.00,Crocs Echo Gum RO Clog
Crocs,C211675-C001,C211675-C001-M12,7,119999.00,Crocs Echo Gum RO Clog
Crocs,C211675-C001,C211675-C001-M13,6,119999.00,Crocs Echo Gum RO Clog
Crocs,C211675-C0WV,C211675-C0WV-M4/W6,0,119999.00,Crocs Echo Gum RO Clog
Crocs,C211675-C0WV,C211675-C0WV-M5/W7,3,119999.00,Crocs Echo Gum RO Clog
Crocs,C211675-C0WV,C211675-C0WV-M6/W8,7,119999.00,Crocs Echo Gum RO Clog
Crocs,C211675-C0WV,C211675-C0WV-M7/W9,1,119999.00,Crocs Echo Gum RO Clog
Crocs,C211675-C0WV,C211675-C0WV-M8/W10,7,119999.00,Crocs Echo Gum RO Clog
Crocs,C211675-C0WV,C211675-C0WV-M9/W11,0,119999.00,Crocs Echo Gum RO Clog
Crocs,C211675-C0WV,C211675-C0WV-M10/W12,0,119999.00,Crocs Echo Gum RO Clog
Crocs,C211675-C0WV,C211675-C0WV-M11,3,119999.00,Crocs Echo Gum RO Clog
Crocs,C211675-C0WV,C211675-C0WV-M12,6,119999.00,Crocs Echo Gum RO Clog
Crocs,C211675-C0WV,C211675-C0WV-M13,4,119999.00,Crocs Echo Gum RO Clog
Crocs,C211675-C0DA,C211675-C0DA-M4/W6,0,119999.00,Crocs Echo Gum RO Clog
Crocs,C211675-C0DA,C211675-C0DA-M5/W7,1,119999.00,Crocs Echo Gum RO Clog
Crocs,C211675-C0DA,C211675-C0DA-M6/W8,3,119999.00,Crocs Echo Gum RO Clog
Crocs,C211675-C0DA,C211675-C0DA-M7/W9,1,119999.00,Crocs Echo Gum RO Clog
Crocs,C211675-C0DA,C211675-C0DA-M8/W10,2,119999.00,Crocs Echo Gum RO Clog
Crocs,C211675-C0DA,C211675-C0DA-M9/W11,0,119999.00,Crocs Echo Gum RO Clog
Crocs,C211675-C0DA,C211675-C0DA-M10/W12,1,119999.00,Crocs Echo Gum RO Clog
Crocs,C211675-C0DA,C211675-C0DA-M11,1,119999.00,Crocs Echo Gum RO Clog
Crocs,C211675-C0DA,C211675-C0DA-M12,0,119999.00,Crocs Echo Gum RO Clog
Crocs,C211675-C0DA,C211675-C0DA-M13,2,119999.00,Crocs Echo Gum RO Clog
Crocs,C211996-C001,C211996-C001-W6,2,149999.00,Crocs Echo Mary Jane Clog
Crocs,C211996-C001,C211996-C001-W7,3,149999.00,Crocs Echo Mary Jane Clog
Crocs,C211996-C001,C211996-C001-W8,2,149999.00,Crocs Echo Mary Jane Clog
Crocs,C211996-C001,C211996-C001-W9,2,149999.00,Crocs Echo Mary Jane Clog
Crocs,C211996-C001,C211996-C001-W10,2,149999.00,Crocs Echo Mary Jane Clog
Crocs,C211996-C2MD,C211996-C2MD-W6,2,149999.00,Crocs Echo Mary Jane Clog
Crocs,C211996-C2MD,C211996-C2MD-W7,3,149999.00,Crocs Echo Mary Jane Clog
Crocs,C211996-C2MD,C211996-C2MD-W8,3,149999.00,Crocs Echo Mary Jane Clog
Crocs,C211996-C2MD,C211996-C2MD-W9,2,149999.00,Crocs Echo Mary Jane Clog
Crocs,C211996-C2MD,C211996-C2MD-W10,2,149999.00,Crocs Echo Mary Jane Clog
Crocs,C211361-C001,C211361-C001-M4/W6,1,119999.00,Crocs Echo RO Ripstop Clog
Crocs,C211361-C001,C211361-C001-M5/W7,2,119999.00,Crocs Echo RO Ripstop Clog
Crocs,C211361-C001,C211361-C001-M6/W8,5,119999.00,Crocs Echo RO Ripstop Clog
Crocs,C211361-C001,C211361-C001-M7/W9,0,119999.00,Crocs Echo RO Ripstop Clog
Crocs,C211361-C001,C211361-C001-M8/W10,0,119999.00,Crocs Echo RO Ripstop Clog
Crocs,C211361-C001,C211361-C001-M9/W11,0,119999.00,Crocs Echo RO Ripstop Clog
Crocs,C211361-C001,C211361-C001-M10/W12,0,119999.00,Crocs Echo RO Ripstop Clog
Crocs,C211361-C001,C211361-C001-M11,0,119999.00,Crocs Echo RO Ripstop Clog
Crocs,C211361-C001,C211361-C001-M12,0,119999.00,Crocs Echo RO Ripstop Clog
Crocs,C211361-C001,C211361-C001-M13,0,119999.00,Crocs Echo RO Ripstop Clog
Crocs,C211361-C0IP,C211361-C0IP-M4/W6,0,119999.00,Crocs Echo RO Ripstop Clog
Crocs,C211361-C0IP,C211361-C0IP-M5/W7,8,119999.00,Crocs Echo RO Ripstop Clog
Crocs,C211361-C0IP,C211361-C0IP-M6/W8,15,119999.00,Crocs Echo RO Ripstop Clog
Crocs,C211361-C0IP,C211361-C0IP-M7/W9,9,119999.00,Crocs Echo RO Ripstop Clog
Crocs,C211361-C0IP,C211361-C0IP-M8/W10,5,119999.00,Crocs Echo RO Ripstop Clog
Crocs,C211361-C0IP,C211361-C0IP-M9/W11,6,119999.00,Crocs Echo RO Ripstop Clog
Crocs,C211361-C0IP,C211361-C0IP-M10/W12,3,119999.00,Crocs Echo RO Ripstop Clog
Crocs,C211361-C0IP,C211361-C0IP-M11,3,119999.00,Crocs Echo RO Ripstop Clog
Crocs,C211361-C0IP,C211361-C0IP-M12,5,119999.00,Crocs Echo RO Ripstop Clog
Crocs,C211361-C0IP,C211361-C0IP-M13,3,119999.00,Crocs Echo RO Ripstop Clog
Crocs,C210047-C308,C210047-C308-M3/W5,0,149999.00,Crocs Echo Sand Storm
Crocs,C210047-C308,C210047-C308-M4/W6,0,149999.00,Crocs Echo Sand Storm
Crocs,C210047-C308,C210047-C308-M5/W7,0,149999.00,Crocs Echo Sand Storm
Crocs,C210047-C308,C210047-C308-M6/W8,0,149999.00,Crocs Echo Sand Storm
Crocs,C210047-C308,C210047-C308-M7/W9,0,149999.00,Crocs Echo Sand Storm
Crocs,C210047-C308,C210047-C308-M8/W10,0,149999.00,Crocs Echo Sand Storm
Crocs,C210047-C308,C210047-C308-M9/W11,5,149999.00,Crocs Echo Sand Storm
Crocs,C210047-C308,C210047-C308-M10/W12,8,149999.00,Crocs Echo Sand Storm
Crocs,C210047-C308,C210047-C308-M11,0,149999.00,Crocs Echo Sand Storm
Crocs,C210047-C308,C210047-C308-M12,0,149999.00,Crocs Echo Sand Storm
Crocs,C210047-C308,C210047-C308-M13,0,149999.00,Crocs Echo Sand Storm
Crocs,C208170-C001,C208170-C001-M3/W5,0,59999.00,Crocs Echo Slide
Crocs,C208170-C001,C208170-C001-M4/W6,0,59999.00,Crocs Echo Slide
Crocs,C208170-C001,C208170-C001-M5/W7,0,59999.00,Crocs Echo Slide
Crocs,C208170-C001,C208170-C001-M6/W8,0,59999.00,Crocs Echo Slide
Crocs,C208170-C001,C208170-C001-M7/W9,0,59999.00,Crocs Echo Slide
Crocs,C208170-C001,C208170-C001-M8/W10,0,59999.00,Crocs Echo Slide
Crocs,C208170-C001,C208170-C001-M9/W11,1,59999.00,Crocs Echo Slide
Crocs,C208170-C001,C208170-C001-M10/W12,0,59999.00,Crocs Echo Slide
Crocs,C208170-C001,C208170-C001-M11,0,59999.00,Crocs Echo Slide
Crocs,C208170-C001,C208170-C001-M12,0,59999.00,Crocs Echo Slide
Crocs,C208170-C001,C208170-C001-M13,0,59999.00,Crocs Echo Slide
Crocs,C209414-C0HR,C209414-C0HR-M3/W5,0,136999.00,Crocs Echo Storm
Crocs,C209414-C0HR,C209414-C0HR-M4/W6,0,136999.00,Crocs Echo Storm
Crocs,C209414-C0HR,C209414-C0HR-M5/W7,0,136999.00,Crocs Echo Storm
Crocs,C209414-C0HR,C209414-C0HR-M6/W8,0,136999.00,Crocs Echo Storm
Crocs,C209414-C0HR,C209414-C0HR-M7/W9,0,136999.00,Crocs Echo Storm
Crocs,C209414-C0HR,C209414-C0HR-M8/W10,0,136999.00,Crocs Echo Storm
Crocs,C209414-C0HR,C209414-C0HR-M9/W11,0,136999.00,Crocs Echo Storm
Crocs,C209414-C0HR,C209414-C0HR-M10/W12,0,136999.00,Crocs Echo Storm
Crocs,C209414-C0HR,C209414-C0HR-M11,0,136999.00,Crocs Echo Storm
Crocs,C209414-C0HR,C209414-C0HR-M12,1,136999.00,Crocs Echo Storm
Crocs,C209414-C0HR,C209414-C0HR-M13,0,136999.00,Crocs Echo Storm
Crocs,C210521-C060,C210521-C060-M7/W9,3,99999.00,Crocs Echo Wave
Crocs,C210521-C060,C210521-C060-M8/W10,3,99999.00,Crocs Echo Wave
Crocs,C210521-C060,C210521-C060-M9/W11,3,99999.00,Crocs Echo Wave
Crocs,C210521-C060,C210521-C060-M10/W12,7,99999.00,Crocs Echo Wave
Crocs,C210521-C060,C210521-C060-M11,5,99999.00,Crocs Echo Wave
Crocs,C210521-C060,C210521-C060-M12,10,99999.00,Crocs Echo Wave
Crocs,C210521-C060,C210521-C060-M13,2,99999.00,Crocs Echo Wave
Crocs,C210521-C1FT,C210521-C1FT-M7/W9,0,99999.00,Crocs Echo Wave
Crocs,C210521-C1FT,C210521-C1FT-M8/W10,0,99999.00,Crocs Echo Wave
Crocs,C210521-C1FT,C210521-C1FT-M9/W11,0,99999.00,Crocs Echo Wave
Crocs,C210521-C1FT,C210521-C1FT-M10/W12,1,99999.00,Crocs Echo Wave
Crocs,C210521-C1FT,C210521-C1FT-M11,0,99999.00,Crocs Echo Wave
Crocs,C210521-C1FT,C210521-C1FT-M12,2,99999.00,Crocs Echo Wave
Crocs,C210521-C1FT,C210521-C1FT-M13,2,99999.00,Crocs Echo Wave
Crocs,C210521-C1LM,C210521-C1LM-M7/W9,0,99999.00,Crocs Echo Wave
Crocs,C210521-C1LM,C210521-C1LM-M8/W10,1,99999.00,Crocs Echo Wave
Crocs,C210521-C1LM,C210521-C1LM-M9/W11,2,99999.00,Crocs Echo Wave
Crocs,C210521-C1LM,C210521-C1LM-M10/W12,3,99999.00,Crocs Echo Wave
Crocs,C210521-C1LM,C210521-C1LM-M11,3,99999.00,Crocs Echo Wave
Crocs,C210521-C1LM,C210521-C1LM-M12,1,99999.00,Crocs Echo Wave
Crocs,C210521-C1LM,C210521-C1LM-M13,2,99999.00,Crocs Echo Wave
Crocs,C210521-C685,C210521-C685-M4/W6,0,99999.00,Crocs Echo Wave
Crocs,C210521-C685,C210521-C685-M5/W7,2,99999.00,Crocs Echo Wave
Crocs,C210521-C685,C210521-C685-M6/W8,2,99999.00,Crocs Echo Wave
Crocs,C210521-C685,C210521-C685-M7/W9,1,99999.00,Crocs Echo Wave
Crocs,C210521-C685,C210521-C685-M8/W10,1,99999.00,Crocs Echo Wave
Crocs,C211418-C90H,C211418-C90H-M3/W5,0,124999.00,Crocs Elvis Classic Clog
Crocs,C211418-C90H,C211418-C90H-M4/W6,4,124999.00,Crocs Elvis Classic Clog
Crocs,C211418-C90H,C211418-C90H-M5/W7,7,124999.00,Crocs Elvis Classic Clog
Crocs,C211418-C90H,C211418-C90H-M6/W8,4,124999.00,Crocs Elvis Classic Clog
Crocs,C211418-C90H,C211418-C90H-M7/W9,5,124999.00,Crocs Elvis Classic Clog
Crocs,C211418-C90H,C211418-C90H-M8/W10,2,124999.00,Crocs Elvis Classic Clog
Crocs,C211418-C90H,C211418-C90H-M9/W11,7,124999.00,Crocs Elvis Classic Clog
Crocs,C211418-C90H,C211418-C90H-M10/W12,5,124999.00,Crocs Elvis Classic Clog
Crocs,C211418-C90H,C211418-C90H-M11,3,124999.00,Crocs Elvis Classic Clog
Crocs,C211418-C90H,C211418-C90H-M12,2,124999.00,Crocs Elvis Classic Clog
Crocs,C211418-C90H,C211418-C90H-M13,0,124999.00,Crocs Elvis Classic Clog
Crocs,C211481-C90H,C211481-C90H-M3/W5,0,124999.00,Crocs Fantastic 4 Classic Clog
Crocs,C211481-C90H,C211481-C90H-M4/W6,0,124999.00,Crocs Fantastic 4 Classic Clog
Crocs,C211481-C90H,C211481-C90H-M5/W7,6,124999.00,Crocs Fantastic 4 Classic Clog
Crocs,C211481-C90H,C211481-C90H-M6/W8,11,124999.00,Crocs Fantastic 4 Classic Clog
Crocs,C211481-C90H,C211481-C90H-M7/W9,11,124999.00,Crocs Fantastic 4 Classic Clog
Crocs,C211481-C90H,C211481-C90H-M8/W10,6,124999.00,Crocs Fantastic 4 Classic Clog
Crocs,C211481-C90H,C211481-C90H-M9/W11,8,124999.00,Crocs Fantastic 4 Classic Clog
Crocs,C211481-C90H,C211481-C90H-M10/W12,1,124999.00,Crocs Fantastic 4 Classic Clog
Crocs,C211481-C90H,C211481-C90H-M11,0,124999.00,Crocs Fantastic 4 Classic Clog
Crocs,C211481-C90H,C211481-C90H-M12,0,124999.00,Crocs Fantastic 4 Classic Clog
Crocs,C211481-C90H,C211481-C90H-M13,0,124999.00,Crocs Fantastic 4 Classic Clog
Crocs,C210237-C90H,C210237-C90H-C4/5,3,69999.00,Crocs Frozen Elsa Classic Clog T
Crocs,C210237-C90H,C210237-C90H-C6/7,0,69999.00,Crocs Frozen Elsa Classic Clog T
Crocs,C210237-C90H,C210237-C90H-C8/9,0,69999.00,Crocs Frozen Elsa Classic Clog T
Crocs,C210237-C90H,C210237-C90H-C10/11,0,69999.00,Crocs Frozen Elsa Classic Clog T
Crocs,C209410-C001,C209410-C001-W5,5,89999.00,Crocs Getaway Platform Flip
Crocs,C209410-C001,C209410-C001-W6,4,89999.00,Crocs Getaway Platform Flip
Crocs,C209410-C001,C209410-C001-W7,9,89999.00,Crocs Getaway Platform Flip
Crocs,C209410-C001,C209410-C001-W8,9,89999.00,Crocs Getaway Platform Flip
Crocs,C209410-C001,C209410-C001-W9,0,89999.00,Crocs Getaway Platform Flip
Crocs,C209410-C001,C209410-C001-W10,6,89999.00,Crocs Getaway Platform Flip
Crocs,C209410-C5BX,C209410-C5BX-W5,8,89999.00,Crocs Getaway Platform Flip
Crocs,C209410-C5BX,C209410-C5BX-W6,13,89999.00,Crocs Getaway Platform Flip
Crocs,C209410-C5BX,C209410-C5BX-W7,15,89999.00,Crocs Getaway Platform Flip
Crocs,C209410-C5BX,C209410-C5BX-W8,9,89999.00,Crocs Getaway Platform Flip
Crocs,C209410-C5BX,C209410-C5BX-W9,8,89999.00,Crocs Getaway Platform Flip
Crocs,C209410-C5BX,C209410-C5BX-W10,10,89999.00,Crocs Getaway Platform Flip
Crocs,C209410-C2JJ,C209410-C2JJ-W5,1,89999.00,Crocs Getaway Platform Flip
Crocs,C209410-C2JJ,C209410-C2JJ-W6,1,89999.00,Crocs Getaway Platform Flip
Crocs,C209410-C2JJ,C209410-C2JJ-W7,2,89999.00,Crocs Getaway Platform Flip
Crocs,C209410-C2JJ,C209410-C2JJ-W8,1,89999.00,Crocs Getaway Platform Flip
Crocs,C209410-C2JJ,C209410-C2JJ-W9,2,89999.00,Crocs Getaway Platform Flip
Crocs,C209410-C2JJ,C209410-C2JJ-W10,1,89999.00,Crocs Getaway Platform Flip
Crocs,C209587-C5PS,C209587-C5PS-W4,0,79999.00,Crocs Getaway Strappy
Crocs,C209587-C5PS,C209587-C5PS-W5,1,79999.00,Crocs Getaway Strappy
Crocs,C209587-C5PS,C209587-C5PS-W6,0,79999.00,Crocs Getaway Strappy
Crocs,C209587-C5PS,C209587-C5PS-W7,0,79999.00,Crocs Getaway Strappy
Crocs,C209587-C5PS,C209587-C5PS-W8,2,79999.00,Crocs Getaway Strappy
Crocs,C209587-C5PS,C209587-C5PS-W9,0,79999.00,Crocs Getaway Strappy
Crocs,C209587-C5PS,C209587-C5PS-W10,0,79999.00,Crocs Getaway Strappy
Crocs,C209587-C5PS,C209587-C5PS-W11,0,79999.00,Crocs Getaway Strappy
Crocs,C209587-C001,C209587-C001-W5,0,79999.00,Crocs Getaway Strappy
Crocs,C209587-C001,C209587-C001-W6,1,79999.00,Crocs Getaway Strappy
Crocs,C209587-C001,C209587-C001-W7,8,79999.00,Crocs Getaway Strappy
Crocs,C209587-C001,C209587-C001-W8,0,79999.00,Crocs Getaway Strappy
Crocs,C209587-C001,C209587-C001-W9,0,79999.00,Crocs Getaway Strappy
Crocs,C209587-C001,C209587-C001-W10,2,79999.00,Crocs Getaway Strappy
Crocs,C212018-C001,C212018-C001-W5,0,79999.00,Crocs Getaway Triangle Flip
Crocs,C212018-C001,C212018-C001-W6,1,79999.00,Crocs Getaway Triangle Flip
Crocs,C212018-C001,C212018-C001-W7,3,79999.00,Crocs Getaway Triangle Flip
Crocs,C212018-C001,C212018-C001-W8,3,79999.00,Crocs Getaway Triangle Flip
Crocs,C212018-C001,C212018-C001-W9,2,79999.00,Crocs Getaway Triangle Flip
Crocs,C212018-C001,C212018-C001-W10,0,79999.00,Crocs Getaway Triangle Flip
Kappa,K2361Y2QW-KY07,K2361Y2QW-KY07-XS,1,72499.00,Bermuda De Salida Tigre
Kappa,K2361Y2QW-KY07,K2361Y2QW-KY07-S,3,72499.00,Bermuda De Salida Tigre
Kappa,K2361Y2QW-KY07,K2361Y2QW-KY07-M,5,72499.00,Bermuda De Salida Tigre
Kappa,K2361Y2QW-KY07,K2361Y2QW-KY07-L,5,72499.00,Bermuda De Salida Tigre
Kappa,K2361Y2QW-KY07,K2361Y2QW-KY07-XL,1,72499.00,Bermuda De Salida Tigre
Kappa,K2361Y2QW-KY07,K2361Y2QW-KY07-XXL,0,72499.00,Bermuda De Salida Tigre
Kappa,K2361Y2QW-KY07,K2361Y2QW-KY07-XXXL,0,72499.00,Bermuda De Salida Tigre
Kappa,K2322D7DW-KWX1Q,K2322D7DW-KWX1Q-XS,1,69999.00,Bermuda Kappa Mafio Aldosivi
Kappa,K2322D7DW-KWX1Q,K2322D7DW-KWX1Q-S,2,69999.00,Bermuda Kappa Mafio Aldosivi
Kappa,K2322D7DW-KWX1Q,K2322D7DW-KWX1Q-M,0,69999.00,Bermuda Kappa Mafio Aldosivi
Kappa,K2322D7DW-KWX1Q,K2322D7DW-KWX1Q-L,4,69999.00,Bermuda Kappa Mafio Aldosivi
Kappa,K2322D7DW-KWX1Q,K2322D7DW-KWX1Q-XL,0,69999.00,Bermuda Kappa Mafio Aldosivi
Kappa,K2322D7DW-KWX1Q,K2322D7DW-KWX1Q-XXL,1,69999.00,Bermuda Kappa Mafio Aldosivi
Kappa,K2322D7DW-KWX1Q,K2322D7DW-KWX1Q-XXXL,0,69999.00,Bermuda Kappa Mafio Aldosivi
Kappa,K2382M2BW-KAOPA,K2382M2BW-KAOPA-XS,6,69999.00,Bermuda Kappa Mafio San Martín
Kappa,K2382M2BW-KAOPA,K2382M2BW-KAOPA-S,12,69999.00,Bermuda Kappa Mafio San Martín
Kappa,K2382M2BW-KAOPA,K2382M2BW-KAOPA-M,22,69999.00,Bermuda Kappa Mafio San Martín
Kappa,K2382M2BW-KAOPA,K2382M2BW-KAOPA-L,22,69999.00,Bermuda Kappa Mafio San Martín
Kappa,K2382M2BW-KAOPA,K2382M2BW-KAOPA-XL,18,69999.00,Bermuda Kappa Mafio San Martín
Kappa,K2382M2BW-KAOPA,K2382M2BW-KAOPA-XXL,12,69999.00,Bermuda Kappa Mafio San Martín
Kappa,K2382M2BW-KAOPA,K2382M2BW-KAOPA-XXXL,9,69999.00,Bermuda Kappa Mafio San Martín
Kappa,K365117GW-K005,K365117GW-K005-Unico,4,45599.00,Billetera Kappa Schedar
Kappa,K235294EW-K000,K235294EW-K000-XS,2,46599.00,Body Kappa Authentic
Kappa,K235294EW-K000,K235294EW-K000-S,3,46599.00,Body Kappa Authentic
Kappa,K235294EW-K000,K235294EW-K000-M,5,46599.00,Body Kappa Authentic
Kappa,K235294EW-K000,K235294EW-K000-L,4,46599.00,Body Kappa Authentic
Kappa,K235294EW-K000,K235294EW-K000-XL,2,46599.00,Body Kappa Authentic
Kappa,K235294EW-K005,K235294EW-K005-XS,2,46599.00,Body Kappa Authentic
Kappa,K235294EW-K005,K235294EW-K005-S,4,46599.00,Body Kappa Authentic
Kappa,K235294EW-K005,K235294EW-K005-M,4,46599.00,Body Kappa Authentic
Kappa,K235294EW-K005,K235294EW-K005-L,4,46599.00,Body Kappa Authentic
Kappa,K235294EW-K005,K235294EW-K005-XL,3,46599.00,Body Kappa Authentic
Kappa,K3611168W-K490,K3611168W-K490-Unico,3,55899.00,Bolso Kappa Heather
Kappa,K365115EW-KPA05B,K365115EW-KPA05B-Unico,4,67299.00,Bolso Kappa Heather Stripes
Kappa,K365115EW-KPA09A,K365115EW-KPA09A-Unico,5,67299.00,Bolso Kappa Heather Stripes
Kappa,K367118GW-K231,K367118GW-K231-Unico,3,78699.00,Bolso Kappa Quebec
Kappa,K135213IW-KSA01,K135213IW-KSA01-38,0,69999.00,Botín Kombat Marsella IC
Kappa,K135213IW-KSA01,K135213IW-KSA01-39,0,69999.00,Botín Kombat Marsella IC
Kappa,K135213IW-KSA01,K135213IW-KSA01-40,1,69999.00,Botín Kombat Marsella IC
Kappa,K135213IW-KSA01,K135213IW-KSA01-41,4,69999.00,Botín Kombat Marsella IC
Kappa,K135213IW-KSA01,K135213IW-KSA01-42,6,69999.00,Botín Kombat Marsella IC
Kappa,K135213IW-KSA01,K135213IW-KSA01-43,6,69999.00,Botín Kombat Marsella IC
Kappa,K135213IW-KSA01,K135213IW-KSA01-44,3,69999.00,Botín Kombat Marsella IC
Kappa,K135213IW-KSA01,K135213IW-KSA01-45,2,69999.00,Botín Kombat Marsella IC
Kappa,K135213IW-KSA02,K135213IW-KSA02-38,0,69999.00,Botín Kombat Marsella IC
Kappa,K135213IW-KSA02,K135213IW-KSA02-39,0,69999.00,Botín Kombat Marsella IC
Kappa,K135213IW-KSA02,K135213IW-KSA02-40,4,69999.00,Botín Kombat Marsella IC
Kappa,K135213IW-KSA02,K135213IW-KSA02-41,7,69999.00,Botín Kombat Marsella IC
Kappa,K135213IW-KSA02,K135213IW-KSA02-42,4,69999.00,Botín Kombat Marsella IC
Kappa,K135213IW-KSA02,K135213IW-KSA02-43,7,69999.00,Botín Kombat Marsella IC
Kappa,K135213IW-KSA02,K135213IW-KSA02-44,4,69999.00,Botín Kombat Marsella IC
Kappa,K135213IW-KSA02,K135213IW-KSA02-45,2,69999.00,Botín Kombat Marsella IC
Kappa,K135213IW-KSA03,K135213IW-KSA03-38,0,69999.00,Botín Kombat Marsella IC
Kappa,K135213IW-KSA03,K135213IW-KSA03-39,2,69999.00,Botín Kombat Marsella IC
Kappa,K135213IW-KSA03,K135213IW-KSA03-40,4,69999.00,Botín Kombat Marsella IC
Kappa,K135213IW-KSA03,K135213IW-KSA03-41,6,69999.00,Botín Kombat Marsella IC
Kappa,K135213IW-KSA03,K135213IW-KSA03-42,4,69999.00,Botín Kombat Marsella IC
Kappa,K135213IW-KSA03,K135213IW-KSA03-43,7,69999.00,Botín Kombat Marsella IC
Kappa,K135213IW-KSA03,K135213IW-KSA03-44,1,69999.00,Botín Kombat Marsella IC
Kappa,K135213IW-KSA03,K135213IW-KSA03-45,0,69999.00,Botín Kombat Marsella IC
Kappa,K135213IW-KSA05,K135213IW-KSA05-38,0,69999.00,Botín Kombat Marsella IC
Kappa,K135213IW-KSA05,K135213IW-KSA05-39,1,69999.00,Botín Kombat Marsella IC
Kappa,K135213IW-KSA05,K135213IW-KSA05-40,4,69999.00,Botín Kombat Marsella IC
Kappa,K135213IW-KSA05,K135213IW-KSA05-41,6,69999.00,Botín Kombat Marsella IC
Kappa,K135213IW-KSA05,K135213IW-KSA05-42,7,69999.00,Botín Kombat Marsella IC
Kappa,K135213IW-KSA05,K135213IW-KSA05-43,7,69999.00,Botín Kombat Marsella IC
Kappa,K135213IW-KSA05,K135213IW-KSA05-44,4,69999.00,Botín Kombat Marsella IC
Kappa,K135213IW-KSA05,K135213IW-KSA05-45,1,69999.00,Botín Kombat Marsella IC
Kappa,K135213HW-KSA01,K135213HW-KSA01-38,0,69999.00,Botín Kombat Marsella TG
Kappa,K135213HW-KSA01,K135213HW-KSA01-39,0,69999.00,Botín Kombat Marsella TG
Kappa,K135213HW-KSA01,K135213HW-KSA01-40,3,69999.00,Botín Kombat Marsella TG
Kappa,K135213HW-KSA01,K135213HW-KSA01-41,7,69999.00,Botín Kombat Marsella TG
Kappa,K135213HW-KSA01,K135213HW-KSA01-42,8,69999.00,Botín Kombat Marsella TG
Kappa,K135213HW-KSA01,K135213HW-KSA01-43,9,69999.00,Botín Kombat Marsella TG
Kappa,K135213HW-KSA01,K135213HW-KSA01-44,6,69999.00,Botín Kombat Marsella TG
Kappa,K135213HW-KSA01,K135213HW-KSA01-45,3,69999.00,Botín Kombat Marsella TG
Kappa,K135213HW-KSA02,K135213HW-KSA02-38,0,69999.00,Botín Kombat Marsella TG
Kappa,K135213HW-KSA02,K135213HW-KSA02-39,0,69999.00,Botín Kombat Marsella TG
Kappa,K135213HW-KSA02,K135213HW-KSA02-40,2,69999.00,Botín Kombat Marsella TG
Kappa,K135213HW-KSA02,K135213HW-KSA02-41,1,69999.00,Botín Kombat Marsella TG
Kappa,K135213HW-KSA02,K135213HW-KSA02-42,5,69999.00,Botín Kombat Marsella TG
Kappa,K135213HW-KSA02,K135213HW-KSA02-43,5,69999.00,Botín Kombat Marsella TG
Kappa,K135213HW-KSA02,K135213HW-KSA02-44,3,69999.00,Botín Kombat Marsella TG
Kappa,K135213HW-KSA02,K135213HW-KSA02-45,2,69999.00,Botín Kombat Marsella TG
Kappa,K135213HW-KSA03,K135213HW-KSA03-38,0,69999.00,Botin Kombat Marsella TG
Kappa,K135213HW-KSA03,K135213HW-KSA03-39,0,69999.00,Botin Kombat Marsella TG
Kappa,K135213HW-KSA03,K135213HW-KSA03-40,0,69999.00,Botin Kombat Marsella TG
Kappa,K135213HW-KSA03,K135213HW-KSA03-41,6,69999.00,Botin Kombat Marsella TG
Kappa,K135213HW-KSA03,K135213HW-KSA03-42,9,69999.00,Botin Kombat Marsella TG
Kappa,K135213HW-KSA03,K135213HW-KSA03-43,7,69999.00,Botin Kombat Marsella TG
Kappa,K135213HW-KSA03,K135213HW-KSA03-44,6,69999.00,Botin Kombat Marsella TG
Kappa,K135213HW-KSA03,K135213HW-KSA03-45,2,69999.00,Botin Kombat Marsella TG
Kappa,K135213HW-KSA05,K135213HW-KSA05-38,0,69999.00,Botin Kombat Marsella TG
Kappa,K135213HW-KSA05,K135213HW-KSA05-39,0,69999.00,Botin Kombat Marsella TG
Kappa,K135213HW-KSA05,K135213HW-KSA05-40,6,69999.00,Botin Kombat Marsella TG
Kappa,K135213HW-KSA05,K135213HW-KSA05-41,5,69999.00,Botin Kombat Marsella TG
Kappa,K135213HW-KSA05,K135213HW-KSA05-42,10,69999.00,Botin Kombat Marsella TG
Kappa,K135213HW-KSA05,K135213HW-KSA05-43,5,69999.00,Botin Kombat Marsella TG
Kappa,K135213HW-KSA05,K135213HW-KSA05-44,1,69999.00,Botin Kombat Marsella TG
Kappa,K135213HW-KSA05,K135213HW-KSA05-45,2,69999.00,Botin Kombat Marsella TG
Kappa,K138263KW-K005,K138263KW-K005-38,2,95999.00,Botín Sorano TG
Kappa,K138263KW-K005,K138263KW-K005-39,2,95999.00,Botín Sorano TG
Kappa,K138263KW-K005,K138263KW-K005-40,0,95999.00,Botín Sorano TG
Kappa,K138263KW-K005,K138263KW-K005-41,3,95999.00,Botín Sorano TG
Kappa,K138263KW-K005,K138263KW-K005-42,0,95999.00,Botín Sorano TG
Kappa,K138263KW-K005,K138263KW-K005-43,6,95999.00,Botín Sorano TG
Kappa,K138263KW-K005,K138263KW-K005-44,0,95999.00,Botín Sorano TG
Kappa,K138263KW-K005,K138263KW-K005-45,0,95999.00,Botín Sorano TG
Kappa,K138263KW-K741,K138263KW-K741-38,0,95999.00,Botín Sorano TG
Kappa,K138263KW-K741,K138263KW-K741-39,3,95999.00,Botín Sorano TG
Kappa,K138263KW-K741,K138263KW-K741-40,16,95999.00,Botín Sorano TG
Kappa,K138263KW-K741,K138263KW-K741-41,10,95999.00,Botín Sorano TG
Kappa,K138263KW-K741,K138263KW-K741-42,12,95999.00,Botín Sorano TG
Kappa,K138263KW-K741,K138263KW-K741-43,15,95999.00,Botín Sorano TG
Kappa,K138263KW-K741,K138263KW-K741-44,9,95999.00,Botín Sorano TG
Kappa,K138263KW-K741,K138263KW-K741-45,3,95999.00,Botín Sorano TG
Kappa,K138263KW-KALE,K138263KW-KALE-38,0,95999.00,Botin Sorano TG
Kappa,K138263KW-KALE,K138263KW-KALE-39,2,95999.00,Botin Sorano TG
Kappa,K138263KW-KALE,K138263KW-KALE-40,8,95999.00,Botin Sorano TG
Kappa,K138263KW-KALE,K138263KW-KALE-41,7,95999.00,Botin Sorano TG
Kappa,K138263KW-KALE,K138263KW-KALE-42,10,95999.00,Botin Sorano TG
Kappa,K138263KW-KALE,K138263KW-KALE-43,14,95999.00,Botin Sorano TG
Kappa,K138263KW-KALE,K138263KW-KALE-44,7,95999.00,Botin Sorano TG
Kappa,K138263KW-KALE,K138263KW-KALE-45,2,95999.00,Botin Sorano TG
Kappa,K138263PW-KA0Z,K138263PW-KA0Z-38,0,95999.00,Botín Venzone FG
Kappa,K138263PW-KA0Z,K138263PW-KA0Z-39,0,95999.00,Botín Venzone FG
Kappa,K138263PW-KA0Z,K138263PW-KA0Z-40,0,95999.00,Botín Venzone FG
Kappa,K138263PW-KA0Z,K138263PW-KA0Z-41,0,95999.00,Botín Venzone FG
Kappa,K138263PW-KA0Z,K138263PW-KA0Z-42,3,95999.00,Botín Venzone FG
Kappa,K138263PW-KA0Z,K138263PW-KA0Z-43,3,95999.00,Botín Venzone FG
Kappa,K138263PW-KA0Z,K138263PW-KA0Z-44,3,95999.00,Botín Venzone FG
Kappa,K138263PW-KA0Z,K138263PW-KA0Z-45,2,95999.00,Botín Venzone FG
Kappa,K1311K8FW-K903Z,K1311K8FW-K903Z-34,0,64999.00,Botines Imola IC
Kappa,K1311K8FW-K903Z,K1311K8FW-K903Z-35,1,64999.00,Botines Imola IC
Kappa,K1311K8FW-K903Z,K1311K8FW-K903Z-36,2,64999.00,Botines Imola IC
Kappa,K1311K8FW-K903Z,K1311K8FW-K903Z-37,1,64999.00,Botines Imola IC
Kappa,K1311K8FW-K903Z,K1311K8FW-K903Z-38,7,64999.00,Botines Imola IC
Kappa,K1311K8FW-K903Z,K1311K8FW-K903Z-39,8,64999.00,Botines Imola IC
Kappa,K1311K8FW-K903Z,K1311K8FW-K903Z-40,9,64999.00,Botines Imola IC
Kappa,K1311K8FW-K903Z,K1311K8FW-K903Z-41,10,64999.00,Botines Imola IC
Kappa,K1311K8FW-K903Z,K1311K8FW-K903Z-42,12,64999.00,Botines Imola IC
Kappa,K1311K8FW-K903Z,K1311K8FW-K903Z-43,8,64999.00,Botines Imola IC
Kappa,K1311K8FW-K903Z,K1311K8FW-K903Z-44,4,64999.00,Botines Imola IC
Kappa,K1311K8FW-K903Z,K1311K8FW-K903Z-45,1,64999.00,Botines Imola IC
Kappa,K1311K8FW-KA68,K1311K8FW-KA68-34,0,64999.00,Botines Imola IC
Kappa,K1311K8FW-KA68,K1311K8FW-KA68-35,0,64999.00,Botines Imola IC
Kappa,K1311K8FW-KA68,K1311K8FW-KA68-36,0,64999.00,Botines Imola IC
Kappa,K1311K8FW-KA68,K1311K8FW-KA68-37,0,64999.00,Botines Imola IC
Kappa,K1311K8FW-KA68,K1311K8FW-KA68-38,0,64999.00,Botines Imola IC
Kappa,K1311K8FW-KA68,K1311K8FW-KA68-39,2,64999.00,Botines Imola IC
Kappa,K1311K8FW-KA68,K1311K8FW-KA68-40,11,64999.00,Botines Imola IC
Kappa,K1311K8FW-KA68,K1311K8FW-KA68-41,11,64999.00,Botines Imola IC
Kappa,K1311K8FW-KA68,K1311K8FW-KA68-42,10,64999.00,Botines Imola IC
Kappa,K1311K8FW-KA68,K1311K8FW-KA68-43,3,64999.00,Botines Imola IC
Kappa,K1311K8FW-KA68,K1311K8FW-KA68-44,0,64999.00,Botines Imola IC
Kappa,K1311K8FW-KA68,K1311K8FW-KA68-45,0,64999.00,Botines Imola IC
Kappa,K1311K8FW-KC20,K1311K8FW-KC20-35,0,64999.00,Botines Imola IC
Kappa,K1311K8FW-KC20,K1311K8FW-KC20-36,1,64999.00,Botines Imola IC
Kappa,K1311K8FW-KC20,K1311K8FW-KC20-37,1,64999.00,Botines Imola IC
Kappa,K1311K8FW-KC20,K1311K8FW-KC20-38,0,64999.00,Botines Imola IC
Kappa,K1311K8FW-KC20,K1311K8FW-KC20-39,8,64999.00,Botines Imola IC
Kappa,K1311K8FW-KC20,K1311K8FW-KC20-40,13,64999.00,Botines Imola IC
Kappa,K1311K8FW-KC20,K1311K8FW-KC20-41,13,64999.00,Botines Imola IC
Kappa,K1311K8FW-KC20,K1311K8FW-KC20-42,14,64999.00,Botines Imola IC
Kappa,K1311K8FW-KC20,K1311K8FW-KC20-43,9,64999.00,Botines Imola IC
Kappa,K1311K8FW-KC20,K1311K8FW-KC20-44,0,64999.00,Botines Imola IC
Kappa,K1311K8FW-KC20,K1311K8FW-KC20-45,2,64999.00,Botines Imola IC
Kappa,K1311K26W-K903Z,K1311K26W-K903Z-34,0,64999.00,Botines Imola Tg
Kappa,K1311K26W-K903Z,K1311K26W-K903Z-35,1,64999.00,Botines Imola Tg
Kappa,K1311K26W-K903Z,K1311K26W-K903Z-36,2,64999.00,Botines Imola Tg
Kappa,K1311K26W-K903Z,K1311K26W-K903Z-37,3,64999.00,Botines Imola Tg
Kappa,K1311K26W-K903Z,K1311K26W-K903Z-38,3,64999.00,Botines Imola Tg
Kappa,K1311K26W-K903Z,K1311K26W-K903Z-39,2,64999.00,Botines Imola Tg
Kappa,K1311K26W-K903Z,K1311K26W-K903Z-40,1,64999.00,Botines Imola Tg
Kappa,K1311K26W-K903Z,K1311K26W-K903Z-41,0,64999.00,Botines Imola Tg
Kappa,K1311K26W-K903Z,K1311K26W-K903Z-42,3,64999.00,Botines Imola Tg
Kappa,K1311K26W-K903Z,K1311K26W-K903Z-43,3,64999.00,Botines Imola Tg
Kappa,K1311K26W-K903Z,K1311K26W-K903Z-44,3,64999.00,Botines Imola Tg
Kappa,K1311K26W-K903Z,K1311K26W-K903Z-45,0,64999.00,Botines Imola Tg
Kappa,K1311K26W-KC20,K1311K26W-KC20-34,0,64999.00,Botines Imola Tg
Kappa,K1311K26W-KC20,K1311K26W-KC20-35,1,64999.00,Botines Imola Tg
Kappa,K1311K26W-KC20,K1311K26W-KC20-36,2,64999.00,Botines Imola Tg
Kappa,K1311K26W-KC20,K1311K26W-KC20-37,3,64999.00,Botines Imola Tg
Kappa,K1311K26W-KC20,K1311K26W-KC20-38,2,64999.00,Botines Imola Tg
Kappa,K1311K26W-KC20,K1311K26W-KC20-39,2,64999.00,Botines Imola Tg
Kappa,K1311K26W-KC20,K1311K26W-KC20-40,2,64999.00,Botines Imola Tg
Kappa,K1311K26W-KC20,K1311K26W-KC20-41,2,64999.00,Botines Imola Tg
Kappa,K1311K26W-KC20,K1311K26W-KC20-42,3,64999.00,Botines Imola Tg
Kappa,K1311K26W-KC20,K1311K26W-KC20-43,6,64999.00,Botines Imola Tg
Kappa,K1311K26W-KC20,K1311K26W-KC20-44,6,64999.00,Botines Imola Tg
Kappa,K1311K26W-KC20,K1311K26W-KC20-45,2,64999.00,Botines Imola Tg
Kappa,K1321J4MW-K821B,K1321J4MW-K821B-35,1,64999.00,Botines Invictus FG
Kappa,K1321J4MW-K821B,K1321J4MW-K821B-36,2,64999.00,Botines Invictus FG
Kappa,K1321J4MW-K821B,K1321J4MW-K821B-37,5,64999.00,Botines Invictus FG
Kappa,K1321J4MW-K821B,K1321J4MW-K821B-38,3,64999.00,Botines Invictus FG
Kappa,K1321J4MW-K821B,K1321J4MW-K821B-39,4,64999.00,Botines Invictus FG
Kappa,K1321J4MW-K821B,K1321J4MW-K821B-40,0,64999.00,Botines Invictus FG
Kappa,K1321J4MW-K821B,K1321J4MW-K821B-41,0,64999.00,Botines Invictus FG
Kappa,K1321J4MW-K821B,K1321J4MW-K821B-42,2,64999.00,Botines Invictus FG
Kappa,K1321J4MW-K821B,K1321J4MW-K821B-43,0,64999.00,Botines Invictus FG
Kappa,K1321J4MW-K821B,K1321J4MW-K821B-44,0,64999.00,Botines Invictus FG
Kappa,K1321J4MW-K821B,K1321J4MW-K821B-45,0,64999.00,Botines Invictus FG
Kappa,K1321J4MW-K821B,K1321J4MW-K821B-46,0,64999.00,Botines Invictus FG
Kappa,K1321J4MW-K979,K1321J4MW-K979-35,0,64999.00,Botines Invictus FG
Kappa,K1321J4MW-K979,K1321J4MW-K979-36,0,64999.00,Botines Invictus FG
Kappa,K1321J4MW-K979,K1321J4MW-K979-37,0,64999.00,Botines Invictus FG
Kappa,K1321J4MW-K979,K1321J4MW-K979-38,0,64999.00,Botines Invictus FG
Kappa,K1321J4MW-K979,K1321J4MW-K979-39,0,64999.00,Botines Invictus FG
Kappa,K1321J4MW-K979,K1321J4MW-K979-40,1,64999.00,Botines Invictus FG
Kappa,K1321J4MW-K979,K1321J4MW-K979-41,3,64999.00,Botines Invictus FG
Kappa,K1321J4MW-K979,K1321J4MW-K979-42,2,64999.00,Botines Invictus FG
Kappa,K1321J4MW-K979,K1321J4MW-K979-43,5,64999.00,Botines Invictus FG
Kappa,K1321J4MW-K979,K1321J4MW-K979-44,3,64999.00,Botines Invictus FG
Kappa,K1321J4MW-K979,K1321J4MW-K979-45,0,64999.00,Botines Invictus FG
Kappa,K1321J4MW-K979,K1321J4MW-K979-46,0,64999.00,Botines Invictus FG
Kappa,K1321J4MW-K900V,K1321J4MW-K900V-35,0,64999.00,Botines Invictus FG
Kappa,K1321J4MW-K900V,K1321J4MW-K900V-36,1,64999.00,Botines Invictus FG
Kappa,K1321J4MW-K900V,K1321J4MW-K900V-37,0,64999.00,Botines Invictus FG
Kappa,K1321J4MW-K900V,K1321J4MW-K900V-38,1,64999.00,Botines Invictus FG
Kappa,K1321J4MW-K900V,K1321J4MW-K900V-39,2,64999.00,Botines Invictus FG
Kappa,K1321J4MW-K900V,K1321J4MW-K900V-40,2,64999.00,Botines Invictus FG
Kappa,K1321J4MW-K900V,K1321J4MW-K900V-41,1,64999.00,Botines Invictus FG
Kappa,K1321J4MW-K900V,K1321J4MW-K900V-42,2,64999.00,Botines Invictus FG
Kappa,K1321J4MW-K900V,K1321J4MW-K900V-43,2,64999.00,Botines Invictus FG
Kappa,K1321J4MW-K900V,K1321J4MW-K900V-44,2,64999.00,Botines Invictus FG
Kappa,K1321J4MW-K900V,K1321J4MW-K900V-45,1,64999.00,Botines Invictus FG
Kappa,K1321J4MW-K900V,K1321J4MW-K900V-46,0,64999.00,Botines Invictus FG
Kappa,K1341J8BW-K979,K1341J8BW-K979-38,2,64999.00,Botines Invictus IC
Kappa,K1341J8BW-K979,K1341J8BW-K979-39,0,64999.00,Botines Invictus IC
Kappa,K1341J8BW-K979,K1341J8BW-K979-40,0,64999.00,Botines Invictus IC
Kappa,K1341J8BW-K979,K1341J8BW-K979-41,0,64999.00,Botines Invictus IC
Kappa,K1341J8BW-K979,K1341J8BW-K979-42,0,64999.00,Botines Invictus IC
Kappa,K1341J8BW-K979,K1341J8BW-K979-43,0,64999.00,Botines Invictus IC
Kappa,K1341J8BW-K979,K1341J8BW-K979-44,0,64999.00,Botines Invictus IC
Kappa,K1341J8BW-K979,K1341J8BW-K979-45,0,64999.00,Botines Invictus IC
Kappa,K1341J8BW-K979,K1341J8BW-K979-46,0,64999.00,Botines Invictus IC
Kappa,K1341J8BW-K979,K1341J8BW-K979-35,0,64999.00,Botines Invictus IC
Kappa,K1341J8BW-K979,K1341J8BW-K979-36,1,64999.00,Botines Invictus IC
Kappa,K1341J8BW-K979,K1341J8BW-K979-37,5,64999.00,Botines Invictus IC
Kappa,K1341J8BW-K900V,K1341J8BW-K900V-38,2,64999.00,Botines Invictus IC
Kappa,K1341J8BW-K900V,K1341J8BW-K900V-39,1,64999.00,Botines Invictus IC
Kappa,K1341J8BW-K900V,K1341J8BW-K900V-40,0,64999.00,Botines Invictus IC
Kappa,K1341J8BW-K900V,K1341J8BW-K900V-41,1,64999.00,Botines Invictus IC
Kappa,K1341J8BW-K900V,K1341J8BW-K900V-42,4,64999.00,Botines Invictus IC
Kappa,K1341J8BW-K900V,K1341J8BW-K900V-43,2,64999.00,Botines Invictus IC
Kappa,K1341J8BW-K900V,K1341J8BW-K900V-44,1,64999.00,Botines Invictus IC
Kappa,K1341J8BW-K900V,K1341J8BW-K900V-45,0,64999.00,Botines Invictus IC
Kappa,K1341J8BW-K900V,K1341J8BW-K900V-46,0,64999.00,Botines Invictus IC
Kappa,K1341J8BW-K900V,K1341J8BW-K900V-35,0,64999.00,Botines Invictus IC
Kappa,K1341J8BW-K900V,K1341J8BW-K900V-36,4,64999.00,Botines Invictus IC
Kappa,K1341J8BW-K900V,K1341J8BW-K900V-37,6,64999.00,Botines Invictus IC
Kappa,K1371K4IW-K900V,K1371K4IW-K900V-35,0,64999.00,Botines Invictus TG
Kappa,K1371K4IW-K900V,K1371K4IW-K900V-36,2,64999.00,Botines Invictus TG
Kappa,K1371K4IW-K900V,K1371K4IW-K900V-37,2,64999.00,Botines Invictus TG
Kappa,K1371K4IW-K900V,K1371K4IW-K900V-38,2,64999.00,Botines Invictus TG
Kappa,K1371K4IW-K900V,K1371K4IW-K900V-39,1,64999.00,Botines Invictus TG
Kappa,K1371K4IW-K900V,K1371K4IW-K900V-40,1,64999.00,Botines Invictus TG
Kappa,K1371K4IW-K900V,K1371K4IW-K900V-41,0,64999.00,Botines Invictus TG
Kappa,K1371K4IW-K900V,K1371K4IW-K900V-42,0,64999.00,Botines Invictus TG
Kappa,K1371K4IW-K900V,K1371K4IW-K900V-43,0,64999.00,Botines Invictus TG
Kappa,K1371K4IW-K900V,K1371K4IW-K900V-44,0,64999.00,Botines Invictus TG
Kappa,K1371K4IW-K900V,K1371K4IW-K900V-45,0,64999.00,Botines Invictus TG
Kappa,K1371K4IW-K900V,K1371K4IW-K900V-46,0,64999.00,Botines Invictus TG
Kappa,K1311J6KW-K903Z,K1311J6KW-K903Z-34,0,64999.00,Botines Kappa Imola FG
Kappa,K1311J6KW-K903Z,K1311J6KW-K903Z-35,0,64999.00,Botines Kappa Imola FG
Kappa,K1311J6KW-K903Z,K1311J6KW-K903Z-36,0,64999.00,Botines Kappa Imola FG
Kappa,K1311J6KW-K903Z,K1311J6KW-K903Z-37,2,64999.00,Botines Kappa Imola FG
Kappa,K1311J6KW-K903Z,K1311J6KW-K903Z-38,1,64999.00,Botines Kappa Imola FG
Kappa,K1311J6KW-K903Z,K1311J6KW-K903Z-39,7,64999.00,Botines Kappa Imola FG
Kappa,K1311J6KW-K903Z,K1311J6KW-K903Z-40,11,64999.00,Botines Kappa Imola FG
Kappa,K1311J6KW-K903Z,K1311J6KW-K903Z-41,14,64999.00,Botines Kappa Imola FG
Kappa,K1311J6KW-K903Z,K1311J6KW-K903Z-42,18,64999.00,Botines Kappa Imola FG
Kappa,K1311J6KW-K903Z,K1311J6KW-K903Z-43,14,64999.00,Botines Kappa Imola FG
Kappa,K1311J6KW-K903Z,K1311J6KW-K903Z-44,7,64999.00,Botines Kappa Imola FG
Kappa,K1311J6KW-K903Z,K1311J6KW-K903Z-45,4,64999.00,Botines Kappa Imola FG
Kappa,K1311J6KW-KA68,K1311J6KW-KA68-34,0,64999.00,Botines Kappa Imola FG
Kappa,K1311J6KW-KA68,K1311J6KW-KA68-35,0,64999.00,Botines Kappa Imola FG
Kappa,K1311J6KW-KA68,K1311J6KW-KA68-36,0,64999.00,Botines Kappa Imola FG
Kappa,K1311J6KW-KA68,K1311J6KW-KA68-37,0,64999.00,Botines Kappa Imola FG
Kappa,K1311J6KW-KA68,K1311J6KW-KA68-38,0,64999.00,Botines Kappa Imola FG
Kappa,K1311J6KW-KA68,K1311J6KW-KA68-39,3,64999.00,Botines Kappa Imola FG
Kappa,K1311J6KW-KA68,K1311J6KW-KA68-40,4,64999.00,Botines Kappa Imola FG
Kappa,K1311J6KW-KA68,K1311J6KW-KA68-41,4,64999.00,Botines Kappa Imola FG
Kappa,K1311J6KW-KA68,K1311J6KW-KA68-42,4,64999.00,Botines Kappa Imola FG
Kappa,K1311J6KW-KA68,K1311J6KW-KA68-43,1,64999.00,Botines Kappa Imola FG
Kappa,K1311J6KW-KA68,K1311J6KW-KA68-44,0,64999.00,Botines Kappa Imola FG
Kappa,K1311J6KW-KA68,K1311J6KW-KA68-45,0,64999.00,Botines Kappa Imola FG
Kappa,K1311J6KW-KC20,K1311J6KW-KC20-34,0,64999.00,Botines Kappa Imola FG
Kappa,K1311J6KW-KC20,K1311J6KW-KC20-35,0,64999.00,Botines Kappa Imola FG
Kappa,K1311J6KW-KC20,K1311J6KW-KC20-36,0,64999.00,Botines Kappa Imola FG
Kappa,K1311J6KW-KC20,K1311J6KW-KC20-37,0,64999.00,Botines Kappa Imola FG
Kappa,K1311J6KW-KC20,K1311J6KW-KC20-38,0,64999.00,Botines Kappa Imola FG
Kappa,K1311J6KW-KC20,K1311J6KW-KC20-39,4,64999.00,Botines Kappa Imola FG
Kappa,K1311J6KW-KC20,K1311J6KW-KC20-40,11,64999.00,Botines Kappa Imola FG
Kappa,K1311J6KW-KC20,K1311J6KW-KC20-41,15,64999.00,Botines Kappa Imola FG
Kappa,K1311J6KW-KC20,K1311J6KW-KC20-42,16,64999.00,Botines Kappa Imola FG
Kappa,K1311J6KW-KC20,K1311J6KW-KC20-43,12,64999.00,Botines Kappa Imola FG
Kappa,K1311J6KW-KC20,K1311J6KW-KC20-44,6,64999.00,Botines Kappa Imola FG
Kappa,K1311J6KW-KC20,K1311J6KW-KC20-45,3,64999.00,Botines Kappa Imola FG
Kappa,K535213JW-KSA01,K535213JW-KSA01-27,2,69999.00,Botines Kappa Kombat Marsella FG Kids
Kappa,K535213JW-KSA01,K535213JW-KSA01-28,2,69999.00,Botines Kappa Kombat Marsella FG Kids
Kappa,K535213JW-KSA01,K535213JW-KSA01-29,2,69999.00,Botines Kappa Kombat Marsella FG Kids
Kappa,K535213JW-KSA01,K535213JW-KSA01-30,2,69999.00,Botines Kappa Kombat Marsella FG Kids
Kappa,K535213JW-KSA01,K535213JW-KSA01-31,2,69999.00,Botines Kappa Kombat Marsella FG Kids
Kappa,K535213JW-KSA01,K535213JW-KSA01-32,2,69999.00,Botines Kappa Kombat Marsella FG Kids
Kappa,K535213JW-KSA01,K535213JW-KSA01-33,1,69999.00,Botines Kappa Kombat Marsella FG Kids
Kappa,K535213JW-KSA01,K535213JW-KSA01-34,2,69999.00,Botines Kappa Kombat Marsella FG Kids
Kappa,K535213JW-KSA01,K535213JW-KSA01-35,2,69999.00,Botines Kappa Kombat Marsella FG Kids
Kappa,K535213JW-KSA01,K535213JW-KSA01-36,3,69999.00,Botines Kappa Kombat Marsella FG Kids
Kappa,K535213JW-KSA01,K535213JW-KSA01-37,2,69999.00,Botines Kappa Kombat Marsella FG Kids
Kappa,K535213JW-KSA02,K535213JW-KSA02-27,2,69999.00,Botines Kappa Kombat Marsella FG Kids
Kappa,K535213JW-KSA02,K535213JW-KSA02-28,2,69999.00,Botines Kappa Kombat Marsella FG Kids
Kappa,K535213JW-KSA02,K535213JW-KSA02-29,2,69999.00,Botines Kappa Kombat Marsella FG Kids
Kappa,K535213JW-KSA02,K535213JW-KSA02-30,2,69999.00,Botines Kappa Kombat Marsella FG Kids
Kappa,K535213JW-KSA02,K535213JW-KSA02-31,0,69999.00,Botines Kappa Kombat Marsella FG Kids
Kappa,K535213JW-KSA02,K535213JW-KSA02-32,2,69999.00,Botines Kappa Kombat Marsella FG Kids
Kappa,K535213JW-KSA02,K535213JW-KSA02-33,2,69999.00,Botines Kappa Kombat Marsella FG Kids
Kappa,K535213JW-KSA02,K535213JW-KSA02-34,1,69999.00,Botines Kappa Kombat Marsella FG Kids
Kappa,K535213JW-KSA02,K535213JW-KSA02-35,2,69999.00,Botines Kappa Kombat Marsella FG Kids
Kappa,K535213JW-KSA02,K535213JW-KSA02-36,3,69999.00,Botines Kappa Kombat Marsella FG Kids
Kappa,K535213JW-KSA02,K535213JW-KSA02-37,3,69999.00,Botines Kappa Kombat Marsella FG Kids
Kappa,K535213JW-KSA03,K535213JW-KSA03-27,2,69999.00,Botines Kappa Kombat Marsella FG Kids
Kappa,K535213JW-KSA03,K535213JW-KSA03-28,2,69999.00,Botines Kappa Kombat Marsella FG Kids
Kappa,K535213JW-KSA03,K535213JW-KSA03-29,2,69999.00,Botines Kappa Kombat Marsella FG Kids
Kappa,K535213JW-KSA03,K535213JW-KSA03-30,2,69999.00,Botines Kappa Kombat Marsella FG Kids
Kappa,K535213JW-KSA03,K535213JW-KSA03-31,2,69999.00,Botines Kappa Kombat Marsella FG Kids
Kappa,K535213JW-KSA03,K535213JW-KSA03-32,2,69999.00,Botines Kappa Kombat Marsella FG Kids
Kappa,K535213JW-KSA03,K535213JW-KSA03-33,2,69999.00,Botines Kappa Kombat Marsella FG Kids
Kappa,K535213JW-KSA03,K535213JW-KSA03-34,2,69999.00,Botines Kappa Kombat Marsella FG Kids
Kappa,K535213JW-KSA03,K535213JW-KSA03-35,1,69999.00,Botines Kappa Kombat Marsella FG Kids
Kappa,K535213JW-KSA03,K535213JW-KSA03-36,3,69999.00,Botines Kappa Kombat Marsella FG Kids
Kappa,K535213JW-KSA03,K535213JW-KSA03-37,2,69999.00,Botines Kappa Kombat Marsella FG Kids
Kappa,K535213JW-KSA05,K535213JW-KSA05-27,2,69999.00,Botines Kappa Kombat Marsella FG Kids
Kappa,K535213JW-KSA05,K535213JW-KSA05-28,2,69999.00,Botines Kappa Kombat Marsella FG Kids
Kappa,K535213JW-KSA05,K535213JW-KSA05-29,2,69999.00,Botines Kappa Kombat Marsella FG Kids
Kappa,K535213JW-KSA05,K535213JW-KSA05-30,2,69999.00,Botines Kappa Kombat Marsella FG Kids
Kappa,K535213JW-KSA05,K535213JW-KSA05-31,2,69999.00,Botines Kappa Kombat Marsella FG Kids
Kappa,K535213JW-KSA05,K535213JW-KSA05-32,2,69999.00,Botines Kappa Kombat Marsella FG Kids
Kappa,K535213JW-KSA05,K535213JW-KSA05-33,2,69999.00,Botines Kappa Kombat Marsella FG Kids
Kappa,K535213JW-KSA05,K535213JW-KSA05-34,1,69999.00,Botines Kappa Kombat Marsella FG Kids
Kappa,K535213JW-KSA05,K535213JW-KSA05-35,0,69999.00,Botines Kappa Kombat Marsella FG Kids
Kappa,K535213JW-KSA05,K535213JW-KSA05-36,2,69999.00,Botines Kappa Kombat Marsella FG Kids
Kappa,K535213JW-KSA05,K535213JW-KSA05-37,2,69999.00,Botines Kappa Kombat Marsella FG Kids
Kappa,K535213KW-KSA02,K535213KW-KSA02-27,4,60099.00,Botines Kappa Kombat Marsella IC Kids
Kappa,K535213KW-KSA02,K535213KW-KSA02-28,5,60099.00,Botines Kappa Kombat Marsella IC Kids
Kappa,K535213KW-KSA02,K535213KW-KSA02-29,4,60099.00,Botines Kappa Kombat Marsella IC Kids
Kappa,K535213KW-KSA02,K535213KW-KSA02-30,4,60099.00,Botines Kappa Kombat Marsella IC Kids
Kappa,K535213KW-KSA02,K535213KW-KSA02-31,4,60099.00,Botines Kappa Kombat Marsella IC Kids
Kappa,K535213KW-KSA02,K535213KW-KSA02-32,4,60099.00,Botines Kappa Kombat Marsella IC Kids
Kappa,K535213KW-KSA02,K535213KW-KSA02-33,2,60099.00,Botines Kappa Kombat Marsella IC Kids
Kappa,K535213KW-KSA02,K535213KW-KSA02-34,2,60099.00,Botines Kappa Kombat Marsella IC Kids
Kappa,K535213KW-KSA02,K535213KW-KSA02-35,0,60099.00,Botines Kappa Kombat Marsella IC Kids
Kappa,K535213KW-KSA02,K535213KW-KSA02-36,3,60099.00,Botines Kappa Kombat Marsella IC Kids
Kappa,K535213KW-KSA02,K535213KW-KSA02-37,3,60099.00,Botines Kappa Kombat Marsella IC Kids
Kappa,K535213KW-KSA03,K535213KW-KSA03-27,2,60099.00,Botines Kappa Kombat Marsella IC Kids
Kappa,K535213KW-KSA03,K535213KW-KSA03-28,2,60099.00,Botines Kappa Kombat Marsella IC Kids
Kappa,K535213KW-KSA03,K535213KW-KSA03-29,2,60099.00,Botines Kappa Kombat Marsella IC Kids
Kappa,K535213KW-KSA03,K535213KW-KSA03-30,2,60099.00,Botines Kappa Kombat Marsella IC Kids
Kappa,K535213KW-KSA03,K535213KW-KSA03-31,2,60099.00,Botines Kappa Kombat Marsella IC Kids
Kappa,K535213KW-KSA03,K535213KW-KSA03-32,2,60099.00,Botines Kappa Kombat Marsella IC Kids
Kappa,K535213KW-KSA03,K535213KW-KSA03-33,2,60099.00,Botines Kappa Kombat Marsella IC Kids
Kappa,K535213KW-KSA03,K535213KW-KSA03-34,2,60099.00,Botines Kappa Kombat Marsella IC Kids
Kappa,K535213KW-KSA03,K535213KW-KSA03-35,2,60099.00,Botines Kappa Kombat Marsella IC Kids
Kappa,K535213KW-KSA03,K535213KW-KSA03-36,2,60099.00,Botines Kappa Kombat Marsella IC Kids
Kappa,K535213KW-KSA03,K535213KW-KSA03-37,2,60099.00,Botines Kappa Kombat Marsella IC Kids
Kappa,K535213KW-KSA05,K535213KW-KSA05-27,2,60099.00,Botines Kappa Kombat Marsella IC Kids
Kappa,K535213KW-KSA05,K535213KW-KSA05-28,2,60099.00,Botines Kappa Kombat Marsella IC Kids
Kappa,K535213KW-KSA05,K535213KW-KSA05-29,2,60099.00,Botines Kappa Kombat Marsella IC Kids
Kappa,K535213KW-KSA05,K535213KW-KSA05-30,2,60099.00,Botines Kappa Kombat Marsella IC Kids
Kappa,K535213KW-KSA05,K535213KW-KSA05-31,2,60099.00,Botines Kappa Kombat Marsella IC Kids
Kappa,K535213KW-KSA05,K535213KW-KSA05-32,2,60099.00,Botines Kappa Kombat Marsella IC Kids
Kappa,K535213KW-KSA05,K535213KW-KSA05-33,2,60099.00,Botines Kappa Kombat Marsella IC Kids
Kappa,K535213KW-KSA05,K535213KW-KSA05-34,1,60099.00,Botines Kappa Kombat Marsella IC Kids
Kappa,K535213KW-KSA05,K535213KW-KSA05-35,2,60099.00,Botines Kappa Kombat Marsella IC Kids
Kappa,K535213KW-KSA05,K535213KW-KSA05-36,3,60099.00,Botines Kappa Kombat Marsella IC Kids
Kappa,K535213KW-KSA05,K535213KW-KSA05-37,3,60099.00,Botines Kappa Kombat Marsella IC Kids
Kappa,K535213LW-KSA01,K535213LW-KSA01-27,2,69999.00,Botines Kappa Kombat Marsella IC Kids
Kappa,K535213LW-KSA01,K535213LW-KSA01-28,2,69999.00,Botines Kappa Kombat Marsella IC Kids
Kappa,K535213LW-KSA01,K535213LW-KSA01-29,2,69999.00,Botines Kappa Kombat Marsella IC Kids
Kappa,K535213LW-KSA01,K535213LW-KSA01-30,1,69999.00,Botines Kappa Kombat Marsella IC Kids
Kappa,K535213LW-KSA01,K535213LW-KSA01-31,2,69999.00,Botines Kappa Kombat Marsella IC Kids
Kappa,K535213LW-KSA01,K535213LW-KSA01-32,2,69999.00,Botines Kappa Kombat Marsella IC Kids
Kappa,K535213LW-KSA01,K535213LW-KSA01-33,2,69999.00,Botines Kappa Kombat Marsella IC Kids
Kappa,K535213LW-KSA01,K535213LW-KSA01-34,2,69999.00,Botines Kappa Kombat Marsella IC Kids
Kappa,K535213LW-KSA01,K535213LW-KSA01-35,2,69999.00,Botines Kappa Kombat Marsella IC Kids
Kappa,K535213LW-KSA01,K535213LW-KSA01-36,3,69999.00,Botines Kappa Kombat Marsella IC Kids
Kappa,K535213LW-KSA01,K535213LW-KSA01-37,3,69999.00,Botines Kappa Kombat Marsella IC Kids
Kappa,K535213LW-KSA02,K535213LW-KSA02-27,2,69999.00,Botines Kappa Kombat Marsella IC Kids
Kappa,K535213LW-KSA02,K535213LW-KSA02-28,1,69999.00,Botines Kappa Kombat Marsella IC Kids
Kappa,K535213LW-KSA02,K535213LW-KSA02-29,2,69999.00,Botines Kappa Kombat Marsella IC Kids
Kappa,K535213LW-KSA02,K535213LW-KSA02-30,2,69999.00,Botines Kappa Kombat Marsella IC Kids
Kappa,K535213LW-KSA02,K535213LW-KSA02-31,2,69999.00,Botines Kappa Kombat Marsella IC Kids
Kappa,K535213LW-KSA02,K535213LW-KSA02-32,2,69999.00,Botines Kappa Kombat Marsella IC Kids
Kappa,K535213LW-KSA02,K535213LW-KSA02-33,2,69999.00,Botines Kappa Kombat Marsella IC Kids
Kappa,K535213LW-KSA02,K535213LW-KSA02-34,2,69999.00,Botines Kappa Kombat Marsella IC Kids
Kappa,K535213LW-KSA02,K535213LW-KSA02-35,1,69999.00,Botines Kappa Kombat Marsella IC Kids
Kappa,K535213LW-KSA02,K535213LW-KSA02-36,2,69999.00,Botines Kappa Kombat Marsella IC Kids
Kappa,K535213LW-KSA02,K535213LW-KSA02-37,2,69999.00,Botines Kappa Kombat Marsella IC Kids
Kappa,K535213LW-KSA03,K535213LW-KSA03-27,2,69999.00,Botines Kappa Kombat Marsella IC Kids
Kappa,K535213LW-KSA03,K535213LW-KSA03-28,2,69999.00,Botines Kappa Kombat Marsella IC Kids
Kappa,K535213LW-KSA03,K535213LW-KSA03-29,2,69999.00,Botines Kappa Kombat Marsella IC Kids
Kappa,K535213LW-KSA03,K535213LW-KSA03-30,2,69999.00,Botines Kappa Kombat Marsella IC Kids
Kappa,K535213LW-KSA03,K535213LW-KSA03-31,2,69999.00,Botines Kappa Kombat Marsella IC Kids
Kappa,K535213LW-KSA03,K535213LW-KSA03-32,2,69999.00,Botines Kappa Kombat Marsella IC Kids
Kappa,K535213LW-KSA03,K535213LW-KSA03-33,2,69999.00,Botines Kappa Kombat Marsella IC Kids
Kappa,K535213LW-KSA03,K535213LW-KSA03-34,2,69999.00,Botines Kappa Kombat Marsella IC Kids
Kappa,K535213LW-KSA03,K535213LW-KSA03-35,2,69999.00,Botines Kappa Kombat Marsella IC Kids
Kappa,K535213LW-KSA03,K535213LW-KSA03-36,3,69999.00,Botines Kappa Kombat Marsella IC Kids
Kappa,K535213LW-KSA03,K535213LW-KSA03-37,3,69999.00,Botines Kappa Kombat Marsella IC Kids
Kappa,K535213LW-KSA05,K535213LW-KSA05-27,2,69999.00,Botines Kappa Kombat Marsella IC Kids
Kappa,K535213LW-KSA05,K535213LW-KSA05-28,2,69999.00,Botines Kappa Kombat Marsella IC Kids
Kappa,K535213LW-KSA05,K535213LW-KSA05-29,2,69999.00,Botines Kappa Kombat Marsella IC Kids
Kappa,K535213LW-KSA05,K535213LW-KSA05-30,2,69999.00,Botines Kappa Kombat Marsella IC Kids
Kappa,K535213LW-KSA05,K535213LW-KSA05-31,2,69999.00,Botines Kappa Kombat Marsella IC Kids
Kappa,K535213LW-KSA05,K535213LW-KSA05-32,2,69999.00,Botines Kappa Kombat Marsella IC Kids
Kappa,K535213LW-KSA05,K535213LW-KSA05-33,2,69999.00,Botines Kappa Kombat Marsella IC Kids
Kappa,K535213LW-KSA05,K535213LW-KSA05-34,2,69999.00,Botines Kappa Kombat Marsella IC Kids
Kappa,K535213LW-KSA05,K535213LW-KSA05-35,1,69999.00,Botines Kappa Kombat Marsella IC Kids
Kappa,K535213LW-KSA05,K535213LW-KSA05-36,1,69999.00,Botines Kappa Kombat Marsella IC Kids
Kappa,K535213LW-KSA05,K535213LW-KSA05-37,1,69999.00,Botines Kappa Kombat Marsella IC Kids
Kappa,K1311J5GW-K902AF,K1311J5GW-K902AF-35,0,64999.00,Botines Kappa Merano Ic
Kappa,K1311J5GW-K902AF,K1311J5GW-K902AF-36,0,62999.00,Botines Kappa Merano Ic
Kappa,K1311J5GW-K902AF,K1311J5GW-K902AF-37,0,64999.00,Botines Kappa Merano Ic
Kappa,K1311J5GW-K902AF,K1311J5GW-K902AF-38,0,64999.00,Botines Kappa Merano Ic
Kappa,K1311J5GW-K902AF,K1311J5GW-K902AF-39,3,64999.00,Botines Kappa Merano Ic
Kappa,K1311J5GW-K902AF,K1311J5GW-K902AF-40,9,64999.00,Botines Kappa Merano Ic
Kappa,K1311J5GW-K902AF,K1311J5GW-K902AF-41,8,64999.00,Botines Kappa Merano Ic
Kappa,K1311J5GW-K902AF,K1311J5GW-K902AF-42,9,64999.00,Botines Kappa Merano Ic
Kappa,K1311J5GW-K902AF,K1311J5GW-K902AF-43,3,64999.00,Botines Kappa Merano Ic
Kappa,K1311J5GW-K902AF,K1311J5GW-K902AF-44,0,64999.00,Botines Kappa Merano Ic
Kappa,K1311J5GW-K902AF,K1311J5GW-K902AF-45,0,64999.00,Botines Kappa Merano Ic
Kappa,K1311J5GW-K910P,K1311J5GW-K910P-35,0,64999.00,Botines Kappa Merano Ic
Kappa,K1311J5GW-K910P,K1311J5GW-K910P-36,0,64999.00,Botines Kappa Merano Ic
Kappa,K1311J5GW-K910P,K1311J5GW-K910P-37,0,64999.00,Botines Kappa Merano Ic
Kappa,K1311J5GW-K910P,K1311J5GW-K910P-38,0,64999.00,Botines Kappa Merano Ic
Kappa,K1311J5GW-K910P,K1311J5GW-K910P-39,2,64999.00,Botines Kappa Merano Ic
Kappa,K1311J5GW-K910P,K1311J5GW-K910P-40,6,64999.00,Botines Kappa Merano Ic
Kappa,K1311J5GW-K910P,K1311J5GW-K910P-41,9,64999.00,Botines Kappa Merano Ic
Kappa,K1311J5GW-K910P,K1311J5GW-K910P-42,11,64999.00,Botines Kappa Merano Ic
Kappa,K1311J5GW-K910P,K1311J5GW-K910P-43,8,64999.00,Botines Kappa Merano Ic
Kappa,K1311J5GW-K910P,K1311J5GW-K910P-44,3,64999.00,Botines Kappa Merano Ic
Kappa,K1311J5GW-K910P,K1311J5GW-K910P-45,2,64999.00,Botines Kappa Merano Ic
Kappa,K1311J5GW-K936H,K1311J5GW-K936H-35,0,64999.00,Botines Kappa Merano Ic
Kappa,K1311J5GW-K936H,K1311J5GW-K936H-36,0,64999.00,Botines Kappa Merano Ic
Kappa,K1311J5GW-K936H,K1311J5GW-K936H-37,0,64999.00,Botines Kappa Merano Ic
Kappa,K1311J5GW-K936H,K1311J5GW-K936H-38,0,64999.00,Botines Kappa Merano Ic
Kappa,K1311J5GW-K936H,K1311J5GW-K936H-39,6,64999.00,Botines Kappa Merano Ic
Kappa,K1311J5GW-K936H,K1311J5GW-K936H-40,11,64999.00,Botines Kappa Merano Ic
Kappa,K1311J5GW-K936H,K1311J5GW-K936H-41,13,64999.00,Botines Kappa Merano Ic
Kappa,K1311J5GW-K936H,K1311J5GW-K936H-42,21,64999.00,Botines Kappa Merano Ic
Kappa,K1311J5GW-K936H,K1311J5GW-K936H-43,13,64999.00,Botines Kappa Merano Ic
Kappa,K1311J5GW-K936H,K1311J5GW-K936H-44,3,64999.00,Botines Kappa Merano Ic
Kappa,K1311J5GW-K936H,K1311J5GW-K936H-45,2,64999.00,Botines Kappa Merano Ic
Kappa,K138263IW-KC20,K138263IW-KC20-38,0,95999.00,Botines Kappa Milan Fg
Kappa,K138263IW-KC20,K138263IW-KC20-39,1,95999.00,Botines Kappa Milan Fg
Kappa,K138263IW-KC20,K138263IW-KC20-40,4,95999.00,Botines Kappa Milan Fg
Kappa,K138263IW-KC20,K138263IW-KC20-41,3,95999.00,Botines Kappa Milan Fg
Kappa,K138263IW-KC20,K138263IW-KC20-42,5,95999.00,Botines Kappa Milan Fg
Kappa,K138263IW-KC20,K138263IW-KC20-43,2,95999.00,Botines Kappa Milan Fg
Kappa,K138263IW-KC20,K138263IW-KC20-44,2,95999.00,Botines Kappa Milan Fg
Kappa,K138263IW-KC20,K138263IW-KC20-45,1,95999.00,Botines Kappa Milan Fg
Kappa,K138263JW-KC20,K138263JW-KC20-38,0,62099.00,Botines Kappa Milan Ic
Kappa,K138263JW-KC20,K138263JW-KC20-39,0,62099.00,Botines Kappa Milan Ic
Kappa,K138263JW-KC20,K138263JW-KC20-40,1,62099.00,Botines Kappa Milan Ic
Kappa,K138263JW-KC20,K138263JW-KC20-41,0,62099.00,Botines Kappa Milan Ic
Kappa,K138263JW-KC20,K138263JW-KC20-42,0,62099.00,Botines Kappa Milan Ic
Kappa,K138263JW-KC20,K138263JW-KC20-43,0,62099.00,Botines Kappa Milan Ic
Kappa,K138263JW-KC20,K138263JW-KC20-44,1,62099.00,Botines Kappa Milan Ic
Kappa,K138263JW-KC20,K138263JW-KC20-45,0,62099.00,Botines Kappa Milan Ic
Kappa,K533216XW-K005,K533216XW-K005-27,1,55899.00,Botines Kappa Milan Tg Kids
Kappa,K533216XW-K005,K533216XW-K005-28,0,55899.00,Botines Kappa Milan Tg Kids
Kappa,K533216XW-K005,K533216XW-K005-29,2,55899.00,Botines Kappa Milan Tg Kids
Kappa,K533216XW-K005,K533216XW-K005-30,2,55899.00,Botines Kappa Milan Tg Kids
Kappa,K533216XW-K005,K533216XW-K005-31,1,55899.00,Botines Kappa Milan Tg Kids
Kappa,K533216XW-K005,K533216XW-K005-32,0,55899.00,Botines Kappa Milan Tg Kids
Kappa,K533216XW-K005,K533216XW-K005-33,0,55899.00,Botines Kappa Milan Tg Kids
Kappa,K533216XW-K005,K533216XW-K005-34,0,55899.00,Botines Kappa Milan Tg Kids
Kappa,K533216XW-K005,K533216XW-K005-35,0,55899.00,Botines Kappa Milan Tg Kids
Kappa,K533216XW-K005,K533216XW-K005-36,0,55899.00,Botines Kappa Milan Tg Kids
Kappa,K533216XW-K005,K533216XW-K005-37,0,55899.00,Botines Kappa Milan Tg Kids
Kappa,K533216XW-K741,K533216XW-K741-27,1,55899.00,Botines Kappa Milan Tg Kids
Kappa,K533216XW-K741,K533216XW-K741-28,0,55899.00,Botines Kappa Milan Tg Kids
Kappa,K533216XW-K741,K533216XW-K741-29,2,55899.00,Botines Kappa Milan Tg Kids
Kappa,K533216XW-K741,K533216XW-K741-30,1,55899.00,Botines Kappa Milan Tg Kids
Kappa,K533216XW-K741,K533216XW-K741-31,1,55899.00,Botines Kappa Milan Tg Kids
Kappa,K533216XW-K741,K533216XW-K741-32,0,55899.00,Botines Kappa Milan Tg Kids
Kappa,K533216XW-K741,K533216XW-K741-33,0,55899.00,Botines Kappa Milan Tg Kids
Kappa,K533216XW-K741,K533216XW-K741-34,0,55899.00,Botines Kappa Milan Tg Kids
Kappa,K533216XW-K741,K533216XW-K741-35,0,55899.00,Botines Kappa Milan Tg Kids
Kappa,K533216XW-K741,K533216XW-K741-36,0,55899.00,Botines Kappa Milan Tg Kids
Kappa,K533216XW-K741,K533216XW-K741-37,0,55899.00,Botines Kappa Milan Tg Kids
Kappa,K1321P67W-K949,K1321P67W-K949-39,0,64999.00,Botines Kappa Nápoles TG
Kappa,K1321P67W-K949,K1321P67W-K949-40,2,64999.00,Botines Kappa Nápoles TG
Kappa,K1321P67W-K949,K1321P67W-K949-41,0,64999.00,Botines Kappa Nápoles TG
Kappa,K1321P67W-K949,K1321P67W-K949-42,2,64999.00,Botines Kappa Nápoles TG
Kappa,K1321P67W-K949,K1321P67W-K949-43,2,64999.00,Botines Kappa Nápoles TG
Kappa,K1321P67W-K949,K1321P67W-K949-44,0,64999.00,Botines Kappa Nápoles TG
Kappa,K1321P67W-KZ20A,K1321P67W-KZ20A-39,2,64999.00,Botines Kappa Nápoles TG
Kappa,K1321P67W-KZ20A,K1321P67W-KZ20A-40,4,64999.00,Botines Kappa Nápoles TG
Kappa,K1321P67W-KZ20A,K1321P67W-KZ20A-41,7,64999.00,Botines Kappa Nápoles TG
Kappa,K1321P67W-KZ20A,K1321P67W-KZ20A-42,4,64999.00,Botines Kappa Nápoles TG
Kappa,K1321P67W-KZ20A,K1321P67W-KZ20A-43,2,64999.00,Botines Kappa Nápoles TG
Kappa,K1321P67W-KZ20A,K1321P67W-KZ20A-44,1,64999.00,Botines Kappa Nápoles TG
Kappa,K1341S49W-K847,K1341S49W-K847-35,0,52999.00,Botines Kappa Pescara FG
Kappa,K1341S49W-K847,K1341S49W-K847-36,0,52999.00,Botines Kappa Pescara FG
Kappa,K1341S49W-K847,K1341S49W-K847-37,0,52999.00,Botines Kappa Pescara FG
Kappa,K1341S49W-K847,K1341S49W-K847-38,0,52999.00,Botines Kappa Pescara FG
Kappa,K1341S49W-K847,K1341S49W-K847-39,0,52999.00,Botines Kappa Pescara FG
Kappa,K1341S49W-K847,K1341S49W-K847-40,2,52999.00,Botines Kappa Pescara FG
Kappa,K1341S49W-K847,K1341S49W-K847-41,3,52999.00,Botines Kappa Pescara FG
Kappa,K1341S49W-K847,K1341S49W-K847-42,8,52999.00,Botines Kappa Pescara FG
Kappa,K1341S49W-K847,K1341S49W-K847-43,5,52999.00,Botines Kappa Pescara FG
Kappa,K1341S49W-K847,K1341S49W-K847-44,6,52999.00,Botines Kappa Pescara FG
Kappa,K1341S49W-K847,K1341S49W-K847-45,2,52999.00,Botines Kappa Pescara FG
Kappa,K1341S49W-K929,K1341S49W-K929-35,0,52999.00,Botines Kappa Pescara FG
Kappa,K1341S49W-K929,K1341S49W-K929-36,0,52999.00,Botines Kappa Pescara FG
Kappa,K1341S49W-K929,K1341S49W-K929-37,0,52999.00,Botines Kappa Pescara FG
Kappa,K1341S49W-K929,K1341S49W-K929-38,0,52999.00,Botines Kappa Pescara FG
Kappa,K1341S49W-K929,K1341S49W-K929-39,0,52999.00,Botines Kappa Pescara FG
Kappa,K1341S49W-K929,K1341S49W-K929-40,1,52999.00,Botines Kappa Pescara FG
Kappa,K1341S49W-K929,K1341S49W-K929-41,4,52999.00,Botines Kappa Pescara FG
Kappa,K1341S49W-K929,K1341S49W-K929-42,4,52999.00,Botines Kappa Pescara FG
Kappa,K1341S49W-K929,K1341S49W-K929-43,7,52999.00,Botines Kappa Pescara FG
Kappa,K1341S49W-K929,K1341S49W-K929-44,5,52999.00,Botines Kappa Pescara FG
Kappa,K1341S49W-K929,K1341S49W-K929-45,2,52999.00,Botines Kappa Pescara FG
Kappa,K1341S49W-K988,K1341S49W-K988-35,1,52999.00,Botines Kappa Pescara FG
Kappa,K1341S49W-K988,K1341S49W-K988-36,1,52999.00,Botines Kappa Pescara FG
Kappa,K1341S49W-K988,K1341S49W-K988-37,4,52999.00,Botines Kappa Pescara FG
Kappa,K1341S49W-K988,K1341S49W-K988-38,4,52999.00,Botines Kappa Pescara FG
Kappa,K1341S49W-K988,K1341S49W-K988-39,2,52999.00,Botines Kappa Pescara FG
Kappa,K1341S49W-K988,K1341S49W-K988-40,2,52999.00,Botines Kappa Pescara FG
Kappa,K1341S49W-K988,K1341S49W-K988-41,0,52999.00,Botines Kappa Pescara FG
Kappa,K1341S49W-K988,K1341S49W-K988-42,7,52999.00,Botines Kappa Pescara FG
Kappa,K1341S49W-K988,K1341S49W-K988-43,4,52999.00,Botines Kappa Pescara FG
Kappa,K1341S49W-K988,K1341S49W-K988-44,8,52999.00,Botines Kappa Pescara FG
Kappa,K1341S49W-K988,K1341S49W-K988-45,4,52999.00,Botines Kappa Pescara FG
Kappa,K1341S4CW-K929,K1341S4CW-K929-34,0,64999.00,Botines Kappa Pescara IC
Kappa,K1341S4CW-K929,K1341S4CW-K929-35,0,64999.00,Botines Kappa Pescara IC
Kappa,K1341S4CW-K929,K1341S4CW-K929-36,0,64999.00,Botines Kappa Pescara IC
Kappa,K1341S4CW-K929,K1341S4CW-K929-37,0,64999.00,Botines Kappa Pescara IC
Kappa,K1341S4CW-K929,K1341S4CW-K929-38,0,64999.00,Botines Kappa Pescara IC
Kappa,K1341S4CW-K929,K1341S4CW-K929-39,1,64999.00,Botines Kappa Pescara IC
Kappa,K1341S4CW-K929,K1341S4CW-K929-40,3,64999.00,Botines Kappa Pescara IC
Kappa,K1341S4CW-K929,K1341S4CW-K929-41,3,64999.00,Botines Kappa Pescara IC
Kappa,K1341S4CW-K929,K1341S4CW-K929-42,5,64999.00,Botines Kappa Pescara IC
Kappa,K1341S4CW-K929,K1341S4CW-K929-43,3,64999.00,Botines Kappa Pescara IC
Kappa,K1341S4CW-K929,K1341S4CW-K929-44,3,64999.00,Botines Kappa Pescara IC
Kappa,K1341S4CW-K929,K1341S4CW-K929-45,0,64999.00,Botines Kappa Pescara IC
Kappa,K1341S4CW-K988,K1341S4CW-K988-35,0,64999.00,Botines Kappa Pescara IC
Kappa,K1341S4CW-K988,K1341S4CW-K988-36,0,64999.00,Botines Kappa Pescara IC
Kappa,K1341S4CW-K988,K1341S4CW-K988-37,0,64999.00,Botines Kappa Pescara IC
Kappa,K1341S4CW-K988,K1341S4CW-K988-38,0,64999.00,Botines Kappa Pescara IC
Kappa,K1341S4CW-K988,K1341S4CW-K988-39,2,64999.00,Botines Kappa Pescara IC
Kappa,K1341S4CW-K988,K1341S4CW-K988-40,0,64999.00,Botines Kappa Pescara IC
Kappa,K1341S4CW-K988,K1341S4CW-K988-41,1,64999.00,Botines Kappa Pescara IC
Kappa,K1341S4CW-K988,K1341S4CW-K988-42,0,64999.00,Botines Kappa Pescara IC
Kappa,K1341S4CW-K988,K1341S4CW-K988-43,0,64999.00,Botines Kappa Pescara IC
Kappa,K1341S4CW-K988,K1341S4CW-K988-44,0,64999.00,Botines Kappa Pescara IC
Kappa,K1341S4CW-K988,K1341S4CW-K988-45,0,64999.00,Botines Kappa Pescara IC
Kappa,K1341S4BW-K929,K1341S4BW-K929-41,0,64999.00,Botines Kappa Pescara TG
Kappa,K1341S4BW-K929,K1341S4BW-K929-35,0,64999.00,Botines Kappa Pescara TG
Kappa,K1341S4BW-K929,K1341S4BW-K929-36,0,64999.00,Botines Kappa Pescara TG
Kappa,K1341S4BW-K929,K1341S4BW-K929-37,0,64999.00,Botines Kappa Pescara TG
Kappa,K1341S4BW-K929,K1341S4BW-K929-38,1,64999.00,Botines Kappa Pescara TG
Kappa,K1341S4BW-K929,K1341S4BW-K929-39,1,64999.00,Botines Kappa Pescara TG
Kappa,K1341S4BW-K929,K1341S4BW-K929-40,1,64999.00,Botines Kappa Pescara TG
Kappa,K1341S4BW-K929,K1341S4BW-K929-42,0,64999.00,Botines Kappa Pescara TG
Kappa,K1341S4BW-K929,K1341S4BW-K929-43,0,64999.00,Botines Kappa Pescara TG
Kappa,K1341S4BW-K929,K1341S4BW-K929-44,1,64999.00,Botines Kappa Pescara TG
Kappa,K1341S4BW-K929,K1341S4BW-K929-45,0,64999.00,Botines Kappa Pescara TG
Kappa,K1341S4BW-K988,K1341S4BW-K988-35,0,64999.00,Botines Kappa Pescara TG
Kappa,K1341S4BW-K988,K1341S4BW-K988-36,0,64999.00,Botines Kappa Pescara TG
Kappa,K1341S4BW-K988,K1341S4BW-K988-37,0,64999.00,Botines Kappa Pescara TG
Kappa,K1341S4BW-K988,K1341S4BW-K988-38,0,64999.00,Botines Kappa Pescara TG
Kappa,K1341S4BW-K988,K1341S4BW-K988-39,2,64999.00,Botines Kappa Pescara TG
Kappa,K1341S4BW-K988,K1341S4BW-K988-40,3,64999.00,Botines Kappa Pescara TG
Kappa,K1341S4BW-K988,K1341S4BW-K988-41,3,64999.00,Botines Kappa Pescara TG
Kappa,K1341S4BW-K988,K1341S4BW-K988-42,4,64999.00,Botines Kappa Pescara TG
Kappa,K1341S4BW-K988,K1341S4BW-K988-43,1,64999.00,Botines Kappa Pescara TG
Kappa,K1341S4BW-K988,K1341S4BW-K988-44,0,64999.00,Botines Kappa Pescara TG
Kappa,K1341S4BW-K988,K1341S4BW-K988-45,0,64999.00,Botines Kappa Pescara TG
Kappa,K1321D2HW-K909T,K1321D2HW-K909T-39,0,99999.00,Botines Kappa Player Pro FG
Kappa,K1321D2HW-K909T,K1321D2HW-K909T-40,0,99999.00,Botines Kappa Player Pro FG
Kappa,K1321D2HW-K909T,K1321D2HW-K909T-41,0,99999.00,Botines Kappa Player Pro FG
Kappa,K1321D2HW-K909T,K1321D2HW-K909T-42,0,99999.00,Botines Kappa Player Pro FG
Kappa,K1321D2HW-K909T,K1321D2HW-K909T-43,0,99999.00,Botines Kappa Player Pro FG
Kappa,K1321D2HW-K909T,K1321D2HW-K909T-44,0,99999.00,Botines Kappa Player Pro FG
Kappa,K1321D2HW-K909T,K1321D2HW-K909T-45,1,99999.00,Botines Kappa Player Pro FG
Kappa,K1321D2HW-K922,K1321D2HW-K922-39,3,99999.00,Botines Kappa Player Pro FG
Kappa,K1321D2HW-K922,K1321D2HW-K922-40,0,99999.00,Botines Kappa Player Pro FG
Kappa,K1321D2HW-K922,K1321D2HW-K922-41,0,99999.00,Botines Kappa Player Pro FG
Kappa,K1321D2HW-K922,K1321D2HW-K922-42,3,99999.00,Botines Kappa Player Pro FG
Kappa,K1321D2HW-K922,K1321D2HW-K922-43,1,99999.00,Botines Kappa Player Pro FG
Kappa,K1321D2HW-K922,K1321D2HW-K922-44,0,99999.00,Botines Kappa Player Pro FG
Kappa,K1321D2HW-K922,K1321D2HW-K922-45,0,99999.00,Botines Kappa Player Pro FG
Kappa,K1321D2HW-K921C,K1321D2HW-K921C-39,0,99999.00,Botines Kappa Player Pro FG
Kappa,K1321D2HW-K921C,K1321D2HW-K921C-40,1,99999.00,Botines Kappa Player Pro FG
Kappa,K1321D2HW-K921C,K1321D2HW-K921C-41,2,99999.00,Botines Kappa Player Pro FG
Kappa,K1321D2HW-K921C,K1321D2HW-K921C-42,3,99999.00,Botines Kappa Player Pro FG
Kappa,K1321D2HW-K921C,K1321D2HW-K921C-43,3,99999.00,Botines Kappa Player Pro FG
Kappa,K1321D2HW-K921C,K1321D2HW-K921C-44,2,99999.00,Botines Kappa Player Pro FG
Kappa,K1321D2HW-K921C,K1321D2HW-K921C-45,1,99999.00,Botines Kappa Player Pro FG
Kappa,K1321E1NW-K921C,K1321E1NW-K921C-39,2,79999.00,Botines Kappa Player Pro FG 2
Kappa,K1321E1NW-K921C,K1321E1NW-K921C-40,0,79999.00,Botines Kappa Player Pro FG 2
Kappa,K1321E1NW-K921C,K1321E1NW-K921C-41,3,79999.00,Botines Kappa Player Pro FG 2
Kappa,K1321E1NW-K921C,K1321E1NW-K921C-42,4,79999.00,Botines Kappa Player Pro FG 2
Kappa,K1321E1NW-K921C,K1321E1NW-K921C-43,6,79999.00,Botines Kappa Player Pro FG 2
Kappa,K1321E1NW-K921C,K1321E1NW-K921C-44,6,79999.00,Botines Kappa Player Pro FG 2
Kappa,K1321E1NW-K921C,K1321E1NW-K921C-45,3,79999.00,Botines Kappa Player Pro FG 2
Kappa,K1321E1NW-K922,K1321E1NW-K922-39,0,79999.00,Botines Kappa Player Pro FG 2
Kappa,K1321E1NW-K922,K1321E1NW-K922-40,4,79999.00,Botines Kappa Player Pro FG 2
Kappa,K1321E1NW-K922,K1321E1NW-K922-41,0,79999.00,Botines Kappa Player Pro FG 2
Kappa,K1321E1NW-K922,K1321E1NW-K922-42,11,79999.00,Botines Kappa Player Pro FG 2
Kappa,K1321E1NW-K922,K1321E1NW-K922-43,13,79999.00,Botines Kappa Player Pro FG 2
Kappa,K1321E1NW-K922,K1321E1NW-K922-44,6,79999.00,Botines Kappa Player Pro FG 2
Kappa,K1321E1NW-K922,K1321E1NW-K922-45,3,79999.00,Botines Kappa Player Pro FG 2
Kappa,K138263LW-K741,K138263LW-K741-38,1,95999.00,Botines Kappa Sorano FG
Kappa,K138263LW-K741,K138263LW-K741-39,8,95999.00,Botines Kappa Sorano FG
Kappa,K138263LW-K741,K138263LW-K741-40,17,95999.00,Botines Kappa Sorano FG
Kappa,K138263LW-K741,K138263LW-K741-41,19,95999.00,Botines Kappa Sorano FG
Kappa,K138263LW-K741,K138263LW-K741-42,16,95999.00,Botines Kappa Sorano FG
Kappa,K138263LW-K741,K138263LW-K741-43,15,95999.00,Botines Kappa Sorano FG
Kappa,K138263LW-K741,K138263LW-K741-44,10,95999.00,Botines Kappa Sorano FG
Kappa,K138263LW-K741,K138263LW-K741-45,3,95999.00,Botines Kappa Sorano FG
Kappa,K138263MW-K741,K138263MW-K741-38,1,62099.00,Botines Kappa Sorano IC
Kappa,K138263MW-K741,K138263MW-K741-39,0,62099.00,Botines Kappa Sorano IC
Kappa,K138263MW-K741,K138263MW-K741-40,3,62099.00,Botines Kappa Sorano IC
Kappa,K138263MW-K741,K138263MW-K741-41,3,62099.00,Botines Kappa Sorano IC
Kappa,K138263MW-K741,K138263MW-K741-42,0,62099.00,Botines Kappa Sorano IC
Kappa,K138263MW-K741,K138263MW-K741-43,7,62099.00,Botines Kappa Sorano IC
Kappa,K138263MW-K741,K138263MW-K741-44,0,62099.00,Botines Kappa Sorano IC
Kappa,K138263MW-K741,K138263MW-K741-45,0,62099.00,Botines Kappa Sorano IC
Kappa,K138263QW-KA0Z,K138263QW-KA0Z-38,1,62099.00,Botines Kappa Venzone IC
Kappa,K138263QW-KA0Z,K138263QW-KA0Z-39,0,62099.00,Botines Kappa Venzone IC
Kappa,K138263QW-KA0Z,K138263QW-KA0Z-40,1,62099.00,Botines Kappa Venzone IC
Kappa,K138263QW-KA0Z,K138263QW-KA0Z-41,3,62099.00,Botines Kappa Venzone IC
Kappa,K138263QW-KA0Z,K138263QW-KA0Z-42,1,62099.00,Botines Kappa Venzone IC
Kappa,K138263QW-KA0Z,K138263QW-KA0Z-43,0,62099.00,Botines Kappa Venzone IC
Kappa,K138263QW-KA0Z,K138263QW-KA0Z-44,1,62099.00,Botines Kappa Venzone IC
Kappa,K138263QW-KA0Z,K138263QW-KA0Z-45,0,62099.00,Botines Kappa Venzone IC
Kappa,K138263NW-KA0Z,K138263NW-KA0Z-38,0,95999.00,Botines Kappa Venzone TG
Kappa,K138263NW-KA0Z,K138263NW-KA0Z-39,1,95999.00,Botines Kappa Venzone TG
Kappa,K138263NW-KA0Z,K138263NW-KA0Z-40,3,95999.00,Botines Kappa Venzone TG
Kappa,K138263NW-KA0Z,K138263NW-KA0Z-41,5,95999.00,Botines Kappa Venzone TG
Kappa,K138263NW-KA0Z,K138263NW-KA0Z-42,0,95999.00,Botines Kappa Venzone TG
Kappa,K138263NW-KA0Z,K138263NW-KA0Z-43,6,95999.00,Botines Kappa Venzone TG
Kappa,K138263NW-KA0Z,K138263NW-KA0Z-44,4,95999.00,Botines Kappa Venzone TG
Kappa,K138263NW-KA0Z,K138263NW-KA0Z-45,1,95999.00,Botines Kappa Venzone TG
Kappa,K1381V6MW-K517,K1381V6MW-K517-35,0,95999.00,Botines Kappa Verona Fg
Kappa,K1381V6MW-K517,K1381V6MW-K517-36,0,95999.00,Botines Kappa Verona Fg
Kappa,K1381V6MW-K517,K1381V6MW-K517-37,0,95999.00,Botines Kappa Verona Fg
Kappa,K1381V6MW-K517,K1381V6MW-K517-38,0,95999.00,Botines Kappa Verona Fg
Kappa,K1381V6MW-K517,K1381V6MW-K517-39,2,95999.00,Botines Kappa Verona Fg
Kappa,K1381V6MW-K517,K1381V6MW-K517-40,4,95999.00,Botines Kappa Verona Fg
Kappa,K1381V6MW-K517,K1381V6MW-K517-41,7,95999.00,Botines Kappa Verona Fg
Kappa,K1381V6MW-K517,K1381V6MW-K517-42,9,95999.00,Botines Kappa Verona Fg
Kappa,K1381V6MW-K517,K1381V6MW-K517-43,5,95999.00,Botines Kappa Verona Fg
Kappa,K1381V6MW-K517,K1381V6MW-K517-44,4,95999.00,Botines Kappa Verona Fg
Kappa,K1381V6MW-K517,K1381V6MW-K517-45,2,95999.00,Botines Kappa Verona Fg
Kappa,K1381V6MW-K901,K1381V6MW-K901-35,0,95999.00,Botines Kappa Verona Fg
Kappa,K1381V6MW-K901,K1381V6MW-K901-36,0,95999.00,Botines Kappa Verona Fg
Kappa,K1381V6MW-K901,K1381V6MW-K901-37,0,95999.00,Botines Kappa Verona Fg
Kappa,K1381V6MW-K901,K1381V6MW-K901-38,0,95999.00,Botines Kappa Verona Fg
Kappa,K1381V6MW-K901,K1381V6MW-K901-39,0,95999.00,Botines Kappa Verona Fg
Kappa,K1381V6MW-K901,K1381V6MW-K901-40,1,95999.00,Botines Kappa Verona Fg
Kappa,K1381V6MW-K901,K1381V6MW-K901-41,4,95999.00,Botines Kappa Verona Fg
Kappa,K1381V6MW-K901,K1381V6MW-K901-42,4,95999.00,Botines Kappa Verona Fg
Kappa,K1381V6MW-K901,K1381V6MW-K901-43,3,95999.00,Botines Kappa Verona Fg
Kappa,K1381V6MW-K901,K1381V6MW-K901-44,4,95999.00,Botines Kappa Verona Fg
Kappa,K1381V6MW-K901,K1381V6MW-K901-45,2,95999.00,Botines Kappa Verona Fg
Kappa,K1381V6MW-K929,K1381V6MW-K929-35,0,95999.00,Botines Kappa Verona Fg
Kappa,K1381V6MW-K929,K1381V6MW-K929-36,0,95999.00,Botines Kappa Verona Fg
Kappa,K1381V6MW-K929,K1381V6MW-K929-37,0,95999.00,Botines Kappa Verona Fg
Kappa,K1381V6MW-K929,K1381V6MW-K929-38,0,95999.00,Botines Kappa Verona Fg
Kappa,K1381V6MW-K929,K1381V6MW-K929-39,4,95999.00,Botines Kappa Verona Fg
Kappa,K1381V6MW-K929,K1381V6MW-K929-40,10,95999.00,Botines Kappa Verona Fg
Kappa,K1381V6MW-K929,K1381V6MW-K929-41,14,95999.00,Botines Kappa Verona Fg
Kappa,K1381V6MW-K929,K1381V6MW-K929-42,15,95999.00,Botines Kappa Verona Fg
Kappa,K1381V6MW-K929,K1381V6MW-K929-43,12,95999.00,Botines Kappa Verona Fg
Kappa,K1381V6MW-K929,K1381V6MW-K929-44,5,95999.00,Botines Kappa Verona Fg
Kappa,K1381V6MW-K929,K1381V6MW-K929-45,3,95999.00,Botines Kappa Verona Fg
Kappa,K1382117W-K517,K1382117W-K517-35,0,95999.00,Botines Kappa Verona Ic
Kappa,K1382117W-K517,K1382117W-K517-36,0,95999.00,Botines Kappa Verona Ic
Kappa,K1382117W-K517,K1382117W-K517-37,0,95999.00,Botines Kappa Verona Ic
Kappa,K1382117W-K517,K1382117W-K517-38,0,95999.00,Botines Kappa Verona Ic
Kappa,K1382117W-K517,K1382117W-K517-39,1,95999.00,Botines Kappa Verona Ic
Kappa,K1382117W-K517,K1382117W-K517-40,4,95999.00,Botines Kappa Verona Ic
Kappa,K1382117W-K517,K1382117W-K517-41,5,95999.00,Botines Kappa Verona Ic
Kappa,K1382117W-K517,K1382117W-K517-42,7,95999.00,Botines Kappa Verona Ic
Kappa,K1382117W-K517,K1382117W-K517-43,5,95999.00,Botines Kappa Verona Ic
Kappa,K1382117W-K517,K1382117W-K517-44,3,95999.00,Botines Kappa Verona Ic
Kappa,K1382117W-K517,K1382117W-K517-45,2,95999.00,Botines Kappa Verona Ic
Kappa,K1382117W-K901,K1382117W-K901-35,0,95999.00,Botines Kappa Verona Ic
Kappa,K1382117W-K901,K1382117W-K901-36,0,95999.00,Botines Kappa Verona Ic
Kappa,K1382117W-K901,K1382117W-K901-37,0,95999.00,Botines Kappa Verona Ic
Kappa,K1382117W-K901,K1382117W-K901-38,0,95999.00,Botines Kappa Verona Ic
Kappa,K1382117W-K901,K1382117W-K901-39,0,95999.00,Botines Kappa Verona Ic
Kappa,K1382117W-K901,K1382117W-K901-40,1,95999.00,Botines Kappa Verona Ic
Kappa,K1382117W-K901,K1382117W-K901-41,0,95999.00,Botines Kappa Verona Ic
Kappa,K1382117W-K901,K1382117W-K901-42,0,95999.00,Botines Kappa Verona Ic
Kappa,K1382117W-K901,K1382117W-K901-43,0,95999.00,Botines Kappa Verona Ic
Kappa,K1382117W-K901,K1382117W-K901-44,0,95999.00,Botines Kappa Verona Ic
Kappa,K1382117W-K901,K1382117W-K901-45,0,95999.00,Botines Kappa Verona Ic
Kappa,K1382117W-K929,K1382117W-K929-35,0,95999.00,Botines Kappa Verona Ic
Kappa,K1382117W-K929,K1382117W-K929-36,0,95999.00,Botines Kappa Verona Ic
Kappa,K1382117W-K929,K1382117W-K929-37,0,95999.00,Botines Kappa Verona Ic
Kappa,K1382117W-K929,K1382117W-K929-38,0,95999.00,Botines Kappa Verona Ic
Kappa,K1382117W-K929,K1382117W-K929-39,1,95999.00,Botines Kappa Verona Ic
Kappa,K1382117W-K929,K1382117W-K929-40,0,95999.00,Botines Kappa Verona Ic
Kappa,K1382117W-K929,K1382117W-K929-41,5,95999.00,Botines Kappa Verona Ic
Kappa,K1382117W-K929,K1382117W-K929-42,5,95999.00,Botines Kappa Verona Ic
Kappa,K1382117W-K929,K1382117W-K929-43,3,95999.00,Botines Kappa Verona Ic
Kappa,K1382117W-K929,K1382117W-K929-44,1,95999.00,Botines Kappa Verona Ic
Kappa,K1382117W-K929,K1382117W-K929-45,1,95999.00,Botines Kappa Verona Ic
Kappa,K1381V6NW-K517,K1381V6NW-K517-35,0,49999.00,Botines Kappa Verona Tg
Kappa,K1381V6NW-K517,K1381V6NW-K517-36,0,49999.00,Botines Kappa Verona Tg
Kappa,K1381V6NW-K517,K1381V6NW-K517-37,0,49999.00,Botines Kappa Verona Tg
Kappa,K1381V6NW-K517,K1381V6NW-K517-38,0,49999.00,Botines Kappa Verona Tg
Kappa,K1381V6NW-K517,K1381V6NW-K517-39,0,49999.00,Botines Kappa Verona Tg
Kappa,K1381V6NW-K517,K1381V6NW-K517-40,0,49999.00,Botines Kappa Verona Tg
Kappa,K1381V6NW-K517,K1381V6NW-K517-41,0,49999.00,Botines Kappa Verona Tg
Kappa,K1381V6NW-K517,K1381V6NW-K517-42,2,49999.00,Botines Kappa Verona Tg
Kappa,K1381V6NW-K517,K1381V6NW-K517-43,2,49999.00,Botines Kappa Verona Tg
Kappa,K1381V6NW-K517,K1381V6NW-K517-44,2,49999.00,Botines Kappa Verona Tg
Kappa,K1381V6NW-K517,K1381V6NW-K517-45,0,49999.00,Botines Kappa Verona Tg
Kappa,K1381V6NW-K929,K1381V6NW-K929-35,0,49999.00,Botines Kappa Verona Tg
Kappa,K1381V6NW-K929,K1381V6NW-K929-36,0,49999.00,Botines Kappa Verona Tg
Kappa,K1381V6NW-K929,K1381V6NW-K929-37,0,49999.00,Botines Kappa Verona Tg
Kappa,K1381V6NW-K929,K1381V6NW-K929-38,0,49999.00,Botines Kappa Verona Tg
Kappa,K1381V6NW-K929,K1381V6NW-K929-39,0,49999.00,Botines Kappa Verona Tg
Kappa,K1381V6NW-K929,K1381V6NW-K929-40,0,49999.00,Botines Kappa Verona Tg
Kappa,K1381V6NW-K929,K1381V6NW-K929-41,1,49999.00,Botines Kappa Verona Tg
Kappa,K1381V6NW-K929,K1381V6NW-K929-42,0,49999.00,Botines Kappa Verona Tg
Kappa,K1381V6NW-K929,K1381V6NW-K929-43,4,49999.00,Botines Kappa Verona Tg
Kappa,K1381V6NW-K929,K1381V6NW-K929-44,1,49999.00,Botines Kappa Verona Tg
Kappa,K1381V6NW-K929,K1381V6NW-K929-45,0,49999.00,Botines Kappa Verona Tg
Kappa,K1381V6NW-K901,K1381V6NW-K901-35,0,49999.00,Botines Kappa Verona Tg
Kappa,K1381V6NW-K901,K1381V6NW-K901-36,0,49999.00,Botines Kappa Verona Tg
Kappa,K1381V6NW-K901,K1381V6NW-K901-37,0,49999.00,Botines Kappa Verona Tg
Kappa,K1381V6NW-K901,K1381V6NW-K901-38,0,49999.00,Botines Kappa Verona Tg
Kappa,K1381V6NW-K901,K1381V6NW-K901-39,0,49999.00,Botines Kappa Verona Tg
Kappa,K1381V6NW-K901,K1381V6NW-K901-40,1,49999.00,Botines Kappa Verona Tg
Kappa,K1381V6NW-K901,K1381V6NW-K901-41,2,49999.00,Botines Kappa Verona Tg
Kappa,K1381V6NW-K901,K1381V6NW-K901-42,1,49999.00,Botines Kappa Verona Tg
Kappa,K1381V6NW-K901,K1381V6NW-K901-43,3,49999.00,Botines Kappa Verona Tg
Kappa,K1381V6NW-K901,K1381V6NW-K901-44,2,49999.00,Botines Kappa Verona Tg
Kappa,K1381V6NW-K901,K1381V6NW-K901-45,1,49999.00,Botines Kappa Verona Tg
Kappa,K5341T7BW-K517,K5341T7BW-K517-24,0,53999.00,Botines Kappa Verona Tg Kids
Kappa,K5341T7BW-K517,K5341T7BW-K517-25,0,53999.00,Botines Kappa Verona Tg Kids
Kappa,K5341T7BW-K517,K5341T7BW-K517-26,0,53999.00,Botines Kappa Verona Tg Kids
Kappa,K5341T7BW-K517,K5341T7BW-K517-27,0,55899.00,Botines Kappa Verona Tg Kids
Kappa,K5341T7BW-K517,K5341T7BW-K517-28,1,55899.00,Botines Kappa Verona Tg Kids
Kappa,K5341T7BW-K517,K5341T7BW-K517-29,2,55899.00,Botines Kappa Verona Tg Kids
Kappa,K5341T7BW-K517,K5341T7BW-K517-30,0,55899.00,Botines Kappa Verona Tg Kids
Kappa,K5341T7BW-K517,K5341T7BW-K517-31,0,55899.00,Botines Kappa Verona Tg Kids
Kappa,K5341T7BW-K517,K5341T7BW-K517-32,0,55899.00,Botines Kappa Verona Tg Kids
Kappa,K5341T7BW-K517,K5341T7BW-K517-33,0,55899.00,Botines Kappa Verona Tg Kids
Kappa,K5341T7BW-K517,K5341T7BW-K517-34,0,55899.00,Botines Kappa Verona Tg Kids
Kappa,K5341T7BW-K517,K5341T7BW-K517-35,0,55899.00,Botines Kappa Verona Tg Kids
Kappa,K5341T7BW-K517,K5341T7BW-K517-36,0,55899.00,Botines Kappa Verona Tg Kids
Kappa,K5341T7BW-K517,K5341T7BW-K517-37,0,55899.00,Botines Kappa Verona Tg Kids
Kappa,K5341T7BW-K517,K5341T7BW-K517-38,0,55899.00,Botines Kappa Verona Tg Kids
Kappa,K5341T7BW-K517,K5341T7BW-K517-39,0,55899.00,Botines Kappa Verona Tg Kids
Kappa,K5341T7BW-K901,K5341T7BW-K901-24,0,53999.00,Botines Kappa Verona Tg Kids
Kappa,K5341T7BW-K901,K5341T7BW-K901-25,0,53999.00,Botines Kappa Verona Tg Kids
Kappa,K5341T7BW-K901,K5341T7BW-K901-26,0,53999.00,Botines Kappa Verona Tg Kids
Kappa,K5341T7BW-K901,K5341T7BW-K901-27,0,55899.00,Botines Kappa Verona Tg Kids
Kappa,K5341T7BW-K901,K5341T7BW-K901-28,0,55899.00,Botines Kappa Verona Tg Kids
Kappa,K5341T7BW-K901,K5341T7BW-K901-29,3,55899.00,Botines Kappa Verona Tg Kids
Kappa,K5341T7BW-K901,K5341T7BW-K901-30,1,55899.00,Botines Kappa Verona Tg Kids
Kappa,K5341T7BW-K901,K5341T7BW-K901-31,1,55899.00,Botines Kappa Verona Tg Kids
Kappa,K5341T7BW-K901,K5341T7BW-K901-32,0,55899.00,Botines Kappa Verona Tg Kids
Kappa,K5341T7BW-K901,K5341T7BW-K901-33,0,55899.00,Botines Kappa Verona Tg Kids
Kappa,K5341T7BW-K901,K5341T7BW-K901-34,0,55899.00,Botines Kappa Verona Tg Kids
Kappa,K5341T7BW-K901,K5341T7BW-K901-35,0,55899.00,Botines Kappa Verona Tg Kids
Kappa,K5341T7BW-K901,K5341T7BW-K901-36,0,55899.00,Botines Kappa Verona Tg Kids
Kappa,K5341T7BW-K901,K5341T7BW-K901-37,0,55899.00,Botines Kappa Verona Tg Kids
Kappa,K5341T7BW-K901,K5341T7BW-K901-38,0,55899.00,Botines Kappa Verona Tg Kids
Kappa,K5341T7BW-K901,K5341T7BW-K901-39,0,55899.00,Botines Kappa Verona Tg Kids
Kappa,K5341T7BW-K929,K5341T7BW-K929-24,0,53999.00,Botines Kappa Verona Tg Kids
Kappa,K5341T7BW-K929,K5341T7BW-K929-25,0,53999.00,Botines Kappa Verona Tg Kids
Kappa,K5341T7BW-K929,K5341T7BW-K929-26,0,53999.00,Botines Kappa Verona Tg Kids
Kappa,K5341T7BW-K929,K5341T7BW-K929-27,0,55899.00,Botines Kappa Verona Tg Kids
Kappa,K5341T7BW-K929,K5341T7BW-K929-28,2,55899.00,Botines Kappa Verona Tg Kids
Kappa,K5341T7BW-K929,K5341T7BW-K929-29,2,55899.00,Botines Kappa Verona Tg Kids
Kappa,K5341T7BW-K929,K5341T7BW-K929-30,2,55899.00,Botines Kappa Verona Tg Kids
Kappa,K5341T7BW-K929,K5341T7BW-K929-31,2,55899.00,Botines Kappa Verona Tg Kids
Kappa,K5341T7BW-K929,K5341T7BW-K929-32,0,55899.00,Botines Kappa Verona Tg Kids
Kappa,K5341T7BW-K929,K5341T7BW-K929-33,0,55899.00,Botines Kappa Verona Tg Kids
Kappa,K5341T7BW-K929,K5341T7BW-K929-34,0,53999.00,Botines Kappa Verona Tg Kids
Kappa,K5341T7BW-K929,K5341T7BW-K929-35,0,53999.00,Botines Kappa Verona Tg Kids
Kappa,K5341T7BW-K929,K5341T7BW-K929-36,0,53999.00,Botines Kappa Verona Tg Kids
Kappa,K5341T7BW-K929,K5341T7BW-K929-37,0,53999.00,Botines Kappa Verona Tg Kids
Kappa,K5341T7BW-K929,K5341T7BW-K929-38,0,53999.00,Botines Kappa Verona Tg Kids
Kappa,K5341T7BW-K929,K5341T7BW-K929-39,0,53999.00,Botines Kappa Verona Tg Kids
Kappa,K1342233W-KSA01,K1342233W-KSA01-38,3,69999.00,Botines Kombat Marsella FG
Kappa,K1342233W-KSA01,K1342233W-KSA01-39,6,69999.00,Botines Kombat Marsella FG
Kappa,K1342233W-KSA01,K1342233W-KSA01-40,12,69999.00,Botines Kombat Marsella FG
Kappa,K1342233W-KSA01,K1342233W-KSA01-41,15,69999.00,Botines Kombat Marsella FG
Kappa,K1342233W-KSA01,K1342233W-KSA01-42,14,69999.00,Botines Kombat Marsella FG
Kappa,K1342233W-KSA01,K1342233W-KSA01-43,12,69999.00,Botines Kombat Marsella FG
Kappa,K1342233W-KSA01,K1342233W-KSA01-44,5,69999.00,Botines Kombat Marsella FG
Kappa,K1342233W-KSA01,K1342233W-KSA01-45,2,69999.00,Botines Kombat Marsella FG
Kappa,K1342233W-KSA02,K1342233W-KSA02-38,2,69999.00,Botines Kombat Marsella FG
Kappa,K1342233W-KSA02,K1342233W-KSA02-39,4,69999.00,Botines Kombat Marsella FG
Kappa,K1342233W-KSA02,K1342233W-KSA02-40,12,69999.00,Botines Kombat Marsella FG
Kappa,K1342233W-KSA02,K1342233W-KSA02-41,15,69999.00,Botines Kombat Marsella FG
Kappa,K1342233W-KSA02,K1342233W-KSA02-42,14,69999.00,Botines Kombat Marsella FG
Kappa,K1342233W-KSA02,K1342233W-KSA02-43,12,69999.00,Botines Kombat Marsella FG
Kappa,K1342233W-KSA02,K1342233W-KSA02-44,6,69999.00,Botines Kombat Marsella FG
Kappa,K1342233W-KSA02,K1342233W-KSA02-45,3,69999.00,Botines Kombat Marsella FG
Kappa,K1342233W-KSA03,K1342233W-KSA03-38,2,69999.00,Botines Kombat Marsella FG
Kappa,K1342233W-KSA03,K1342233W-KSA03-39,5,69999.00,Botines Kombat Marsella FG
Kappa,K1342233W-KSA03,K1342233W-KSA03-40,12,69999.00,Botines Kombat Marsella FG
Kappa,K1342233W-KSA03,K1342233W-KSA03-41,13,69999.00,Botines Kombat Marsella FG
Kappa,K1342233W-KSA03,K1342233W-KSA03-42,14,69999.00,Botines Kombat Marsella FG
Kappa,K1342233W-KSA03,K1342233W-KSA03-43,12,69999.00,Botines Kombat Marsella FG
Kappa,K1342233W-KSA03,K1342233W-KSA03-44,5,69999.00,Botines Kombat Marsella FG
Kappa,K1342233W-KSA03,K1342233W-KSA03-45,3,69999.00,Botines Kombat Marsella FG
Kappa,K1342233W-KSA05,K1342233W-KSA05-38,3,69999.00,Botines Kombat Marsella FG
Kappa,K1342233W-KSA05,K1342233W-KSA05-39,5,69999.00,Botines Kombat Marsella FG
Kappa,K1342233W-KSA05,K1342233W-KSA05-40,11,69999.00,Botines Kombat Marsella FG
Kappa,K1342233W-KSA05,K1342233W-KSA05-41,12,69999.00,Botines Kombat Marsella FG
Kappa,K1342233W-KSA05,K1342233W-KSA05-42,14,69999.00,Botines Kombat Marsella FG
Kappa,K1342233W-KSA05,K1342233W-KSA05-43,12,69999.00,Botines Kombat Marsella FG
Kappa,K1342233W-KSA05,K1342233W-KSA05-44,6,69999.00,Botines Kombat Marsella FG
Kappa,K1342233W-KSA05,K1342233W-KSA05-45,3,69999.00,Botines Kombat Marsella FG
Kappa,K1311J5EW-K902AF,K1311J5EW-K902AF-35,0,64999.00,Botines Merano Fg
Kappa,K1311J5EW-K902AF,K1311J5EW-K902AF-36,0,64999.00,Botines Merano Fg
Kappa,K1311J5EW-K902AF,K1311J5EW-K902AF-37,0,64999.00,Botines Merano Fg
Kappa,K1311J5EW-K902AF,K1311J5EW-K902AF-38,0,64999.00,Botines Merano Fg
Kappa,K1311J5EW-K902AF,K1311J5EW-K902AF-39,2,64999.00,Botines Merano Fg
Kappa,K1311J5EW-K902AF,K1311J5EW-K902AF-40,3,64999.00,Botines Merano Fg
Kappa,K1311J5EW-K902AF,K1311J5EW-K902AF-41,3,64999.00,Botines Merano Fg
Kappa,K1311J5EW-K902AF,K1311J5EW-K902AF-42,3,64999.00,Botines Merano Fg
Kappa,K1311J5EW-K902AF,K1311J5EW-K902AF-43,1,64999.00,Botines Merano Fg
Kappa,K1311J5EW-K902AF,K1311J5EW-K902AF-44,0,64999.00,Botines Merano Fg
Kappa,K1311J5EW-K902AF,K1311J5EW-K902AF-45,0,64999.00,Botines Merano Fg
Kappa,K1311J5EW-K910P,K1311J5EW-K910P-35,0,52999.00,Botines Merano Fg
Kappa,K1311J5EW-K910P,K1311J5EW-K910P-36,0,52999.00,Botines Merano Fg
Kappa,K1311J5EW-K910P,K1311J5EW-K910P-37,0,52999.00,Botines Merano Fg
Kappa,K1311J5EW-K910P,K1311J5EW-K910P-38,0,52999.00,Botines Merano Fg
Kappa,K1311J5EW-K910P,K1311J5EW-K910P-39,5,64999.00,Botines Merano Fg
Kappa,K1311J5EW-K910P,K1311J5EW-K910P-40,11,64999.00,Botines Merano Fg
Kappa,K1311J5EW-K910P,K1311J5EW-K910P-41,14,64999.00,Botines Merano Fg
Kappa,K1311J5EW-K910P,K1311J5EW-K910P-42,18,64999.00,Botines Merano Fg
Kappa,K1311J5EW-K910P,K1311J5EW-K910P-43,12,64999.00,Botines Merano Fg
Kappa,K1311J5EW-K910P,K1311J5EW-K910P-44,6,64999.00,Botines Merano Fg
Kappa,K1311J5EW-K910P,K1311J5EW-K910P-45,3,64999.00,Botines Merano Fg
Kappa,K1311J5EW-K936H,K1311J5EW-K936H-35,0,64999.00,Botines Merano Fg
Kappa,K1311J5EW-K936H,K1311J5EW-K936H-36,0,64999.00,Botines Merano Fg
Kappa,K1311J5EW-K936H,K1311J5EW-K936H-37,0,64999.00,Botines Merano Fg
Kappa,K1311J5EW-K936H,K1311J5EW-K936H-38,0,64999.00,Botines Merano Fg
Kappa,K1311J5EW-K936H,K1311J5EW-K936H-39,4,64999.00,Botines Merano Fg
Kappa,K1311J5EW-K936H,K1311J5EW-K936H-40,10,64999.00,Botines Merano Fg
Kappa,K1311J5EW-K936H,K1311J5EW-K936H-41,14,64999.00,Botines Merano Fg
Kappa,K1311J5EW-K936H,K1311J5EW-K936H-42,17,64999.00,Botines Merano Fg
Kappa,K1311J5EW-K936H,K1311J5EW-K936H-43,10,64999.00,Botines Merano Fg
Kappa,K1311J5EW-K936H,K1311J5EW-K936H-44,6,64999.00,Botines Merano Fg
Kappa,K1311J5EW-K936H,K1311J5EW-K936H-45,2,64999.00,Botines Merano Fg
Kappa,K5341T76W-K902AF,K5341T76W-K902AF-27,1,64999.00,Botines Merano Fg Kids
Kappa,K5341T76W-K902AF,K5341T76W-K902AF-28,1,64999.00,Botines Merano Fg Kids
Kappa,K5341T76W-K902AF,K5341T76W-K902AF-29,2,64999.00,Botines Merano Fg Kids
Kappa,K5341T76W-K902AF,K5341T76W-K902AF-30,2,64999.00,Botines Merano Fg Kids
Kappa,K5341T76W-K902AF,K5341T76W-K902AF-31,1,64999.00,Botines Merano Fg Kids
Kappa,K5341T76W-K902AF,K5341T76W-K902AF-32,0,64999.00,Botines Merano Fg Kids
Kappa,K5341T76W-K902AF,K5341T76W-K902AF-33,0,64999.00,Botines Merano Fg Kids
Kappa,K5341T76W-K902AF,K5341T76W-K902AF-34,0,64999.00,Botines Merano Fg Kids
Kappa,K5341T76W-K902AF,K5341T76W-K902AF-35,0,64999.00,Botines Merano Fg Kids
Kappa,K5341T76W-K902AF,K5341T76W-K902AF-36,0,64999.00,Botines Merano Fg Kids
Kappa,K5341T76W-K902AF,K5341T76W-K902AF-37,0,64999.00,Botines Merano Fg Kids
Kappa,K5341T76W-K902AF,K5341T76W-K902AF-38,0,64999.00,Botines Merano Fg Kids
Kappa,K5341T76W-K910P,K5341T76W-K910P-27,2,64999.00,Botines Merano Fg Kids
Kappa,K5341T76W-K910P,K5341T76W-K910P-28,1,64999.00,Botines Merano Fg Kids
Kappa,K5341T76W-K910P,K5341T76W-K910P-29,2,64999.00,Botines Merano Fg Kids
Kappa,K5341T76W-K910P,K5341T76W-K910P-30,0,64999.00,Botines Merano Fg Kids
Kappa,K5341T76W-K910P,K5341T76W-K910P-31,0,64999.00,Botines Merano Fg Kids
Kappa,K5341T76W-K910P,K5341T76W-K910P-32,0,64999.00,Botines Merano Fg Kids
Kappa,K5341T76W-K910P,K5341T76W-K910P-33,0,64999.00,Botines Merano Fg Kids
Kappa,K5341T76W-K910P,K5341T76W-K910P-34,0,64999.00,Botines Merano Fg Kids
Kappa,K5341T76W-K910P,K5341T76W-K910P-35,0,64999.00,Botines Merano Fg Kids
Kappa,K5341T76W-K910P,K5341T76W-K910P-36,0,64999.00,Botines Merano Fg Kids
Kappa,K5341T76W-K910P,K5341T76W-K910P-37,0,64999.00,Botines Merano Fg Kids
Kappa,K5341T76W-K910P,K5341T76W-K910P-38,0,64999.00,Botines Merano Fg Kids
Kappa,K5341T78W-K910P,K5341T78W-K910P-24,0,64999.00,Botines Merano IC
Kappa,K5341T78W-K910P,K5341T78W-K910P-25,0,64999.00,Botines Merano IC
Kappa,K5341T78W-K910P,K5341T78W-K910P-26,0,64999.00,Botines Merano IC
Kappa,K5341T78W-K910P,K5341T78W-K910P-27,0,64999.00,Botines Merano IC
Kappa,K5341T78W-K910P,K5341T78W-K910P-28,1,64999.00,Botines Merano IC
Kappa,K5341T78W-K910P,K5341T78W-K910P-29,1,64999.00,Botines Merano IC
Kappa,K5341T78W-K910P,K5341T78W-K910P-30,2,64999.00,Botines Merano IC
Kappa,K5341T78W-K910P,K5341T78W-K910P-31,1,64999.00,Botines Merano IC
Kappa,K5341T78W-K910P,K5341T78W-K910P-32,0,64999.00,Botines Merano IC
Kappa,K5341T78W-K910P,K5341T78W-K910P-33,0,64999.00,Botines Merano IC
Kappa,K5341T78W-K910P,K5341T78W-K910P-34,0,64999.00,Botines Merano IC
Kappa,K5341T78W-K910P,K5341T78W-K910P-35,0,64999.00,Botines Merano IC
Kappa,K5341T78W-K910P,K5341T78W-K910P-36,0,64999.00,Botines Merano IC
Kappa,K5341T78W-K910P,K5341T78W-K910P-37,0,64999.00,Botines Merano IC
Kappa,K5341T78W-K910P,K5341T78W-K910P-38,0,64999.00,Botines Merano IC
Kappa,K5341T78W-K910P,K5341T78W-K910P-39,0,64999.00,Botines Merano IC
Kappa,K1311J5FW-K910P,K1311J5FW-K910P-35,0,64999.00,Botines Merano Tg
Kappa,K1311J5FW-K910P,K1311J5FW-K910P-36,0,64999.00,Botines Merano Tg
Kappa,K1311J5FW-K910P,K1311J5FW-K910P-37,0,64999.00,Botines Merano Tg
Kappa,K1311J5FW-K910P,K1311J5FW-K910P-38,0,64999.00,Botines Merano Tg
Kappa,K1311J5FW-K910P,K1311J5FW-K910P-39,1,64999.00,Botines Merano Tg
Kappa,K1311J5FW-K910P,K1311J5FW-K910P-40,3,64999.00,Botines Merano Tg
Kappa,K1311J5FW-K910P,K1311J5FW-K910P-41,5,64999.00,Botines Merano Tg
Kappa,K1311J5FW-K910P,K1311J5FW-K910P-42,8,64999.00,Botines Merano Tg
Kappa,K1311J5FW-K910P,K1311J5FW-K910P-43,6,64999.00,Botines Merano Tg
Kappa,K1311J5FW-K910P,K1311J5FW-K910P-44,0,64999.00,Botines Merano Tg
Kappa,K1311J5FW-K910P,K1311J5FW-K910P-45,1,64999.00,Botines Merano Tg
Kappa,K1311J5FW-K936H,K1311J5FW-K936H-35,0,62999.00,Botines Merano Tg
Kappa,K1311J5FW-K936H,K1311J5FW-K936H-36,0,62999.00,Botines Merano Tg
Kappa,K1311J5FW-K936H,K1311J5FW-K936H-37,0,62999.00,Botines Merano Tg
Kappa,K1311J5FW-K936H,K1311J5FW-K936H-38,0,62999.00,Botines Merano Tg
Kappa,K1311J5FW-K936H,K1311J5FW-K936H-39,0,64999.00,Botines Merano Tg
Kappa,K1311J5FW-K936H,K1311J5FW-K936H-40,0,64999.00,Botines Merano Tg
Kappa,K1311J5FW-K936H,K1311J5FW-K936H-41,0,64999.00,Botines Merano Tg
Kappa,K1311J5FW-K936H,K1311J5FW-K936H-42,1,64999.00,Botines Merano Tg
Kappa,K1311J5FW-K936H,K1311J5FW-K936H-43,1,64999.00,Botines Merano Tg
Kappa,K1311J5FW-K936H,K1311J5FW-K936H-44,1,64999.00,Botines Merano Tg
Kappa,K1311J5FW-K936H,K1311J5FW-K936H-45,0,64999.00,Botines Merano Tg
Kappa,K1311J5FW-K902AF,K1311J5FW-K902AF-35,0,64999.00,Botines Merano Tg
Kappa,K1311J5FW-K902AF,K1311J5FW-K902AF-36,0,64999.00,Botines Merano Tg
Kappa,K1311J5FW-K902AF,K1311J5FW-K902AF-37,0,64999.00,Botines Merano Tg
Kappa,K1311J5FW-K902AF,K1311J5FW-K902AF-38,0,64999.00,Botines Merano Tg
Kappa,K1311J5FW-K902AF,K1311J5FW-K902AF-39,1,64999.00,Botines Merano Tg
Kappa,K1311J5FW-K902AF,K1311J5FW-K902AF-40,2,64999.00,Botines Merano Tg
Kappa,K1311J5FW-K902AF,K1311J5FW-K902AF-41,2,64999.00,Botines Merano Tg
Kappa,K1311J5FW-K902AF,K1311J5FW-K902AF-42,3,64999.00,Botines Merano Tg
Kappa,K1311J5FW-K902AF,K1311J5FW-K902AF-43,1,64999.00,Botines Merano Tg
Kappa,K1311J5FW-K902AF,K1311J5FW-K902AF-44,0,64999.00,Botines Merano Tg
Kappa,K1311J5FW-K902AF,K1311J5FW-K902AF-45,0,64999.00,Botines Merano Tg
Kappa,K138263HW-K517,K138263HW-K517-38,0,95999.00,Botines Milan Tg
Kappa,K138263HW-K517,K138263HW-K517-39,0,95999.00,Botines Milan Tg
Kappa,K138263HW-K517,K138263HW-K517-40,4,95999.00,Botines Milan Tg
Kappa,K138263HW-K517,K138263HW-K517-41,0,95999.00,Botines Milan Tg
Kappa,K138263HW-K517,K138263HW-K517-42,4,95999.00,Botines Milan Tg
Kappa,K138263HW-K517,K138263HW-K517-43,2,95999.00,Botines Milan Tg
Kappa,K138263HW-K517,K138263HW-K517-44,2,95999.00,Botines Milan Tg
Kappa,K138263HW-K517,K138263HW-K517-45,1,95999.00,Botines Milan Tg
Kappa,K138263HW-KA0Z,K138263HW-KA0Z-38,0,95999.00,Botines Milan Tg
Kappa,K138263HW-KA0Z,K138263HW-KA0Z-39,0,95999.00,Botines Milan Tg
Kappa,K138263HW-KA0Z,K138263HW-KA0Z-40,0,95999.00,Botines Milan Tg
Kappa,K138263HW-KA0Z,K138263HW-KA0Z-41,0,95999.00,Botines Milan Tg
Kappa,K138263HW-KA0Z,K138263HW-KA0Z-42,0,95999.00,Botines Milan Tg
Kappa,K138263HW-KA0Z,K138263HW-KA0Z-43,0,95999.00,Botines Milan Tg
Kappa,K138263HW-KA0Z,K138263HW-KA0Z-44,2,95999.00,Botines Milan Tg
Kappa,K138263HW-KA0Z,K138263HW-KA0Z-45,0,95999.00,Botines Milan Tg
Kappa,K138263HW-KC20,K138263HW-KC20-38,0,95999.00,Botines Milan Tg
Kappa,K138263HW-KC20,K138263HW-KC20-39,0,95999.00,Botines Milan Tg
Kappa,K138263HW-KC20,K138263HW-KC20-40,0,95999.00,Botines Milan Tg
Kappa,K138263HW-KC20,K138263HW-KC20-41,2,95999.00,Botines Milan Tg
Kappa,K138263HW-KC20,K138263HW-KC20-42,0,95999.00,Botines Milan Tg
Kappa,K138263HW-KC20,K138263HW-KC20-43,2,95999.00,Botines Milan Tg
Kappa,K138263HW-KC20,K138263HW-KC20-44,1,95999.00,Botines Milan Tg
Kappa,K138263HW-KC20,K138263HW-KC20-45,1,95999.00,Botines Milan Tg
Kappa,K138263HW-K741,K138263HW-K741-38,1,95999.00,Botines Milan Tg
Kappa,K138263HW-K741,K138263HW-K741-39,3,95999.00,Botines Milan Tg
Kappa,K138263HW-K741,K138263HW-K741-40,5,95999.00,Botines Milan Tg
Kappa,K138263HW-K741,K138263HW-K741-41,5,95999.00,Botines Milan Tg
Kappa,K138263HW-K741,K138263HW-K741-42,5,95999.00,Botines Milan Tg
Kappa,K138263HW-K741,K138263HW-K741-43,4,95999.00,Botines Milan Tg
Kappa,K138263HW-K741,K138263HW-K741-44,2,95999.00,Botines Milan Tg
Kappa,K138263HW-K741,K138263HW-K741-45,1,95999.00,Botines Milan Tg
Kappa,K138263HW-K005,K138263HW-K005-38,0,95999.00,Botines Milan Tg
Kappa,K138263HW-K005,K138263HW-K005-39,2,95999.00,Botines Milan Tg
Kappa,K138263HW-K005,K138263HW-K005-40,3,95999.00,Botines Milan Tg
Kappa,K138263HW-K005,K138263HW-K005-41,2,95999.00,Botines Milan Tg
Kappa,K138263HW-K005,K138263HW-K005-42,1,95999.00,Botines Milan Tg
Kappa,K138263HW-K005,K138263HW-K005-43,1,95999.00,Botines Milan Tg
Kappa,K138263HW-K005,K138263HW-K005-44,1,95999.00,Botines Milan Tg
Kappa,K138263HW-K005,K138263HW-K005-45,0,95999.00,Botines Milan Tg
Kappa,K1321P3GW-KZ20A,K1321P3GW-KZ20A-39,1,35199.00,Botines Napoles FG
Kappa,K1321P3GW-KZ20A,K1321P3GW-KZ20A-40,2,35199.00,Botines Napoles FG
Kappa,K1321P3GW-KZ20A,K1321P3GW-KZ20A-41,3,35199.00,Botines Napoles FG
Kappa,K1321P3GW-KZ20A,K1321P3GW-KZ20A-42,3,35199.00,Botines Napoles FG
Kappa,K1321P3GW-KZ20A,K1321P3GW-KZ20A-43,2,35199.00,Botines Napoles FG
Kappa,K1321P3GW-KZ20A,K1321P3GW-KZ20A-44,1,35199.00,Botines Napoles FG
Kappa,K1321P3HW-K919D,K1321P3HW-K919D-39,3,64999.00,Botines Napoles IC
Kappa,K1321P3HW-K919D,K1321P3HW-K919D-40,4,64999.00,Botines Napoles IC
Kappa,K1321P3HW-K919D,K1321P3HW-K919D-41,4,64999.00,Botines Napoles IC
Kappa,K1321P3HW-K919D,K1321P3HW-K919D-42,5,64999.00,Botines Napoles IC
Kappa,K1321P3HW-K919D,K1321P3HW-K919D-43,6,64999.00,Botines Napoles IC
Kappa,K1321P3HW-K919D,K1321P3HW-K919D-44,1,64999.00,Botines Napoles IC
Kappa,K1321P3HW-K949,K1321P3HW-K949-39,2,64999.00,Botines Napoles IC
Kappa,K1321P3HW-K949,K1321P3HW-K949-40,2,64999.00,Botines Napoles IC
Kappa,K1321P3HW-K949,K1321P3HW-K949-41,6,64999.00,Botines Napoles IC
Kappa,K1321P3HW-K949,K1321P3HW-K949-42,3,64999.00,Botines Napoles IC
Kappa,K1321P3HW-K949,K1321P3HW-K949-43,2,64999.00,Botines Napoles IC
Kappa,K1321P3HW-K949,K1321P3HW-K949-44,1,64999.00,Botines Napoles IC
Kappa,K136193PW-KA2K,K136193PW-KA2K-39,0,49999.00,Botines Player Base FG
Kappa,K136193PW-KA2K,K136193PW-KA2K-40,0,49999.00,Botines Player Base FG
Kappa,K136193PW-KA2K,K136193PW-KA2K-41,0,49999.00,Botines Player Base FG
Kappa,K136193PW-KA2K,K136193PW-KA2K-42,1,49999.00,Botines Player Base FG
Kappa,K136193PW-KA2K,K136193PW-KA2K-43,0,49999.00,Botines Player Base FG
Kappa,K136193PW-KA2K,K136193PW-KA2K-44,0,49999.00,Botines Player Base FG
Kappa,K136193PW-KA2K,K136193PW-KA2K-45,0,49999.00,Botines Player Base FG
Kappa,K136193PW-KY08,K136193PW-KY08-39,0,49999.00,Botines Player Base FG
Kappa,K136193PW-KY08,K136193PW-KY08-40,0,49999.00,Botines Player Base FG
Kappa,K136193PW-KY08,K136193PW-KY08-41,0,49999.00,Botines Player Base FG
Kappa,K136193PW-KY08,K136193PW-KY08-42,1,49999.00,Botines Player Base FG
Kappa,K136193PW-KY08,K136193PW-KY08-43,8,49999.00,Botines Player Base FG
Kappa,K136193PW-KY08,K136193PW-KY08-44,10,49999.00,Botines Player Base FG
Kappa,K136193PW-KY08,K136193PW-KY08-45,3,49999.00,Botines Player Base FG
Kappa,K1371Q3UW-K909T,K1371Q3UW-K909T-39,0,67299.00,Botines Player Base TG
Kappa,K1371Q3UW-K909T,K1371Q3UW-K909T-40,0,67299.00,Botines Player Base TG
Kappa,K1371Q3UW-K909T,K1371Q3UW-K909T-41,0,67299.00,Botines Player Base TG
Kappa,K1371Q3UW-K909T,K1371Q3UW-K909T-42,0,67299.00,Botines Player Base TG
Kappa,K1371Q3UW-K909T,K1371Q3UW-K909T-43,2,67299.00,Botines Player Base TG
Kappa,K1371Q3UW-K909T,K1371Q3UW-K909T-44,1,67299.00,Botines Player Base TG
Kappa,K136193NW-K921C,K136193NW-K921C-39,2,94999.00,Botines Player Mid FG
Kappa,K136193NW-K921C,K136193NW-K921C-40,0,94999.00,Botines Player Mid FG
Kappa,K136193NW-K921C,K136193NW-K921C-41,0,94999.00,Botines Player Mid FG
Kappa,K136193NW-K921C,K136193NW-K921C-42,0,94999.00,Botines Player Mid FG
Kappa,K136193NW-K921C,K136193NW-K921C-43,0,94999.00,Botines Player Mid FG
Kappa,K136193NW-K921C,K136193NW-K921C-44,0,94999.00,Botines Player Mid FG
Kappa,K136193NW-K921C,K136193NW-K921C-45,0,94999.00,Botines Player Mid FG
Kappa,K136193NW-K922,K136193NW-K922-39,1,94999.00,Botines Player Mid FG
Kappa,K136193NW-K922,K136193NW-K922-40,2,94999.00,Botines Player Mid FG
Kappa,K136193NW-K922,K136193NW-K922-41,2,94999.00,Botines Player Mid FG
Kappa,K136193NW-K922,K136193NW-K922-42,5,94999.00,Botines Player Mid FG
Kappa,K136193NW-K922,K136193NW-K922-43,3,94999.00,Botines Player Mid FG
Kappa,K136193NW-K922,K136193NW-K922-44,2,94999.00,Botines Player Mid FG
Kappa,K136193NW-K922,K136193NW-K922-45,1,94999.00,Botines Player Mid FG
Kappa,K1361Q6GW-K005,K1361Q6GW-K005-34,0,64999.00,Botines Termoli FG
Kappa,K1361Q6GW-K005,K1361Q6GW-K005-35,0,64999.00,Botines Termoli FG
Kappa,K1361Q6GW-K005,K1361Q6GW-K005-36,0,64999.00,Botines Termoli FG
Kappa,K1361Q6GW-K005,K1361Q6GW-K005-37,0,64999.00,Botines Termoli FG
Kappa,K1361Q6GW-K005,K1361Q6GW-K005-38,0,64999.00,Botines Termoli FG
Kappa,K1361Q6GW-K005,K1361Q6GW-K005-39,2,64999.00,Botines Termoli FG
Kappa,K1361Q6GW-K005,K1361Q6GW-K005-40,5,64999.00,Botines Termoli FG
Kappa,K1361Q6GW-K005,K1361Q6GW-K005-41,6,64999.00,Botines Termoli FG
Kappa,K1361Q6GW-K005,K1361Q6GW-K005-42,8,64999.00,Botines Termoli FG
Kappa,K1361Q6GW-K005,K1361Q6GW-K005-43,6,64999.00,Botines Termoli FG
Kappa,K1361Q6GW-K005,K1361Q6GW-K005-44,6,64999.00,Botines Termoli FG
Kappa,K1361Q6GW-K005,K1361Q6GW-K005-45,2,64999.00,Botines Termoli FG
Kappa,K1361Q6GW-K063,K1361Q6GW-K063-34,0,64999.00,Botines Termoli FG
Kappa,K1361Q6GW-K063,K1361Q6GW-K063-35,0,64999.00,Botines Termoli FG
Kappa,K1361Q6GW-K063,K1361Q6GW-K063-36,0,64999.00,Botines Termoli FG
Kappa,K1361Q6GW-K063,K1361Q6GW-K063-37,0,64999.00,Botines Termoli FG
Kappa,K1361Q6GW-K063,K1361Q6GW-K063-38,0,64999.00,Botines Termoli FG
Kappa,K1361Q6GW-K063,K1361Q6GW-K063-39,1,64999.00,Botines Termoli FG
Kappa,K1361Q6GW-K063,K1361Q6GW-K063-40,3,64999.00,Botines Termoli FG
Kappa,K1361Q6GW-K063,K1361Q6GW-K063-41,4,64999.00,Botines Termoli FG
Kappa,K1361Q6GW-K063,K1361Q6GW-K063-42,8,64999.00,Botines Termoli FG
Kappa,K1361Q6GW-K063,K1361Q6GW-K063-43,5,64999.00,Botines Termoli FG
Kappa,K1361Q6GW-K063,K1361Q6GW-K063-44,4,64999.00,Botines Termoli FG
Kappa,K1361Q6GW-K063,K1361Q6GW-K063-45,1,64999.00,Botines Termoli FG
Kappa,K1361Q6GW-K903R,K1361Q6GW-K903R-35,0,64999.00,Botines Termoli FG
Kappa,K1361Q6GW-K903R,K1361Q6GW-K903R-36,2,64999.00,Botines Termoli FG
Kappa,K1361Q6GW-K903R,K1361Q6GW-K903R-37,3,64999.00,Botines Termoli FG
Kappa,K1361Q6GW-K903R,K1361Q6GW-K903R-38,0,64999.00,Botines Termoli FG
Kappa,K1361Q6GW-K903R,K1361Q6GW-K903R-39,2,64999.00,Botines Termoli FG
Kappa,K1361Q6GW-K903R,K1361Q6GW-K903R-40,3,64999.00,Botines Termoli FG
Kappa,K1361Q6GW-K903R,K1361Q6GW-K903R-41,3,64999.00,Botines Termoli FG
Kappa,K1361Q6GW-K903R,K1361Q6GW-K903R-42,6,64999.00,Botines Termoli FG
Kappa,K1361Q6GW-K903R,K1361Q6GW-K903R-43,7,64999.00,Botines Termoli FG
Kappa,K1361Q6GW-K903R,K1361Q6GW-K903R-44,5,64999.00,Botines Termoli FG
Kappa,K1361Q6GW-K903R,K1361Q6GW-K903R-45,2,64999.00,Botines Termoli FG
Kappa,K1361T18W-K063,K1361T18W-K063-35,0,64999.00,Botines Termoli IC
Kappa,K1361T18W-K063,K1361T18W-K063-36,0,64999.00,Botines Termoli IC
Kappa,K1361T18W-K063,K1361T18W-K063-37,0,64999.00,Botines Termoli IC
Kappa,K1361T18W-K063,K1361T18W-K063-38,0,64999.00,Botines Termoli IC
Kappa,K1361T18W-K063,K1361T18W-K063-39,2,64999.00,Botines Termoli IC
Kappa,K1361T18W-K063,K1361T18W-K063-40,1,64999.00,Botines Termoli IC
Kappa,K1361T18W-K063,K1361T18W-K063-41,2,64999.00,Botines Termoli IC
Kappa,K1361T18W-K063,K1361T18W-K063-42,1,64999.00,Botines Termoli IC
Kappa,K1361T18W-K063,K1361T18W-K063-43,0,64999.00,Botines Termoli IC
Kappa,K1361T18W-K063,K1361T18W-K063-44,0,64999.00,Botines Termoli IC
Kappa,K1361T18W-K063,K1361T18W-K063-45,0,64999.00,Botines Termoli IC
Kappa,K1361T18W-K903R,K1361T18W-K903R-35,0,64999.00,Botines Termoli IC
Kappa,K1361T18W-K903R,K1361T18W-K903R-36,0,64999.00,Botines Termoli IC
Kappa,K1361T18W-K903R,K1361T18W-K903R-37,0,64999.00,Botines Termoli IC
Kappa,K1361T18W-K903R,K1361T18W-K903R-38,0,64999.00,Botines Termoli IC
Kappa,K1361T18W-K903R,K1361T18W-K903R-39,0,64999.00,Botines Termoli IC
Kappa,K1361T18W-K903R,K1361T18W-K903R-40,1,64999.00,Botines Termoli IC
Kappa,K1361T18W-K903R,K1361T18W-K903R-41,2,64999.00,Botines Termoli IC
Kappa,K1361T18W-K903R,K1361T18W-K903R-42,3,64999.00,Botines Termoli IC
Kappa,K1361T18W-K903R,K1361T18W-K903R-43,3,64999.00,Botines Termoli IC
Kappa,K1361T18W-K903R,K1361T18W-K903R-44,2,64999.00,Botines Termoli IC
Kappa,K1361T18W-K903R,K1361T18W-K903R-45,1,64999.00,Botines Termoli IC
Kappa,K1341M85W-K977B,K1341M85W-K977B-39,0,64999.00,Botines Tivoli FG
Kappa,K1341M85W-K977B,K1341M85W-K977B-40,1,64999.00,Botines Tivoli FG
Kappa,K1341M85W-K977B,K1341M85W-K977B-41,5,64999.00,Botines Tivoli FG
Kappa,K1341M85W-K977B,K1341M85W-K977B-42,3,64999.00,Botines Tivoli FG
Kappa,K1341M85W-K977B,K1341M85W-K977B-43,4,64999.00,Botines Tivoli FG
Kappa,K1341M85W-K977B,K1341M85W-K977B-44,2,64999.00,Botines Tivoli FG
Kappa,K1341M85W-K996C,K1341M85W-K996C-39,2,64999.00,Botines Tivoli FG
Kappa,K1341M85W-K996C,K1341M85W-K996C-40,4,64999.00,Botines Tivoli FG
Kappa,K1341M85W-K996C,K1341M85W-K996C-41,7,64999.00,Botines Tivoli FG
Kappa,K1341M85W-K996C,K1341M85W-K996C-42,6,64999.00,Botines Tivoli FG
Kappa,K1341M85W-K996C,K1341M85W-K996C-43,4,64999.00,Botines Tivoli FG
Kappa,K1341M85W-K996C,K1341M85W-K996C-44,3,64999.00,Botines Tivoli FG
Kappa,K1341M86W-K977B,K1341M86W-K977B-39,0,64999.00,Botines Tivoli IC
Kappa,K1341M86W-K977B,K1341M86W-K977B-40,2,64999.00,Botines Tivoli IC
Kappa,K1341M86W-K977B,K1341M86W-K977B-41,3,64999.00,Botines Tivoli IC
Kappa,K1341M86W-K977B,K1341M86W-K977B-42,3,64999.00,Botines Tivoli IC
Kappa,K1341M86W-K977B,K1341M86W-K977B-43,2,64999.00,Botines Tivoli IC
Kappa,K1341M86W-K977B,K1341M86W-K977B-44,0,64999.00,Botines Tivoli IC
Kappa,K1341M86W-K996C,K1341M86W-K996C-39,0,64999.00,Botines Tivoli IC
Kappa,K1341M86W-K996C,K1341M86W-K996C-40,0,64999.00,Botines Tivoli IC
Kappa,K1341M86W-K996C,K1341M86W-K996C-41,7,64999.00,Botines Tivoli IC
Kappa,K1341M86W-K996C,K1341M86W-K996C-42,8,64999.00,Botines Tivoli IC
Kappa,K1341M86W-K996C,K1341M86W-K996C-43,4,64999.00,Botines Tivoli IC
Kappa,K1341M86W-K996C,K1341M86W-K996C-44,3,64999.00,Botines Tivoli IC
Kappa,K1341M86W-KC61A,K1341M86W-KC61A-39,1,64999.00,Botines Tivoli IC
Kappa,K1341M86W-KC61A,K1341M86W-KC61A-40,2,64999.00,Botines Tivoli IC
Kappa,K1341M86W-KC61A,K1341M86W-KC61A-41,4,64999.00,Botines Tivoli IC
Kappa,K1341M86W-KC61A,K1341M86W-KC61A-42,3,64999.00,Botines Tivoli IC
Kappa,K1341M86W-KC61A,K1341M86W-KC61A-43,2,64999.00,Botines Tivoli IC
Kappa,K1341M86W-KC61A,K1341M86W-KC61A-44,2,64999.00,Botines Tivoli IC
Kappa,K1341M87W-KC61A,K1341M87W-KC61A-39,0,45599.00,Botines Tivoli TG
Kappa,K1341M87W-KC61A,K1341M87W-KC61A-40,1,45599.00,Botines Tivoli TG
Kappa,K1341M87W-KC61A,K1341M87W-KC61A-41,0,45599.00,Botines Tivoli TG
Kappa,K1341M87W-KC61A,K1341M87W-KC61A-42,0,45599.00,Botines Tivoli TG
Kappa,K1341M87W-KC61A,K1341M87W-KC61A-43,1,45599.00,Botines Tivoli TG
Kappa,K1341M87W-KC61A,K1341M87W-KC61A-44,0,45599.00,Botines Tivoli TG
Kappa,K1321J58W-K821B,K1321J58W-K821B-35,1,67299.00,Botines Veloce Fg
Kappa,K1321J58W-K821B,K1321J58W-K821B-36,3,67299.00,Botines Veloce Fg
Kappa,K1321J58W-K821B,K1321J58W-K821B-37,6,67299.00,Botines Veloce Fg
Kappa,K1321J58W-K821B,K1321J58W-K821B-38,5,67299.00,Botines Veloce Fg
Kappa,K1321J58W-K821B,K1321J58W-K821B-39,3,67299.00,Botines Veloce Fg
Kappa,K1321J58W-K821B,K1321J58W-K821B-40,2,67299.00,Botines Veloce Fg
Kappa,K1321J58W-K821B,K1321J58W-K821B-41,0,67299.00,Botines Veloce Fg
Kappa,K1321J58W-K821B,K1321J58W-K821B-42,0,67299.00,Botines Veloce Fg
Kappa,K1321J58W-K821B,K1321J58W-K821B-43,0,67299.00,Botines Veloce Fg
Kappa,K1321J58W-K821B,K1321J58W-K821B-44,0,67299.00,Botines Veloce Fg
Kappa,K1321J58W-K821B,K1321J58W-K821B-45,0,67299.00,Botines Veloce Fg
Kappa,K1321J58W-K821B,K1321J58W-K821B-46,0,67299.00,Botines Veloce Fg
Kappa,K1321J58W-K900V,K1321J58W-K900V-35,0,67299.00,Botines Veloce Fg
Kappa,K1321J58W-K900V,K1321J58W-K900V-36,1,67299.00,Botines Veloce Fg
Kappa,K1321J58W-K900V,K1321J58W-K900V-37,2,67299.00,Botines Veloce Fg
Kappa,K1321J58W-K900V,K1321J58W-K900V-38,2,67299.00,Botines Veloce Fg
Kappa,K1321J58W-K900V,K1321J58W-K900V-39,2,67299.00,Botines Veloce Fg
Kappa,K1321J58W-K900V,K1321J58W-K900V-40,0,67299.00,Botines Veloce Fg
Kappa,K1321J58W-K900V,K1321J58W-K900V-41,0,67299.00,Botines Veloce Fg
Kappa,K1321J58W-K900V,K1321J58W-K900V-42,1,67299.00,Botines Veloce Fg
Kappa,K1321J58W-K900V,K1321J58W-K900V-43,0,67299.00,Botines Veloce Fg
Kappa,K1321J58W-K900V,K1321J58W-K900V-44,3,67299.00,Botines Veloce Fg
Kappa,K1321J58W-K900V,K1321J58W-K900V-45,0,67299.00,Botines Veloce Fg
Kappa,K1321J58W-K900V,K1321J58W-K900V-46,0,67299.00,Botines Veloce Fg
Kappa,K1321J58W-K839A,K1321J58W-K839A-35,2,67299.00,Botines Veloce Fg
Kappa,K1321J58W-K839A,K1321J58W-K839A-36,3,67299.00,Botines Veloce Fg
Kappa,K1321J58W-K839A,K1321J58W-K839A-37,4,67299.00,Botines Veloce Fg
Kappa,K1321J58W-K839A,K1321J58W-K839A-38,6,67299.00,Botines Veloce Fg
Kappa,K1321J58W-K839A,K1321J58W-K839A-39,3,67299.00,Botines Veloce Fg
Kappa,K1321J58W-K839A,K1321J58W-K839A-40,2,67299.00,Botines Veloce Fg
Kappa,K1321J58W-K839A,K1321J58W-K839A-41,0,67299.00,Botines Veloce Fg
Kappa,K1321J58W-K839A,K1321J58W-K839A-42,0,67299.00,Botines Veloce Fg
Kappa,K1321J58W-K839A,K1321J58W-K839A-43,0,67299.00,Botines Veloce Fg
Kappa,K1321J59W-K900V,K1321J59W-K900V-38,0,64999.00,Botines Veloce Ic
Kappa,K1321J59W-K900V,K1321J59W-K900V-39,0,64999.00,Botines Veloce Ic
Kappa,K1321J59W-K900V,K1321J59W-K900V-40,0,64999.00,Botines Veloce Ic
Kappa,K1321J59W-K900V,K1321J59W-K900V-41,0,64999.00,Botines Veloce Ic
Kappa,K1321J59W-K900V,K1321J59W-K900V-42,1,64999.00,Botines Veloce Ic
Kappa,K1321J59W-K900V,K1321J59W-K900V-43,0,64999.00,Botines Veloce Ic
Kappa,K1321J59W-K900V,K1321J59W-K900V-44,0,64999.00,Botines Veloce Ic
Kappa,K1321J59W-K900V,K1321J59W-K900V-45,0,64999.00,Botines Veloce Ic
Kappa,K1321J59W-K900V,K1321J59W-K900V-46,0,64999.00,Botines Veloce Ic
Kappa,K1321J59W-K979,K1321J59W-K979-41,1,64999.00,Botines Veloce Ic
Kappa,K1321J59W-K979,K1321J59W-K979-42,2,64999.00,Botines Veloce Ic
Kappa,K1321J59W-K979,K1321J59W-K979-43,3,64999.00,Botines Veloce Ic
Kappa,K1321J59W-K979,K1321J59W-K979-44,3,64999.00,Botines Veloce Ic
Kappa,K1321J59W-K979,K1321J59W-K979-45,2,64999.00,Botines Veloce Ic
Kappa,K1321J59W-K979,K1321J59W-K979-46,1,64999.00,Botines Veloce Ic
Kappa,K1321J5BW-K979,K1321J5BW-K979-40,1,67299.00,Botines Veloce Tg
Kappa,K1321J5BW-K979,K1321J5BW-K979-41,2,67299.00,Botines Veloce Tg
Kappa,K1321J5BW-K979,K1321J5BW-K979-42,2,67299.00,Botines Veloce Tg
Kappa,K1321J5BW-K979,K1321J5BW-K979-43,3,67299.00,Botines Veloce Tg
Kappa,K1321J5BW-K979,K1321J5BW-K979-44,2,67299.00,Botines Veloce Tg
Kappa,K1321J5BW-K979,K1321J5BW-K979-45,0,67299.00,Botines Veloce Tg
Kappa,K5341T7CW-K901,K5341T7CW-K901-24,0,64999.00,Botines Verona IC Kids
Kappa,K5341T7CW-K901,K5341T7CW-K901-25,0,64999.00,Botines Verona IC Kids
Kappa,K5341T7CW-K901,K5341T7CW-K901-26,0,64999.00,Botines Verona IC Kids
Kappa,K5341T7CW-K901,K5341T7CW-K901-27,1,64999.00,Botines Verona IC Kids
Kappa,K5341T7CW-K901,K5341T7CW-K901-28,0,64999.00,Botines Verona IC Kids
Kappa,K5341T7CW-K901,K5341T7CW-K901-29,3,64999.00,Botines Verona IC Kids
Kappa,K5341T7CW-K901,K5341T7CW-K901-30,2,64999.00,Botines Verona IC Kids
Kappa,K5341T7CW-K901,K5341T7CW-K901-31,3,64999.00,Botines Verona IC Kids
Kappa,K5341T7CW-K901,K5341T7CW-K901-32,1,64999.00,Botines Verona IC Kids
Kappa,K5341T7CW-K901,K5341T7CW-K901-33,2,64999.00,Botines Verona IC Kids
Kappa,K5341T7CW-K901,K5341T7CW-K901-34,0,64999.00,Botines Verona IC Kids
Kappa,K5341T7CW-K901,K5341T7CW-K901-35,0,64999.00,Botines Verona IC Kids
Kappa,K5341T7CW-K901,K5341T7CW-K901-36,0,64999.00,Botines Verona IC Kids
Kappa,K5341T7CW-K901,K5341T7CW-K901-37,0,64999.00,Botines Verona IC Kids
Kappa,K5341T7CW-K901,K5341T7CW-K901-38,0,64999.00,Botines Verona IC Kids
Kappa,K5341T7CW-K901,K5341T7CW-K901-39,0,64999.00,Botines Verona IC Kids
Kappa,K5341T7CW-K929,K5341T7CW-K929-24,0,64999.00,Botines Verona IC Kids
Kappa,K5341T7CW-K929,K5341T7CW-K929-25,0,64999.00,Botines Verona IC Kids
Kappa,K5341T7CW-K929,K5341T7CW-K929-26,0,64999.00,Botines Verona IC Kids
Kappa,K5341T7CW-K929,K5341T7CW-K929-27,0,64999.00,Botines Verona IC Kids
Kappa,K5341T7CW-K929,K5341T7CW-K929-28,1,64999.00,Botines Verona IC Kids
Kappa,K5341T7CW-K929,K5341T7CW-K929-29,1,64999.00,Botines Verona IC Kids
Kappa,K5341T7CW-K929,K5341T7CW-K929-30,0,64999.00,Botines Verona IC Kids
Kappa,K5341T7CW-K929,K5341T7CW-K929-31,0,64999.00,Botines Verona IC Kids
Kappa,K5341T7CW-K929,K5341T7CW-K929-32,0,64999.00,Botines Verona IC Kids
Kappa,K5341T7CW-K929,K5341T7CW-K929-33,0,64999.00,Botines Verona IC Kids
Kappa,K5341T7CW-K929,K5341T7CW-K929-34,0,64999.00,Botines Verona IC Kids
Kappa,K5341T7CW-K929,K5341T7CW-K929-35,0,64999.00,Botines Verona IC Kids
Kappa,K5341T7CW-K929,K5341T7CW-K929-36,0,64999.00,Botines Verona IC Kids
Kappa,K5341T7CW-K929,K5341T7CW-K929-37,1,64999.00,Botines Verona IC Kids
Kappa,K5341T7CW-K929,K5341T7CW-K929-38,0,64999.00,Botines Verona IC Kids
Kappa,K5341T7CW-K929,K5341T7CW-K929-39,0,64999.00,Botines Verona IC Kids
Kappa,K2382N73W-K490,K2382N73W-K490-XS,2,87999.00,Buzo Authentic Ona
Kappa,K2382N73W-K490,K2382N73W-K490-S,2,87999.00,Buzo Authentic Ona
Kappa,K2382N73W-K490,K2382N73W-K490-M,5,87999.00,Buzo Authentic Ona
Kappa,K2382N73W-K490,K2382N73W-K490-L,4,87999.00,Buzo Authentic Ona
Kappa,K2382N73W-K490,K2382N73W-K490-XL,4,87999.00,Buzo Authentic Ona
Kappa,K2382N73W-K849,K2382N73W-K849-XS,0,87999.00,Buzo Authentic Ona
Kappa,K2382N73W-K849,K2382N73W-K849-S,0,87999.00,Buzo Authentic Ona
Kappa,K2382N73W-K849,K2382N73W-K849-M,7,87999.00,Buzo Authentic Ona
Kappa,K2382N73W-K849,K2382N73W-K849-L,1,87999.00,Buzo Authentic Ona
Kappa,K2382N73W-K849,K2382N73W-K849-XL,0,87999.00,Buzo Authentic Ona
Kappa,K2342B66W-KA09F,K2342B66W-KA09F-XS,4,134999.00,Buzo de Entrenamiento 1/2 Cierre Club Atlético Tucumán
Kappa,K2342B66W-KA09F,K2342B66W-KA09F-S,4,134999.00,Buzo de Entrenamiento 1/2 Cierre Club Atlético Tucumán
Kappa,K2342B66W-KA09F,K2342B66W-KA09F-M,5,134999.00,Buzo de Entrenamiento 1/2 Cierre Club Atlético Tucumán
Kappa,K2342B66W-KA09F,K2342B66W-KA09F-L,5,134999.00,Buzo de Entrenamiento 1/2 Cierre Club Atlético Tucumán
Kappa,K2342B66W-KA09F,K2342B66W-KA09F-XL,4,134999.00,Buzo de Entrenamiento 1/2 Cierre Club Atlético Tucumán
Kappa,K2342B66W-KA09F,K2342B66W-KA09F-XXL,0,134999.00,Buzo de Entrenamiento 1/2 Cierre Club Atlético Tucumán
Kappa,K2342B66W-KA09F,K2342B66W-KA09F-XXXL,0,134999.00,Buzo de Entrenamiento 1/2 Cierre Club Atlético Tucumán
Kappa,K2342B66W-KA0TD,K2342B66W-KA0TD-XS,1,134999.00,Buzo de Entrenamiento 1/2 Cierre Club Atlético Tucumán
Kappa,K2342B66W-KA0TD,K2342B66W-KA0TD-S,3,134999.00,Buzo de Entrenamiento 1/2 Cierre Club Atlético Tucumán
Kappa,K2342B66W-KA0TD,K2342B66W-KA0TD-M,5,134999.00,Buzo de Entrenamiento 1/2 Cierre Club Atlético Tucumán
Kappa,K2342B66W-KA0TD,K2342B66W-KA0TD-L,1,134999.00,Buzo de Entrenamiento 1/2 Cierre Club Atlético Tucumán
Kappa,K2342B66W-KA0TD,K2342B66W-KA0TD-XL,4,134999.00,Buzo de Entrenamiento 1/2 Cierre Club Atlético Tucumán
Kappa,K2342B66W-KA0TD,K2342B66W-KA0TD-XXL,2,134999.00,Buzo de Entrenamiento 1/2 Cierre Club Atlético Tucumán
Kappa,K2342B66W-KA0TD,K2342B66W-KA0TD-XXXL,1,134999.00,Buzo de Entrenamiento 1/2 Cierre Club Atlético Tucumán
Kappa,K233267RW-KS03,K233267RW-KS03-XS,2,99999.00,Buzo de entrenamiento medio cierre San Martín de Tucumán
Kappa,K233267RW-KS03,K233267RW-KS03-S,2,99999.00,Buzo de entrenamiento medio cierre San Martín de Tucumán
Kappa,K233267RW-KS03,K233267RW-KS03-M,0,99999.00,Buzo de entrenamiento medio cierre San Martín de Tucumán
Kappa,K233267RW-KS03,K233267RW-KS03-L,0,99999.00,Buzo de entrenamiento medio cierre San Martín de Tucumán
Kappa,K233267RW-KS03,K233267RW-KS03-XL,0,99999.00,Buzo de entrenamiento medio cierre San Martín de Tucumán
Kappa,K233267RW-KS03,K233267RW-KS03-XXL,1,99999.00,Buzo de entrenamiento medio cierre San Martín de Tucumán
Kappa,K233267RW-KS03,K233267RW-KS03-XXXL,5,99999.00,Buzo de entrenamiento medio cierre San Martín de Tucumán
Kappa,K238264KW-KA07M,K238264KW-KA07M-XS,2,99999.00,Buzo De Entrenamiento Medio Cierre Tigre
Kappa,K238264KW-KA07M,K238264KW-KA07M-S,1,99999.00,Buzo De Entrenamiento Medio Cierre Tigre
Kappa,K238264KW-KA07M,K238264KW-KA07M-M,0,99999.00,Buzo De Entrenamiento Medio Cierre Tigre
Kappa,K238264KW-KA07M,K238264KW-KA07M-L,0,99999.00,Buzo De Entrenamiento Medio Cierre Tigre
Kappa,K238264KW-KA07M,K238264KW-KA07M-XL,0,99999.00,Buzo De Entrenamiento Medio Cierre Tigre
Kappa,K238264KW-KA07M,K238264KW-KA07M-XXL,0,99999.00,Buzo De Entrenamiento Medio Cierre Tigre
Kappa,K238264KW-KA07M,K238264KW-KA07M-XXXL,0,99999.00,Buzo De Entrenamiento Medio Cierre Tigre
Kappa,K238265NW-KC25,K238265NW-KC25-L,0,93199.00,Buzo Entrenamiento Medio Cierre Aldosivi
Kappa,K238265NW-KC25,K238265NW-KC25-M,0,93199.00,Buzo Entrenamiento Medio Cierre Aldosivi
Kappa,K238265NW-KC25,K238265NW-KC25-S,0,93199.00,Buzo Entrenamiento Medio Cierre Aldosivi
Kappa,K238265NW-KC25,K238265NW-KC25-XL,0,93199.00,Buzo Entrenamiento Medio Cierre Aldosivi
Kappa,K238265NW-KC25,K238265NW-KC25-XS,0,93199.00,Buzo Entrenamiento Medio Cierre Aldosivi
Kappa,K238265NW-KC25,K238265NW-KC25-XXL,2,93199.00,Buzo Entrenamiento Medio Cierre Aldosivi
Kappa,K238265NW-KC25,K238265NW-KC25-XXXL,0,93199.00,Buzo Entrenamiento Medio Cierre Aldosivi
Kappa,K235245WW-KS03,K235245WW-KS03-6,2,82799.00,Buzo entrenamiento medio cierre San Martín de Tucumán Kids
Kappa,K235245WW-KS03,K235245WW-KS03-8,2,82799.00,Buzo entrenamiento medio cierre San Martín de Tucumán Kids
Kappa,K235245WW-KS03,K235245WW-KS03-10,3,82799.00,Buzo entrenamiento medio cierre San Martín de Tucumán Kids
Kappa,K235245WW-KS03,K235245WW-KS03-12,3,82799.00,Buzo entrenamiento medio cierre San Martín de Tucumán Kids
Kappa,K2322F8NW-KPA004,K2322F8NW-KPA004-S,2,56999.00,Buzo Kappa 4 Foootball
Kappa,K2322F8NW-KPA004,K2322F8NW-KPA004-M,0,56999.00,Buzo Kappa 4 Foootball
Kappa,K2322F8NW-KPA004,K2322F8NW-KPA004-L,0,56999.00,Buzo Kappa 4 Foootball
Kappa,K2322F8NW-KPA004,K2322F8NW-KPA004-XL,0,56999.00,Buzo Kappa 4 Foootball
Kappa,K2322F8NW-KPA004,K2322F8NW-KPA004-XXL,0,56999.00,Buzo Kappa 4 Foootball
Kappa,K2322F8NW-KPA004,K2322F8NW-KPA004-XXXL,2,56999.00,Buzo Kappa 4 Foootball
Kappa,K2322F8NW-KPAA00,K2322F8NW-KPAA00-S,3,56999.00,Buzo Kappa 4 Foootball
Kappa,K2322F8NW-KPAA00,K2322F8NW-KPAA00-M,2,56999.00,Buzo Kappa 4 Foootball
Kappa,K2322F8NW-KPAA00,K2322F8NW-KPAA00-L,0,56999.00,Buzo Kappa 4 Foootball
Kappa,K2322F8NW-KPAA00,K2322F8NW-KPAA00-XL,0,56999.00,Buzo Kappa 4 Foootball
Kappa,K2322F8NW-KPAA00,K2322F8NW-KPAA00-XXL,0,56999.00,Buzo Kappa 4 Foootball
Kappa,K2322F8NW-KPAA00,K2322F8NW-KPAA00-XXXL,2,56999.00,Buzo Kappa 4 Foootball
Kappa,K232287GW-KPA004,K232287GW-KPA004-S,2,51799.00,Buzo Kappa 4 Football Gaverno
Kappa,K232287GW-KPA004,K232287GW-KPA004-M,0,51799.00,Buzo Kappa 4 Football Gaverno
Kappa,K232287GW-KPA004,K232287GW-KPA004-L,0,51799.00,Buzo Kappa 4 Football Gaverno
Kappa,K232287GW-KPA004,K232287GW-KPA004-XL,0,51799.00,Buzo Kappa 4 Football Gaverno
Kappa,K232287GW-KPA004,K232287GW-KPA004-XXL,0,51799.00,Buzo Kappa 4 Football Gaverno
Kappa,K232287GW-KPA004,K232287GW-KPA004-XXXL,0,51799.00,Buzo Kappa 4 Football Gaverno
Kappa,K232287GW-KPAA00,K232287GW-KPAA00-S,2,51799.00,Buzo Kappa 4 Football Gaverno
Kappa,K232287GW-KPAA00,K232287GW-KPAA00-M,2,51799.00,Buzo Kappa 4 Football Gaverno
Kappa,K232287GW-KPAA00,K232287GW-KPAA00-L,0,51799.00,Buzo Kappa 4 Football Gaverno
Kappa,K232287GW-KPAA00,K232287GW-KPAA00-XL,1,51799.00,Buzo Kappa 4 Football Gaverno
Kappa,K232287GW-KPAA00,K232287GW-KPAA00-XXL,0,51799.00,Buzo Kappa 4 Football Gaverno
Kappa,K232287GW-KPAA00,K232287GW-KPAA00-XXXL,1,51799.00,Buzo Kappa 4 Football Gaverno
Kappa,K2311L7VW-KAA06,K2311L7VW-KAA06-S,3,62099.00,Buzo Kappa 4 Lovato
Kappa,K2311L7VW-KAA06,K2311L7VW-KAA06-M,1,62099.00,Buzo Kappa 4 Lovato
Kappa,K2311L7VW-KAA06,K2311L7VW-KAA06-L,4,62099.00,Buzo Kappa 4 Lovato
Kappa,K2311L7VW-KAA06,K2311L7VW-KAA06-XL,1,62099.00,Buzo Kappa 4 Lovato
Kappa,K2311L7VW-KAA06,K2311L7VW-KAA06-XXL,1,62099.00,Buzo Kappa 4 Lovato
Kappa,K2311L7VW-KAA06,K2311L7VW-KAA06-XXXL,0,62099.00,Buzo Kappa 4 Lovato
Kappa,K2381U6FW-KUZ9,K2381U6FW-KUZ9-XS,0,45599.00,Buzo Kappa Deffy
Kappa,K2381U6FW-KUZ9,K2381U6FW-KUZ9-S,0,45599.00,Buzo Kappa Deffy
Kappa,K2381U6FW-KUZ9,K2381U6FW-KUZ9-M,0,45599.00,Buzo Kappa Deffy
Kappa,K2381U6FW-KUZ9,K2381U6FW-KUZ9-L,0,45599.00,Buzo Kappa Deffy
Kappa,K2381U6FW-KUZ9,K2381U6FW-KUZ9-XL,1,45599.00,Buzo Kappa Deffy
Kappa,K2322D36W-KA01N,K2322D36W-KA01N-XS,0,134999.00,Buzo Kappa Helium Muzira Pro Aldosivi
Kappa,K2322D36W-KA01N,K2322D36W-KA01N-S,2,134999.00,Buzo Kappa Helium Muzira Pro Aldosivi
Kappa,K2322D36W-KA01N,K2322D36W-KA01N-M,5,134999.00,Buzo Kappa Helium Muzira Pro Aldosivi
Kappa,K2322D36W-KA01N,K2322D36W-KA01N-L,6,134999.00,Buzo Kappa Helium Muzira Pro Aldosivi
Kappa,K2322D36W-KA01N,K2322D36W-KA01N-XL,5,134999.00,Buzo Kappa Helium Muzira Pro Aldosivi
Kappa,K2322D36W-KA01N,K2322D36W-KA01N-XXL,1,134999.00,Buzo Kappa Helium Muzira Pro Aldosivi
Kappa,K2322D36W-KA01N,K2322D36W-KA01N-XXXL,1,134999.00,Buzo Kappa Helium Muzira Pro Aldosivi
Kappa,K2322D36W-KY10,K2322D36W-KY10-XS,1,134999.00,Buzo Kappa Helium Muzira Pro Aldosivi
Kappa,K2322D36W-KY10,K2322D36W-KY10-S,2,134999.00,Buzo Kappa Helium Muzira Pro Aldosivi
Kappa,K2322D36W-KY10,K2322D36W-KY10-M,0,134999.00,Buzo Kappa Helium Muzira Pro Aldosivi
Kappa,K2322D36W-KY10,K2322D36W-KY10-L,0,134999.00,Buzo Kappa Helium Muzira Pro Aldosivi
Kappa,K2322D36W-KY10,K2322D36W-KY10-XL,4,134999.00,Buzo Kappa Helium Muzira Pro Aldosivi
Kappa,K2322D36W-KY10,K2322D36W-KY10-XXL,1,134999.00,Buzo Kappa Helium Muzira Pro Aldosivi
Kappa,K2322D36W-KY10,K2322D36W-KY10-XXXL,1,134999.00,Buzo Kappa Helium Muzira Pro Aldosivi
Kappa,K2372772W-KA02M,K2372772W-KA02M-XS,6,134999.00,Buzo Kappa Helium Muzira Pro San Martín
Kappa,K2372772W-KA02M,K2372772W-KA02M-S,11,134999.00,Buzo Kappa Helium Muzira Pro San Martín
Kappa,K2372772W-KA02M,K2372772W-KA02M-M,20,134999.00,Buzo Kappa Helium Muzira Pro San Martín
Kappa,K2372772W-KA02M,K2372772W-KA02M-L,19,134999.00,Buzo Kappa Helium Muzira Pro San Martín
Kappa,K2372772W-KA02M,K2372772W-KA02M-XL,17,134999.00,Buzo Kappa Helium Muzira Pro San Martín
Kappa,K2372772W-KA02M,K2372772W-KA02M-XXL,12,134999.00,Buzo Kappa Helium Muzira Pro San Martín
Kappa,K2372772W-KA02M,K2372772W-KA02M-XXXL,6,134999.00,Buzo Kappa Helium Muzira Pro San Martín
Kappa,K2372772W-KA03B,K2372772W-KA03B-XS,4,134999.00,Buzo Kappa Helium Muzira Pro San Martín
Kappa,K2372772W-KA03B,K2372772W-KA03B-S,8,134999.00,Buzo Kappa Helium Muzira Pro San Martín
Kappa,K2372772W-KA03B,K2372772W-KA03B-M,10,134999.00,Buzo Kappa Helium Muzira Pro San Martín
Kappa,K2372772W-KA03B,K2372772W-KA03B-L,15,134999.00,Buzo Kappa Helium Muzira Pro San Martín
Kappa,K2372772W-KA03B,K2372772W-KA03B-XL,12,134999.00,Buzo Kappa Helium Muzira Pro San Martín
Kappa,K2372772W-KA03B,K2372772W-KA03B-XXL,7,134999.00,Buzo Kappa Helium Muzira Pro San Martín
Kappa,K2372772W-KA03B,K2372772W-KA03B-XXXL,6,134999.00,Buzo Kappa Helium Muzira Pro San Martín
Kappa,K2311Q8DW-KWAJ,K2311Q8DW-KWAJ-S,2,82799.00,Buzo Kappa Logo Gippi 2
Kappa,K2311Q8DW-KWAJ,K2311Q8DW-KWAJ-M,6,82799.00,Buzo Kappa Logo Gippi 2
Kappa,K2311Q8DW-KWAJ,K2311Q8DW-KWAJ-L,12,82799.00,Buzo Kappa Logo Gippi 2
Kappa,K2311Q8DW-KWAJ,K2311Q8DW-KWAJ-XL,5,82799.00,Buzo Kappa Logo Gippi 2
Kappa,K2311Q8DW-KWAJ,K2311Q8DW-KWAJ-XXL,5,82799.00,Buzo Kappa Logo Gippi 2
Kappa,K234233TW-K909M,K234233TW-K909M-S,3,67299.00,Buzo Kappa Logo Korpo Zaive
Kappa,K234233TW-K909M,K234233TW-K909M-M,0,67299.00,Buzo Kappa Logo Korpo Zaive
Kappa,K234233TW-K909M,K234233TW-K909M-L,0,67299.00,Buzo Kappa Logo Korpo Zaive
Kappa,K234233TW-K909M,K234233TW-K909M-XL,0,67299.00,Buzo Kappa Logo Korpo Zaive
Kappa,K234233TW-K909M,K234233TW-K909M-XXL,0,67299.00,Buzo Kappa Logo Korpo Zaive
Kappa,K234233TW-K953,K234233TW-K953-S,4,67299.00,Buzo Kappa Logo Korpo Zaive
Kappa,K234233TW-K953,K234233TW-K953-M,8,67299.00,Buzo Kappa Logo Korpo Zaive
Kappa,K234233TW-K953,K234233TW-K953-L,4,67299.00,Buzo Kappa Logo Korpo Zaive
Kappa,K234233TW-K953,K234233TW-K953-XL,3,67299.00,Buzo Kappa Logo Korpo Zaive
Kappa,K234233TW-K953,K234233TW-K953-XXL,1,67299.00,Buzo Kappa Logo Korpo Zaive
Kappa,K234233TW-KP77M,K234233TW-KP77M-S,4,67299.00,Buzo Kappa Logo Korpo Zaive
Kappa,K234233TW-KP77M,K234233TW-KP77M-M,6,67299.00,Buzo Kappa Logo Korpo Zaive
Kappa,K234233TW-KP77M,K234233TW-KP77M-L,7,67299.00,Buzo Kappa Logo Korpo Zaive
Kappa,K234233TW-KP77M,K234233TW-KP77M-XL,2,67299.00,Buzo Kappa Logo Korpo Zaive
Kappa,K234233TW-KP77M,K234233TW-KP77M-XXL,5,67299.00,Buzo Kappa Logo Korpo Zaive
Kappa,K234233TW-KGLG,K234233TW-KGLG-S,5,67299.00,Buzo Kappa Logo Korpo Zaive
Kappa,K234233TW-KGLG,K234233TW-KGLG-M,3,67299.00,Buzo Kappa Logo Korpo Zaive
Kappa,K234233TW-KGLG,K234233TW-KGLG-L,3,67299.00,Buzo Kappa Logo Korpo Zaive
Kappa,K234233TW-KGLG,K234233TW-KGLG-XL,5,67299.00,Buzo Kappa Logo Korpo Zaive
Kappa,K234233TW-KGLG,K234233TW-KGLG-XXL,1,67299.00,Buzo Kappa Logo Korpo Zaive
Kappa,K2321U59W-K384,K2321U59W-K384-S,1,67299.00,Buzo Logo Airi Crew
Kappa,K2321U59W-K384,K2321U59W-K384-M,1,67299.00,Buzo Logo Airi Crew
Kappa,K2321U59W-K384,K2321U59W-K384-L,1,67299.00,Buzo Logo Airi Crew
Kappa,K2321U59W-K384,K2321U59W-K384-XL,2,67299.00,Buzo Logo Airi Crew
Kappa,K2321U59W-K384,K2321U59W-K384-XXL,0,67299.00,Buzo Logo Airi Crew
Kappa,K234233WW-KP77M,K234233WW-KP77M-XS,1,60099.00,Buzo Logo Fekka 2
Kappa,K234233WW-KP77M,K234233WW-KP77M-S,2,60099.00,Buzo Logo Fekka 2
Kappa,K234233WW-KP77M,K234233WW-KP77M-M,2,60099.00,Buzo Logo Fekka 2
Kappa,K234233WW-KP77M,K234233WW-KP77M-L,2,60099.00,Buzo Logo Fekka 2
Kappa,K234233WW-KP77M,K234233WW-KP77M-XL,1,60099.00,Buzo Logo Fekka 2
Kappa,K234233UW-K909M,K234233UW-K909M-S,4,63199.00,Buzo logo Korpo Caimali 2
Kappa,K234233UW-K909M,K234233UW-K909M-M,4,63199.00,Buzo logo Korpo Caimali 2
Kappa,K234233UW-K909M,K234233UW-K909M-L,4,63199.00,Buzo logo Korpo Caimali 2
Kappa,K234233UW-K909M,K234233UW-K909M-XL,3,63199.00,Buzo logo Korpo Caimali 2
Kappa,K234233UW-K909M,K234233UW-K909M-XXL,2,63199.00,Buzo logo Korpo Caimali 2
Kappa,K234233UW-KP77M,K234233UW-KP77M-S,2,63199.00,Buzo logo Korpo Caimali 2
Kappa,K234233UW-KP77M,K234233UW-KP77M-M,3,63199.00,Buzo logo Korpo Caimali 2
Kappa,K234233UW-KP77M,K234233UW-KP77M-L,3,63199.00,Buzo logo Korpo Caimali 2
Kappa,K234233UW-KP77M,K234233UW-KP77M-XL,2,63199.00,Buzo logo Korpo Caimali 2
Kappa,K234233UW-KP77M,K234233UW-KP77M-XXL,2,63199.00,Buzo logo Korpo Caimali 2
Kappa,K2382G4TW-KA01O,K2382G4TW-KA01O-XS,4,134999.00,Buzo Medio Cierre Kappa Helium Muzira Pro Huracan
Kappa,K2382G4TW-KA01O,K2382G4TW-KA01O-S,4,134999.00,Buzo Medio Cierre Kappa Helium Muzira Pro Huracan
Kappa,K2382G4TW-KA01O,K2382G4TW-KA01O-M,10,134999.00,Buzo Medio Cierre Kappa Helium Muzira Pro Huracan
Kappa,K2382G4TW-KA01O,K2382G4TW-KA01O-L,5,134999.00,Buzo Medio Cierre Kappa Helium Muzira Pro Huracan
Kappa,K2382G4TW-KA01O,K2382G4TW-KA01O-XL,6,134999.00,Buzo Medio Cierre Kappa Helium Muzira Pro Huracan
Kappa,K2382G4TW-KA01O,K2382G4TW-KA01O-XXL,0,134999.00,Buzo Medio Cierre Kappa Helium Muzira Pro Huracan
Kappa,K2382G4TW-KA01O,K2382G4TW-KA01O-XXXL,1,134999.00,Buzo Medio Cierre Kappa Helium Muzira Pro Huracan
Kappa,K2382G4TW-KH01,K2382G4TW-KH01-XS,1,134999.00,Buzo Medio Cierre Kappa Helium Muzira Pro Huracan
Kappa,K2382G4TW-KH01,K2382G4TW-KH01-S,7,134999.00,Buzo Medio Cierre Kappa Helium Muzira Pro Huracan
Kappa,K2382G4TW-KH01,K2382G4TW-KH01-M,8,134999.00,Buzo Medio Cierre Kappa Helium Muzira Pro Huracan
Kappa,K2382G4TW-KH01,K2382G4TW-KH01-L,10,134999.00,Buzo Medio Cierre Kappa Helium Muzira Pro Huracan
Kappa,K2382G4TW-KH01,K2382G4TW-KH01-XL,6,134999.00,Buzo Medio Cierre Kappa Helium Muzira Pro Huracan
Kappa,K2382G4TW-KH01,K2382G4TW-KH01-XXL,4,134999.00,Buzo Medio Cierre Kappa Helium Muzira Pro Huracan
Kappa,K2382G4TW-KH01,K2382G4TW-KH01-XXXL,4,134999.00,Buzo Medio Cierre Kappa Helium Muzira Pro Huracan
Kappa,K238187ZW-KC4A,K238187ZW-KC4A-XS,6,39399.00,Calza 222 Banda Dicles 2
Kappa,K238187ZW-KC4A,K238187ZW-KC4A-S,7,39399.00,Calza 222 Banda Dicles 2
Kappa,K238187ZW-KC4A,K238187ZW-KC4A-M,10,39399.00,Calza 222 Banda Dicles 2
Kappa,K238187ZW-KC4A,K238187ZW-KC4A-L,9,39399.00,Calza 222 Banda Dicles 2
Kappa,K238187ZW-KC4A,K238187ZW-KC4A-XL,10,39399.00,Calza 222 Banda Dicles 2
Kappa,K238187ZW-KC4A,K238187ZW-KC4A-XXL,5,39399.00,Calza 222 Banda Dicles 2
Kappa,K2382N72W-K005,K2382N72W-K005-XS,0,62099.00,Calza Authentic Vetra
Kappa,K2382N72W-K005,K2382N72W-K005-S,0,62099.00,Calza Authentic Vetra
Kappa,K2382N72W-K005,K2382N72W-K005-M,0,62099.00,Calza Authentic Vetra
Kappa,K2382N72W-K005,K2382N72W-K005-L,2,62099.00,Calza Authentic Vetra
Kappa,K2382N72W-K005,K2382N72W-K005-XL,3,62099.00,Calza Authentic Vetra
Kappa,K2322G5WW-K000,K2322G5WW-K000-XS,2,46599.00,Calza Biker Banda 222
Kappa,K2322G5WW-K000,K2322G5WW-K000-S,3,46599.00,Calza Biker Banda 222
Kappa,K2322G5WW-K000,K2322G5WW-K000-M,5,46599.00,Calza Biker Banda 222
Kappa,K2322G5WW-K000,K2322G5WW-K000-L,4,46599.00,Calza Biker Banda 222
Kappa,K2322G5WW-K000,K2322G5WW-K000-XL,2,46599.00,Calza Biker Banda 222
Kappa,K2322G5WW-K005,K2322G5WW-K005-XS,3,46599.00,Calza Biker Banda 222
Kappa,K2322G5WW-K005,K2322G5WW-K005-S,7,46599.00,Calza Biker Banda 222
Kappa,K2322G5WW-K005,K2322G5WW-K005-M,3,46599.00,Calza Biker Banda 222
Kappa,K2322G5WW-K005,K2322G5WW-K005-L,6,46599.00,Calza Biker Banda 222
Kappa,K2322G5WW-K005,K2322G5WW-K005-XL,0,46599.00,Calza Biker Banda 222
Kappa,K2321H4MW-K005,K2321H4MW-K005-XS,3,19699.00,Calza corta
Kappa,K2321H4MW-K005,K2321H4MW-K005-S,4,19699.00,Calza corta
Kappa,K2321H4MW-K005,K2321H4MW-K005-M,0,19699.00,Calza corta
Kappa,K2321H4MW-K005,K2321H4MW-K005-L,0,19699.00,Calza corta
Kappa,K2321H4MW-K005,K2321H4MW-K005-XL,0,19699.00,Calza corta
Kappa,K2321H4MW-K005,K2321H4MW-K005-XXL,6,19699.00,Calza corta
Kappa,K2321H4MW-K005,K2321H4MW-K005-XXXL,0,19699.00,Calza corta
Kappa,K2321H4MW-K100,K2321H4MW-K100-XS,6,19699.00,Calza corta
Kappa,K2321H4MW-K100,K2321H4MW-K100-S,1,19699.00,Calza corta
Kappa,K2321H4MW-K100,K2321H4MW-K100-M,0,19699.00,Calza corta
Kappa,K2321H4MW-K100,K2321H4MW-K100-L,0,19699.00,Calza corta
Kappa,K2321H4MW-K100,K2321H4MW-K100-XL,0,19699.00,Calza corta
Kappa,K2321H4MW-K100,K2321H4MW-K100-XXL,0,19699.00,Calza corta
Kappa,K2321H4MW-K100,K2321H4MW-K100-XXXL,1,19699.00,Calza corta
Kappa,K234184DW-K005,K234184DW-K005-XS,1,35199.00,Calza Drumalio
Kappa,K234184DW-K005,K234184DW-K005-S,0,35199.00,Calza Drumalio
Kappa,K234184DW-K005,K234184DW-K005-M,0,35199.00,Calza Drumalio
Kappa,K234184DW-K005,K234184DW-K005-L,0,35199.00,Calza Drumalio
Kappa,K234184DW-K005,K234184DW-K005-XL,0,35199.00,Calza Drumalio
Kappa,K234184DW-K005,K234184DW-K005-XXL,0,35199.00,Calza Drumalio
Kappa,K237246EW-K001,K237246EW-K001-S,2,41399.00,Calza Kappa 4 Skin Kombat Vurgay
Kappa,K237246EW-K001,K237246EW-K001-M,3,41399.00,Calza Kappa 4 Skin Kombat Vurgay
Kappa,K237246EW-K001,K237246EW-K001-L,3,41399.00,Calza Kappa 4 Skin Kombat Vurgay
Kappa,K237246EW-K001,K237246EW-K001-XL,3,41399.00,Calza Kappa 4 Skin Kombat Vurgay
Kappa,K237246EW-K001,K237246EW-K001-XXL,2,41399.00,Calza Kappa 4 Skin Kombat Vurgay
Kappa,K237246EW-K001,K237246EW-K001-XXXL,2,41399.00,Calza Kappa 4 Skin Kombat Vurgay
Kappa,K237246EW-K005,K237246EW-K005-S,2,41399.00,Calza Kappa 4 Skin Kombat Vurgay
Kappa,K237246EW-K005,K237246EW-K005-M,3,41399.00,Calza Kappa 4 Skin Kombat Vurgay
Kappa,K237246EW-K005,K237246EW-K005-L,3,41399.00,Calza Kappa 4 Skin Kombat Vurgay
Kappa,K237246EW-K005,K237246EW-K005-XL,1,41399.00,Calza Kappa 4 Skin Kombat Vurgay
Kappa,K237246EW-K005,K237246EW-K005-XXL,2,41399.00,Calza Kappa 4 Skin Kombat Vurgay
Kappa,K237246EW-K005,K237246EW-K005-XXXL,2,41399.00,Calza Kappa 4 Skin Kombat Vurgay
Kappa,K237246EW-K193,K237246EW-K193-S,2,41399.00,Calza Kappa 4 Skin Kombat Vurgay
Kappa,K237246EW-K193,K237246EW-K193-M,4,41399.00,Calza Kappa 4 Skin Kombat Vurgay
Kappa,K237246EW-K193,K237246EW-K193-L,4,41399.00,Calza Kappa 4 Skin Kombat Vurgay
Kappa,K237246EW-K193,K237246EW-K193-XL,2,41399.00,Calza Kappa 4 Skin Kombat Vurgay
Kappa,K237246EW-K193,K237246EW-K193-XXL,2,41399.00,Calza Kappa 4 Skin Kombat Vurgay
Kappa,K237246EW-K193,K237246EW-K193-XXXL,2,41399.00,Calza Kappa 4 Skin Kombat Vurgay
Kappa,K2361Z7RW-K005,K2361Z7RW-K005-XS,3,67299.00,Calza Kappa Kombat Giun 2
Kappa,K2361Z7RW-K005,K2361Z7RW-K005-S,8,67299.00,Calza Kappa Kombat Giun 2
Kappa,K2361Z7RW-K005,K2361Z7RW-K005-M,9,67299.00,Calza Kappa Kombat Giun 2
Kappa,K2361Z7RW-K005,K2361Z7RW-K005-L,4,67299.00,Calza Kappa Kombat Giun 2
Kappa,K2361Z7RW-K005,K2361Z7RW-K005-XL,2,67299.00,Calza Kappa Kombat Giun 2
Kappa,K2361Z7RW-K953,K2361Z7RW-K953-XS,4,67299.00,Calza Kappa Kombat Giun 2
Kappa,K2361Z7RW-K953,K2361Z7RW-K953-S,8,67299.00,Calza Kappa Kombat Giun 2
Kappa,K2361Z7RW-K953,K2361Z7RW-K953-M,9,67299.00,Calza Kappa Kombat Giun 2
Kappa,K2361Z7RW-K953,K2361Z7RW-K953-L,7,67299.00,Calza Kappa Kombat Giun 2
Kappa,K2361Z7RW-K953,K2361Z7RW-K953-XL,3,67299.00,Calza Kappa Kombat Giun 2
Kappa,K2341S13W-KUZ9,K2341S13W-KUZ9-XS,5,34199.00,Calza Kappa Logo Tape Dicles
Kappa,K2341S13W-KUZ9,K2341S13W-KUZ9-S,7,34199.00,Calza Kappa Logo Tape Dicles
Kappa,K2341S13W-KUZ9,K2341S13W-KUZ9-M,7,34199.00,Calza Kappa Logo Tape Dicles
Kappa,K2341S13W-KUZ9,K2341S13W-KUZ9-L,7,34199.00,Calza Kappa Logo Tape Dicles
Kappa,K2341S13W-KUZ9,K2341S13W-KUZ9-XL,7,34199.00,Calza Kappa Logo Tape Dicles
Kappa,K2361N8GW-KUZ9,K2361N8GW-KUZ9-XS,4,34199.00,Calza Logo Tape Atuiz
Kappa,K2361N8GW-KUZ9,K2361N8GW-KUZ9-S,3,34199.00,Calza Logo Tape Atuiz
Kappa,K2361N8GW-KUZ9,K2361N8GW-KUZ9-M,3,34199.00,Calza Logo Tape Atuiz
Kappa,K2361N8GW-KUZ9,K2361N8GW-KUZ9-L,5,34199.00,Calza Logo Tape Atuiz
Kappa,K2361N8GW-KUZ9,K2361N8GW-KUZ9-XL,9,34199.00,Calza Logo Tape Atuiz
Kappa,K2331V3ZW-KD39A,K2331V3ZW-KD39A-4,0,55899.00,Camiseta Home Kids Tigre
Kappa,K2331V3ZW-KD39A,K2331V3ZW-KD39A-6,5,55899.00,Camiseta Home Kids Tigre
Kappa,K2331V3ZW-KD39A,K2331V3ZW-KD39A-8,0,55899.00,Camiseta Home Kids Tigre
Kappa,K2331V3ZW-KD39A,K2331V3ZW-KD39A-10,5,55899.00,Camiseta Home Kids Tigre
Kappa,K2331V3ZW-KD39A,K2331V3ZW-KD39A-12,5,55899.00,Camiseta Home Kids Tigre
Kappa,K2331V3XW-KD39A,K2331V3XW-KD39A-XS,1,67299.00,Camiseta Home Lady Tigre
Kappa,K2331V3XW-KD39A,K2331V3XW-KD39A-S,0,67299.00,Camiseta Home Lady Tigre
Kappa,K2331V3XW-KD39A,K2331V3XW-KD39A-M,0,67299.00,Camiseta Home Lady Tigre
Kappa,K2331V3XW-KD39A,K2331V3XW-KD39A-L,0,67299.00,Camiseta Home Lady Tigre
Kappa,K2331V3XW-KD39A,K2331V3XW-KD39A-XL,0,67299.00,Camiseta Home Lady Tigre
Kappa,K2352919W-KA01O,K2352919W-KA01O-XS,6,67999.00,Camiseta Kappa Helium Masco Pro Huracán
Kappa,K2352919W-KA01O,K2352919W-KA01O-S,12,67999.00,Camiseta Kappa Helium Masco Pro Huracán
Kappa,K2352919W-KA01O,K2352919W-KA01O-M,16,67999.00,Camiseta Kappa Helium Masco Pro Huracán
Kappa,K2352919W-KA01O,K2352919W-KA01O-L,16,67999.00,Camiseta Kappa Helium Masco Pro Huracán
Kappa,K2352919W-KA01O,K2352919W-KA01O-XL,13,67999.00,Camiseta Kappa Helium Masco Pro Huracán
Kappa,K2352919W-KA01O,K2352919W-KA01O-XXL,6,67999.00,Camiseta Kappa Helium Masco Pro Huracán
Kappa,K2352919W-KA01O,K2352919W-KA01O-XXXL,5,67999.00,Camiseta Kappa Helium Masco Pro Huracán
Kappa,K2352919W-KH01,K2352919W-KH01-XS,5,67999.00,Camiseta Kappa Helium Masco Pro Huracán
Kappa,K2352919W-KH01,K2352919W-KH01-S,12,67999.00,Camiseta Kappa Helium Masco Pro Huracán
Kappa,K2352919W-KH01,K2352919W-KH01-M,18,67999.00,Camiseta Kappa Helium Masco Pro Huracán
Kappa,K2352919W-KH01,K2352919W-KH01-L,17,67999.00,Camiseta Kappa Helium Masco Pro Huracán
Kappa,K2352919W-KH01,K2352919W-KH01-XL,14,67999.00,Camiseta Kappa Helium Masco Pro Huracán
Kappa,K2352919W-KH01,K2352919W-KH01-XXL,8,67999.00,Camiseta Kappa Helium Masco Pro Huracán
Kappa,K2352919W-KH01,K2352919W-KH01-XXXL,6,67999.00,Camiseta Kappa Helium Masco Pro Huracán
Kappa,K238237IWSJ-KA00B,K238237IWSJ-KA00B-4,0,72499.00,Camiseta Kappa Kombat Home Kids con sponsor
Kappa,K238237IWSJ-KA00B,K238237IWSJ-KA00B-6,1,72499.00,Camiseta Kappa Kombat Home Kids con sponsor
Kappa,K238237IWSJ-KA00B,K238237IWSJ-KA00B-8,7,72499.00,Camiseta Kappa Kombat Home Kids con sponsor
Kappa,K238237IWSJ-KA00B,K238237IWSJ-KA00B-10,8,72499.00,Camiseta Kappa Kombat Home Kids con sponsor
Kappa,K238237IWSJ-KA00B,K238237IWSJ-KA00B-12,4,72499.00,Camiseta Kappa Kombat Home Kids con sponsor
Kappa,K238237GWSJ-KA00B,K238237GWSJ-KA00B-S,0,82799.00,Camiseta Kappa Kombat Home Lady Huracán con Sponsor
Kappa,K238237GWSJ-KA00B,K238237GWSJ-KA00B-M,6,82799.00,Camiseta Kappa Kombat Home Lady Huracán con Sponsor
Kappa,K238237GWSJ-KA00B,K238237GWSJ-KA00B-L,2,82799.00,Camiseta Kappa Kombat Home Lady Huracán con Sponsor
Kappa,K238237GWSJ-KA00B,K238237GWSJ-KA00B-XL,10,82799.00,Camiseta Kappa Kombat Home Lady Huracán con Sponsor
Kappa,K238237GWSJ-KA00B,K238237GWSJ-KA00B-XXL,10,82799.00,Camiseta Kappa Kombat Home Lady Huracán con Sponsor
Kappa,K2322C36WZ-KB96,K2322C36WZ-KB96-M,7,98999.00,Camiseta Kappa Kombat Pro GK San Martín de Tucumán
Kappa,K2322C36WZ-KB96,K2322C36WZ-KB96-L,9,98999.00,Camiseta Kappa Kombat Pro GK San Martín de Tucumán
Kappa,K2322C36WZ-KB96,K2322C36WZ-KB96-XL,7,98999.00,Camiseta Kappa Kombat Pro GK San Martín de Tucumán
Kappa,K2322C36WZ-KB96,K2322C36WZ-KB96-XXL,2,98999.00,Camiseta Kappa Kombat Pro GK San Martín de Tucumán
Kappa,K2322C36WZ-KW0B,K2322C36WZ-KW0B-XS,2,98999.00,Camiseta Kappa Kombat Pro GK San Martín de Tucumán
Kappa,K2322C36WZ-KW0B,K2322C36WZ-KW0B-S,1,98999.00,Camiseta Kappa Kombat Pro GK San Martín de Tucumán
Kappa,K2322C36WZ-KW0B,K2322C36WZ-KW0B-M,15,98999.00,Camiseta Kappa Kombat Pro GK San Martín de Tucumán
Kappa,K2322C36WZ-KW0B,K2322C36WZ-KW0B-L,15,98999.00,Camiseta Kappa Kombat Pro GK San Martín de Tucumán
Kappa,K2322C36WZ-KW0B,K2322C36WZ-KW0B-XL,12,98999.00,Camiseta Kappa Kombat Pro GK San Martín de Tucumán
Kappa,K2322C36WZ-KW0B,K2322C36WZ-KW0B-XXL,6,98999.00,Camiseta Kappa Kombat Pro GK San Martín de Tucumán
Kappa,K2322C36WZ-KW0B,K2322C36WZ-KW0B-XXXL,2,98999.00,Camiseta Kappa Kombat Pro GK San Martín de Tucumán
Kappa,K2322C36WZ-KXY7,K2322C36WZ-KXY7-XS,1,98999.00,Camiseta Kappa Kombat Pro GK San Martín de Tucumán
Kappa,K2322C36WZ-KXY7,K2322C36WZ-KXY7-S,2,98999.00,Camiseta Kappa Kombat Pro GK San Martín de Tucumán
Kappa,K2322C36WZ-KXY7,K2322C36WZ-KXY7-M,9,98999.00,Camiseta Kappa Kombat Pro GK San Martín de Tucumán
Kappa,K2322C36WZ-KXY7,K2322C36WZ-KXY7-L,9,98999.00,Camiseta Kappa Kombat Pro GK San Martín de Tucumán
Kappa,K2322C36WZ-KXY7,K2322C36WZ-KXY7-XL,7,98999.00,Camiseta Kappa Kombat Pro GK San Martín de Tucumán
Kappa,K2322C36WZ-KXY7,K2322C36WZ-KXY7-XXL,2,98999.00,Camiseta Kappa Kombat Pro GK San Martín de Tucumán
Kappa,K2322C36WZ-KXY7,K2322C36WZ-KXY7-XXXL,1,98999.00,Camiseta Kappa Kombat Pro GK San Martín de Tucumán
Kappa,K2322C35WZ-KD00,K2322C35WZ-KD00-S,4,124999.00,Camiseta Kappa Kombat Regular Away San Martín De Tucumán
Kappa,K2322C35WZ-KD00,K2322C35WZ-KD00-M,18,124999.00,Camiseta Kappa Kombat Regular Away San Martín De Tucumán
Kappa,K2322C35WZ-KD00,K2322C35WZ-KD00-L,14,124999.00,Camiseta Kappa Kombat Regular Away San Martín De Tucumán
Kappa,K2322C35WZ-KD00,K2322C35WZ-KD00-XL,14,124999.00,Camiseta Kappa Kombat Regular Away San Martín De Tucumán
Kappa,K2322C35WZ-KD00,K2322C35WZ-KD00-XXL,2,124999.00,Camiseta Kappa Kombat Regular Away San Martín De Tucumán
Kappa,K2322C33WZ-KA00B,K2322C33WZ-KA00B-S,3,124999.00,Camiseta Kappa Kombat Regular Home San Martín De Tucumán
Kappa,K2322C33WZ-KA00B,K2322C33WZ-KA00B-M,14,124999.00,Camiseta Kappa Kombat Regular Home San Martín De Tucumán
Kappa,K2322C33WZ-KA00B,K2322C33WZ-KA00B-L,11,124999.00,Camiseta Kappa Kombat Regular Home San Martín De Tucumán
Kappa,K2322C33WZ-KA00B,K2322C33WZ-KA00B-XL,9,124999.00,Camiseta Kappa Kombat Regular Home San Martín De Tucumán
Kappa,K2322C33WZ-KA00B,K2322C33WZ-KA00B-XXL,1,124999.00,Camiseta Kappa Kombat Regular Home San Martín De Tucumán
Kappa,K2352B1WWZ-KA00B,K2352B1WWZ-KA00B-XS,2,124999.00,Camiseta Kappa Kombat Slim Home San Martín De Tucuman
Kappa,K2352B1WWZ-KA00B,K2352B1WWZ-KA00B-S,4,124999.00,Camiseta Kappa Kombat Slim Home San Martín De Tucuman
Kappa,K2352B1WWZ-KA00B,K2352B1WWZ-KA00B-M,6,124999.00,Camiseta Kappa Kombat Slim Home San Martín De Tucuman
Kappa,K2352B1WWZ-KA00B,K2352B1WWZ-KA00B-L,6,124999.00,Camiseta Kappa Kombat Slim Home San Martín De Tucuman
Kappa,K2352B1WWZ-KA00B,K2352B1WWZ-KA00B-XL,6,124999.00,Camiseta Kappa Kombat Slim Home San Martín De Tucuman
Kappa,K2352B1WWZ-KA00B,K2352B1WWZ-KA00B-XXL,4,124999.00,Camiseta Kappa Kombat Slim Home San Martín De Tucuman
Kappa,K2352B1WWZ-KA00B,K2352B1WWZ-KA00B-XXXL,2,124999.00,Camiseta Kappa Kombat Slim Home San Martín De Tucuman
Kappa,K2322C84WS-KY10,K2322C84WS-KY10-4,0,72499.00,Camiseta Kappa Kombat Third Huracán Kids
Kappa,K2322C84WS-KY10,K2322C84WS-KY10-6,0,72499.00,Camiseta Kappa Kombat Third Huracán Kids
Kappa,K2322C84WS-KY10,K2322C84WS-KY10-8,1,72499.00,Camiseta Kappa Kombat Third Huracán Kids
Kappa,K2322C84WS-KY10,K2322C84WS-KY10-10,2,72499.00,Camiseta Kappa Kombat Third Huracán Kids
Kappa,K2322C84WS-KY10,K2322C84WS-KY10-12,1,72499.00,Camiseta Kappa Kombat Third Huracán Kids
Kappa,K2322F79W-K001,K2322F79W-K001-XS,2,72499.00,Camiseta Kappa Manga Larga Lida
Kappa,K2322F79W-K001,K2322F79W-K001-S,2,72499.00,Camiseta Kappa Manga Larga Lida
Kappa,K2322F79W-K001,K2322F79W-K001-M,1,72499.00,Camiseta Kappa Manga Larga Lida
Kappa,K2322F79W-K001,K2322F79W-K001-L,4,72499.00,Camiseta Kappa Manga Larga Lida
Kappa,K2322F79W-K001,K2322F79W-K001-XL,3,72499.00,Camiseta Kappa Manga Larga Lida
Kappa,K2322F79W-K005,K2322F79W-K005-XS,2,72499.00,Camiseta Kappa Manga Larga Lida
Kappa,K2322F79W-K005,K2322F79W-K005-S,0,72499.00,Camiseta Kappa Manga Larga Lida
Kappa,K2322F79W-K005,K2322F79W-K005-M,0,72499.00,Camiseta Kappa Manga Larga Lida
Kappa,K2322F79W-K005,K2322F79W-K005-L,0,72499.00,Camiseta Kappa Manga Larga Lida
Kappa,K2322F79W-K005,K2322F79W-K005-XL,0,72499.00,Camiseta Kappa Manga Larga Lida
Kappa,K232253NW-KA07H,K232253NW-KA07H-4,3,72499.00,Camiseta Kombat Away Kids Atlético Tucumán 2025
Kappa,K232253NW-KA07H,K232253NW-KA07H-6,2,72499.00,Camiseta Kombat Away Kids Atlético Tucumán 2025
Kappa,K232253NW-KA07H,K232253NW-KA07H-8,3,72499.00,Camiseta Kombat Away Kids Atlético Tucumán 2025
Kappa,K232253NW-KA07H,K232253NW-KA07H-10,5,72499.00,Camiseta Kombat Away Kids Atlético Tucumán 2025
Kappa,K232253NW-KA07H,K232253NW-KA07H-12,4,72499.00,Camiseta Kombat Away Kids Atlético Tucumán 2025
Kappa,K238237JWS-KA24C,K238237JWS-KA24C-4,0,72499.00,Camiseta Kombat Away Kids Huracán
Kappa,K238237JWS-KA24C,K238237JWS-KA24C-6,0,72499.00,Camiseta Kombat Away Kids Huracán
Kappa,K238237JWS-KA24C,K238237JWS-KA24C-8,1,72499.00,Camiseta Kombat Away Kids Huracán
Kappa,K238237JWS-KA24C,K238237JWS-KA24C-10,2,72499.00,Camiseta Kombat Away Kids Huracán
Kappa,K238237JWS-KA24C,K238237JWS-KA24C-12,0,72499.00,Camiseta Kombat Away Kids Huracán
Kappa,K2342364W-K001,K2342364W-K001-10,1,67299.00,Camiseta Kombat Away Kids Tigre
Kappa,K2342364W-K001,K2342364W-K001-12,5,67299.00,Camiseta Kombat Away Kids Tigre
Kappa,K2342364W-K001,K2342364W-K001-4,2,67299.00,Camiseta Kombat Away Kids Tigre
Kappa,K2342364W-K001,K2342364W-K001-6,1,67299.00,Camiseta Kombat Away Kids Tigre
Kappa,K2342364W-K001,K2342364W-K001-8,3,67299.00,Camiseta Kombat Away Kids Tigre
Kappa,K238237HWSJ-KA24C,K238237HWSJ-KA24C-XS,0,79999.00,Camiseta Kombat Away Lady con sponsor
Kappa,K238237HWSJ-KA24C,K238237HWSJ-KA24C-S,7,82799.00,Camiseta Kombat Away Lady con sponsor
Kappa,K238237HWSJ-KA24C,K238237HWSJ-KA24C-M,6,82799.00,Camiseta Kombat Away Lady con sponsor
Kappa,K238237HWSJ-KA24C,K238237HWSJ-KA24C-L,5,82799.00,Camiseta Kombat Away Lady con sponsor
Kappa,K238237HWSJ-KA24C,K238237HWSJ-KA24C-XL,8,82799.00,Camiseta Kombat Away Lady con sponsor
Kappa,K238237HWSJ-KA24C,K238237HWSJ-KA24C-XXL,3,82799.00,Camiseta Kombat Away Lady con sponsor
Kappa,K2331V3VW-KA09C,K2331V3VW-KA09C-XS,3,79699.00,Camiseta Kombat Away Regular Tigre
Kappa,K2331V3VW-KA09C,K2331V3VW-KA09C-S,2,79699.00,Camiseta Kombat Away Regular Tigre
Kappa,K2331V3VW-KA09C,K2331V3VW-KA09C-M,0,79699.00,Camiseta Kombat Away Regular Tigre
Kappa,K2331V3VW-KA09C,K2331V3VW-KA09C-L,0,79699.00,Camiseta Kombat Away Regular Tigre
Kappa,K2331V3VW-KA09C,K2331V3VW-KA09C-XL,0,79699.00,Camiseta Kombat Away Regular Tigre
Kappa,K2331V3VW-KA09C,K2331V3VW-KA09C-XXL,0,79699.00,Camiseta Kombat Away Regular Tigre
Kappa,K2331V3VW-KA09C,K2331V3VW-KA09C-XXXL,0,79699.00,Camiseta Kombat Away Regular Tigre
Kappa,K2372169W-K001,K2372169W-K001-XS,10,99999.00,Camiseta Kombat Away Regular Tigre
Kappa,K2372169W-K001,K2372169W-K001-S,12,99999.00,Camiseta Kombat Away Regular Tigre
Kappa,K2372169W-K001,K2372169W-K001-M,0,99999.00,Camiseta Kombat Away Regular Tigre
Kappa,K2372169W-K001,K2372169W-K001-L,0,99999.00,Camiseta Kombat Away Regular Tigre
Kappa,K2372169W-K001,K2372169W-K001-XL,1,99999.00,Camiseta Kombat Away Regular Tigre
Kappa,K2372169W-K001,K2372169W-K001-XXL,0,99999.00,Camiseta Kombat Away Regular Tigre
Kappa,K2372169W-K001,K2372169W-K001-XXXL,0,99999.00,Camiseta Kombat Away Regular Tigre
Kappa,K2331W31W-K899,K2331W31W-K899-XS,0,79699.00,Camiseta Kombat GK Tigre
Kappa,K2331W31W-K899,K2331W31W-K899-S,2,79699.00,Camiseta Kombat GK Tigre
Kappa,K2331W31W-K899,K2331W31W-K899-M,0,79699.00,Camiseta Kombat GK Tigre
Kappa,K2331W31W-K899,K2331W31W-K899-L,0,79699.00,Camiseta Kombat GK Tigre
Kappa,K2331W31W-K899,K2331W31W-K899-XL,0,79699.00,Camiseta Kombat GK Tigre
Kappa,K2331W31W-K899,K2331W31W-K899-XXL,0,79699.00,Camiseta Kombat GK Tigre
Kappa,K2331W31W-K899,K2331W31W-K899-XXXL,0,79699.00,Camiseta Kombat GK Tigre
Kappa,K232253MW-KA0VF,K232253MW-KA0VF-4,5,72499.00,Camiseta Kombat Home Kids Atlético Tucumán
Kappa,K232253MW-KA0VF,K232253MW-KA0VF-6,5,72499.00,Camiseta Kombat Home Kids Atlético Tucumán
Kappa,K232253MW-KA0VF,K232253MW-KA0VF-8,5,72499.00,Camiseta Kombat Home Kids Atlético Tucumán
Kappa,K232253MW-KA0VF,K232253MW-KA0VF-10,15,72499.00,Camiseta Kombat Home Kids Atlético Tucumán
Kappa,K232253MW-KA0VF,K232253MW-KA0VF-12,7,72499.00,Camiseta Kombat Home Kids Atlético Tucumán
Kappa,K2342363W-KY07,K2342363W-KY07-4,1,67299.00,Camiseta Kombat Home Kids Tigre 2
Kappa,K2342363W-KY07,K2342363W-KY07-6,0,67299.00,Camiseta Kombat Home Kids Tigre 2
Kappa,K2342363W-KY07,K2342363W-KY07-8,2,67299.00,Camiseta Kombat Home Kids Tigre 2
Kappa,K2342363W-KY07,K2342363W-KY07-10,3,67299.00,Camiseta Kombat Home Kids Tigre 2
Kappa,K2342363W-KY07,K2342363W-KY07-12,4,67299.00,Camiseta Kombat Home Kids Tigre 2
Kappa,K2331V3UW-KD39A,K2331V3UW-KD39A-XS,11,79699.00,Camiseta Kombat Home Regular Tigre
Kappa,K2331V3UW-KD39A,K2331V3UW-KD39A-S,12,79699.00,Camiseta Kombat Home Regular Tigre
Kappa,K2331V3UW-KD39A,K2331V3UW-KD39A-M,10,79699.00,Camiseta Kombat Home Regular Tigre
Kappa,K2331V3UW-KD39A,K2331V3UW-KD39A-L,0,79699.00,Camiseta Kombat Home Regular Tigre
Kappa,K2331V3UW-KD39A,K2331V3UW-KD39A-XL,0,79699.00,Camiseta Kombat Home Regular Tigre
Kappa,K2331V3UW-KD39A,K2331V3UW-KD39A-XXL,0,79699.00,Camiseta Kombat Home Regular Tigre
Kappa,K2331V3UW-KD39A,K2331V3UW-KD39A-XXXL,0,79699.00,Camiseta Kombat Home Regular Tigre
Kappa,K2341Y4YW-KROO,K2341Y4YW-KROO-10,2,77699.00,Camiseta Kombat Home San Martín De Tucumán Kids
Kappa,K2341Y4YW-KROO,K2341Y4YW-KROO-12,3,77699.00,Camiseta Kombat Home San Martín De Tucumán Kids
Kappa,K2341Y4YW-KROO,K2341Y4YW-KROO-6,0,77699.00,Camiseta Kombat Home San Martín De Tucumán Kids
Kappa,K2341Y4YW-KROO,K2341Y4YW-KROO-8,2,77699.00,Camiseta Kombat Home San Martín De Tucumán Kids
Kappa,K2331V3YW-KA09C,K2331V3YW-KA09C-XS,6,67299.00,Camiseta Kombat Lady Away Tigre
Kappa,K2331V3YW-KA09C,K2331V3YW-KA09C-S,5,67299.00,Camiseta Kombat Lady Away Tigre
Kappa,K2331V3YW-KA09C,K2331V3YW-KA09C-M,10,67299.00,Camiseta Kombat Lady Away Tigre
Kappa,K2331V3YW-KA09C,K2331V3YW-KA09C-L,11,67299.00,Camiseta Kombat Lady Away Tigre
Kappa,K2331V3YW-KA09C,K2331V3YW-KA09C-XL,15,67299.00,Camiseta Kombat Lady Away Tigre
Kappa,K2351R7RW-KA01Q,K2351R7RW-KA01Q-XS,0,79699.00,Camiseta Kombat Pro Away Regular Huracán
Kappa,K2351R7RW-KA01Q,K2351R7RW-KA01Q-S,3,79699.00,Camiseta Kombat Pro Away Regular Huracán
Kappa,K2351R7RW-KA01Q,K2351R7RW-KA01Q-M,0,79699.00,Camiseta Kombat Pro Away Regular Huracán
Kappa,K2351R7RW-KA01Q,K2351R7RW-KA01Q-L,0,79699.00,Camiseta Kombat Pro Away Regular Huracán
Kappa,K2351R7RW-KA01Q,K2351R7RW-KA01Q-XL,0,79699.00,Camiseta Kombat Pro Away Regular Huracán
Kappa,K2351R7RW-KA01Q,K2351R7RW-KA01Q-XXL,0,79699.00,Camiseta Kombat Pro Away Regular Huracán
Kappa,K2351R7RW-KA01Q,K2351R7RW-KA01Q-XXXL,0,79699.00,Camiseta Kombat Pro Away Regular Huracán
Kappa,K2351R7NW-KA01Q,K2351R7NW-KA01Q-S,7,79699.00,Camiseta Kombat Pro Away Slim Huracán
Kappa,K2351R7NW-KA01Q,K2351R7NW-KA01Q-M,0,79699.00,Camiseta Kombat Pro Away Slim Huracán
Kappa,K2351R7NW-KA01Q,K2351R7NW-KA01Q-L,0,79699.00,Camiseta Kombat Pro Away Slim Huracán
Kappa,K2351R7NW-KA01Q,K2351R7NW-KA01Q-XL,0,79699.00,Camiseta Kombat Pro Away Slim Huracán
Kappa,K2311N54W-KA08C,K2311N54W-KA08C-XS,0,99999.00,Camiseta Kombat Pro Gk Atlético Tucumán
Kappa,K2311N54W-KA08C,K2311N54W-KA08C-S,5,99999.00,Camiseta Kombat Pro Gk Atlético Tucumán
Kappa,K2311N54W-KA08C,K2311N54W-KA08C-M,0,99999.00,Camiseta Kombat Pro Gk Atlético Tucumán
Kappa,K2311N54W-KA08C,K2311N54W-KA08C-L,1,99999.00,Camiseta Kombat Pro Gk Atlético Tucumán
Kappa,K2311N54W-KA08C,K2311N54W-KA08C-XL,0,99999.00,Camiseta Kombat Pro Gk Atlético Tucumán
Kappa,K2311N54W-KA08C,K2311N54W-KA08C-XXL,0,99999.00,Camiseta Kombat Pro Gk Atlético Tucumán
Kappa,K2311N54W-KA08C,K2311N54W-KA08C-XXXL,0,99999.00,Camiseta Kombat Pro Gk Atlético Tucumán
Kappa,K2311N54W-KY02,K2311N54W-KY02-XS,0,99999.00,Camiseta Kombat Pro Gk Atlético Tucumán
Kappa,K2311N54W-KY02,K2311N54W-KY02-S,0,99999.00,Camiseta Kombat Pro Gk Atlético Tucumán
Kappa,K2311N54W-KY02,K2311N54W-KY02-M,0,99999.00,Camiseta Kombat Pro Gk Atlético Tucumán
Kappa,K2311N54W-KY02,K2311N54W-KY02-L,0,99999.00,Camiseta Kombat Pro Gk Atlético Tucumán
Kappa,K2311N54W-KY02,K2311N54W-KY02-XL,1,99999.00,Camiseta Kombat Pro Gk Atlético Tucumán
Kappa,K2311N54W-KY02,K2311N54W-KY02-XXL,1,99999.00,Camiseta Kombat Pro Gk Atlético Tucumán
Kappa,K2311N54W-KY02,K2311N54W-KY02-XXXL,2,99999.00,Camiseta Kombat Pro Gk Atlético Tucumán
Kappa,K2361Y2LWSJ-KC74,K2361Y2LWSJ-KC74-XS,0,99999.00,Camiseta Kombat Pro GK Huracán con sponsor
Kappa,K2361Y2LWSJ-KC74,K2361Y2LWSJ-KC74-S,0,99999.00,Camiseta Kombat Pro GK Huracán con sponsor
Kappa,K2361Y2LWSJ-KC74,K2361Y2LWSJ-KC74-M,0,99999.00,Camiseta Kombat Pro GK Huracán con sponsor
Kappa,K2361Y2LWSJ-KC74,K2361Y2LWSJ-KC74-L,1,99999.00,Camiseta Kombat Pro GK Huracán con sponsor
Kappa,K2361Y2LWSJ-KC74,K2361Y2LWSJ-KC74-XL,0,99999.00,Camiseta Kombat Pro GK Huracán con sponsor
Kappa,K2361Y2LWSJ-KC74,K2361Y2LWSJ-KC74-XXL,0,99999.00,Camiseta Kombat Pro GK Huracán con sponsor
Kappa,K233281FWS-KA20,K233281FWS-KA20-4,2,72499.00,Camiseta Kombat Pro GK Kids Huracán
Kappa,K233281FWS-KA20,K233281FWS-KA20-6,1,72499.00,Camiseta Kombat Pro GK Kids Huracán
Kappa,K233281FWS-KA20,K233281FWS-KA20-8,2,72499.00,Camiseta Kombat Pro GK Kids Huracán
Kappa,K233281FWS-KA20,K233281FWS-KA20-10,2,72499.00,Camiseta Kombat Pro GK Kids Huracán
Kappa,K233281FWS-KA20,K233281FWS-KA20-12,0,72499.00,Camiseta Kombat Pro GK Kids Huracán
Kappa,K234231CWS-KY10,K234231CWS-KY10-4,0,82799.00,Camiseta Kombat Pro GK Kids Racing con sponsor
Kappa,K234231CWS-KY10,K234231CWS-KY10-6,0,82799.00,Camiseta Kombat Pro GK Kids Racing con sponsor
Kappa,K234231CWS-KY10,K234231CWS-KY10-8,3,82799.00,Camiseta Kombat Pro GK Kids Racing con sponsor
Kappa,K234231CWS-KY10,K234231CWS-KY10-10,1,82799.00,Camiseta Kombat Pro GK Kids Racing con sponsor
Kappa,K234231CWS-KY10,K234231CWS-KY10-12,0,82799.00,Camiseta Kombat Pro GK Kids Racing con sponsor
Kappa,K232255IW-KALV,K232255IW-KALV-XS,2,99999.00,Camiseta kombat pro gk San Martín de Tucumán 2025
Kappa,K232255IW-KALV,K232255IW-KALV-S,4,99999.00,Camiseta kombat pro gk San Martín de Tucumán 2025
Kappa,K232255IW-KALV,K232255IW-KALV-M,4,99999.00,Camiseta kombat pro gk San Martín de Tucumán 2025
Kappa,K232255IW-KALV,K232255IW-KALV-L,2,99999.00,Camiseta kombat pro gk San Martín de Tucumán 2025
Kappa,K232255IW-KALV,K232255IW-KALV-XL,6,99999.00,Camiseta kombat pro gk San Martín de Tucumán 2025
Kappa,K232255IW-KALV,K232255IW-KALV-XXL,0,99999.00,Camiseta kombat pro gk San Martín de Tucumán 2025
Kappa,K232255IW-KALV,K232255IW-KALV-XXXL,0,99999.00,Camiseta kombat pro gk San Martín de Tucumán 2025
Kappa,K232246PW-K564A,K232246PW-K564A-XS,4,98399.00,Camiseta Kombat Pro GK Tigre
Kappa,K232246PW-K564A,K232246PW-K564A-S,10,98399.00,Camiseta Kombat Pro GK Tigre
Kappa,K232246PW-K564A,K232246PW-K564A-M,10,98399.00,Camiseta Kombat Pro GK Tigre
Kappa,K232246PW-K564A,K232246PW-K564A-L,7,98399.00,Camiseta Kombat Pro GK Tigre
Kappa,K232246PW-K564A,K232246PW-K564A-XL,3,98399.00,Camiseta Kombat Pro GK Tigre
Kappa,K232246PW-K564A,K232246PW-K564A-XXL,1,98399.00,Camiseta Kombat Pro GK Tigre
Kappa,K232246PW-K564A,K232246PW-K564A-XXXL,3,98399.00,Camiseta Kombat Pro GK Tigre
Kappa,K232246PW-KA55,K232246PW-KA55-XS,2,98399.00,Camiseta Kombat Pro GK Tigre
Kappa,K232246PW-KA55,K232246PW-KA55-S,5,98399.00,Camiseta Kombat Pro GK Tigre
Kappa,K232246PW-KA55,K232246PW-KA55-M,7,98399.00,Camiseta Kombat Pro GK Tigre
Kappa,K232246PW-KA55,K232246PW-KA55-L,2,98399.00,Camiseta Kombat Pro GK Tigre
Kappa,K232246PW-KA55,K232246PW-KA55-XL,1,98399.00,Camiseta Kombat Pro GK Tigre
Kappa,K232246PW-KA55,K232246PW-KA55-XXL,1,98399.00,Camiseta Kombat Pro GK Tigre
Kappa,K232246PW-KA55,K232246PW-KA55-XXXL,0,98399.00,Camiseta Kombat Pro GK Tigre
Kappa,K232246PW-KZ14,K232246PW-KZ14-XS,3,98399.00,Camiseta Kombat Pro GK Tigre
Kappa,K232246PW-KZ14,K232246PW-KZ14-S,6,98399.00,Camiseta Kombat Pro GK Tigre
Kappa,K232246PW-KZ14,K232246PW-KZ14-M,4,98399.00,Camiseta Kombat Pro GK Tigre
Kappa,K232246PW-KZ14,K232246PW-KZ14-L,1,98399.00,Camiseta Kombat Pro GK Tigre
Kappa,K232246PW-KZ14,K232246PW-KZ14-XL,0,98399.00,Camiseta Kombat Pro GK Tigre
Kappa,K232246PW-KZ14,K232246PW-KZ14-XXL,3,98399.00,Camiseta Kombat Pro GK Tigre
Kappa,K232246PW-KZ14,K232246PW-KZ14-XXXL,1,98399.00,Camiseta Kombat Pro GK Tigre
Kappa,K2331V3RW-KD39A,K2331V3RW-KD39A-S,7,79699.00,Camiseta Kombat Pro Home Slim Tigre
Kappa,K2331V3RW-KD39A,K2331V3RW-KD39A-M,1,79699.00,Camiseta Kombat Pro Home Slim Tigre
Kappa,K2331V3RW-KD39A,K2331V3RW-KD39A-L,0,79699.00,Camiseta Kombat Pro Home Slim Tigre
Kappa,K2331V3RW-KD39A,K2331V3RW-KD39A-XL,0,79699.00,Camiseta Kombat Pro Home Slim Tigre
Kappa,K2331V3TW-K193,K2331V3TW-K193-S,3,79699.00,Camiseta Kombat Pro Third Slim Tigre
Kappa,K2331V3TW-K193,K2331V3TW-K193-M,0,79699.00,Camiseta Kombat Pro Third Slim Tigre
Kappa,K2331V3TW-K193,K2331V3TW-K193-L,0,79699.00,Camiseta Kombat Pro Third Slim Tigre
Kappa,K235218NW-KA07H,K235218NW-KA07H-XS,19,99999.00,Camiseta Kombat Regular Away Atlético Tucumán
Kappa,K235218NW-KA07H,K235218NW-KA07H-S,17,99999.00,Camiseta Kombat Regular Away Atlético Tucumán
Kappa,K235218NW-KA07H,K235218NW-KA07H-M,15,99999.00,Camiseta Kombat Regular Away Atlético Tucumán
Kappa,K235218NW-KA07H,K235218NW-KA07H-L,8,99999.00,Camiseta Kombat Regular Away Atlético Tucumán
Kappa,K235218NW-KA07H,K235218NW-KA07H-XL,0,99999.00,Camiseta Kombat Regular Away Atlético Tucumán
Kappa,K235218NW-KA07H,K235218NW-KA07H-XXL,13,99999.00,Camiseta Kombat Regular Away Atlético Tucumán
Kappa,K235218NW-KA07H,K235218NW-KA07H-XXXL,8,99999.00,Camiseta Kombat Regular Away Atlético Tucumán
Kappa,K238237EWSJ-KA24C,K238237EWSJ-KA24C-XS,1,99999.00,Camiseta Kombat Regular Away Huracán
Kappa,K238237EWSJ-KA24C,K238237EWSJ-KA24C-S,1,99999.00,Camiseta Kombat Regular Away Huracán
Kappa,K238237EWSJ-KA24C,K238237EWSJ-KA24C-M,6,99999.00,Camiseta Kombat Regular Away Huracán
Kappa,K238237EWSJ-KA24C,K238237EWSJ-KA24C-L,3,99999.00,Camiseta Kombat Regular Away Huracán
Kappa,K238237EWSJ-KA24C,K238237EWSJ-KA24C-XL,7,99999.00,Camiseta Kombat Regular Away Huracán
Kappa,K238237EWSJ-KA24C,K238237EWSJ-KA24C-XXL,0,99999.00,Camiseta Kombat Regular Away Huracán
Kappa,K238237EWSJ-KA24C,K238237EWSJ-KA24C-XXXL,3,99999.00,Camiseta Kombat Regular Away Huracán
Kappa,K2311N53W-KA0VF,K2311N53W-KA0VF-XS,6,99999.00,Camiseta Kombat Regular Home Atlético Tucumán
Kappa,K2311N53W-KA0VF,K2311N53W-KA0VF-S,17,99999.00,Camiseta Kombat Regular Home Atlético Tucumán
Kappa,K2311N53W-KA0VF,K2311N53W-KA0VF-M,35,99999.00,Camiseta Kombat Regular Home Atlético Tucumán
Kappa,K2311N53W-KA0VF,K2311N53W-KA0VF-L,25,99999.00,Camiseta Kombat Regular Home Atlético Tucumán
Kappa,K2311N53W-KA0VF,K2311N53W-KA0VF-XL,16,99999.00,Camiseta Kombat Regular Home Atlético Tucumán
Kappa,K2311N53W-KA0VF,K2311N53W-KA0VF-XXL,10,99999.00,Camiseta Kombat Regular Home Atlético Tucumán
Kappa,K2311N53W-KA0VF,K2311N53W-KA0VF-XXXL,14,99999.00,Camiseta Kombat Regular Home Atlético Tucumán
Kappa,K2361Y2KWSJ-KA00B,K2361Y2KWSJ-KA00B-XS,0,99999.00,Camiseta Kombat Regular Home Huracán
Kappa,K2361Y2KWSJ-KA00B,K2361Y2KWSJ-KA00B-S,0,99999.00,Camiseta Kombat Regular Home Huracán
Kappa,K2361Y2KWSJ-KA00B,K2361Y2KWSJ-KA00B-M,4,99999.00,Camiseta Kombat Regular Home Huracán
Kappa,K2361Y2KWSJ-KA00B,K2361Y2KWSJ-KA00B-L,5,99999.00,Camiseta Kombat Regular Home Huracán
Kappa,K2361Y2KWSJ-KA00B,K2361Y2KWSJ-KA00B-XL,1,99999.00,Camiseta Kombat Regular Home Huracán
Kappa,K2361Y2KWSJ-KA00B,K2361Y2KWSJ-KA00B-XXL,1,99999.00,Camiseta Kombat Regular Home Huracán
Kappa,K2361Y2KWSJ-KA00B,K2361Y2KWSJ-KA00B-XXXL,0,99999.00,Camiseta Kombat Regular Home Huracán
Kappa,K2372H1GWZ-KA00B,K2372H1GWZ-KA00B-XS,8,124999.00,Camiseta Kombat Regular Home Huracán
Kappa,K2372H1GWZ-KA00B,K2372H1GWZ-KA00B-S,38,124999.00,Camiseta Kombat Regular Home Huracán
Kappa,K2372H1GWZ-KA00B,K2372H1GWZ-KA00B-M,27,124999.00,Camiseta Kombat Regular Home Huracán
Kappa,K2372H1GWZ-KA00B,K2372H1GWZ-KA00B-L,16,124999.00,Camiseta Kombat Regular Home Huracán
Kappa,K2372H1GWZ-KA00B,K2372H1GWZ-KA00B-XL,14,124999.00,Camiseta Kombat Regular Home Huracán
Kappa,K2372H1GWZ-KA00B,K2372H1GWZ-KA00B-XXL,18,124999.00,Camiseta Kombat Regular Home Huracán
Kappa,K2372H1GWZ-KA00B,K2372H1GWZ-KA00B-XXXL,15,124999.00,Camiseta Kombat Regular Home Huracán
Kappa,K232255HW-KROO,K232255HW-KROO-XS,14,99999.00,Camiseta Kombat Regular Home San Martín de Tucumán 2025
Kappa,K232255HW-KROO,K232255HW-KROO-S,41,99999.00,Camiseta Kombat Regular Home San Martín de Tucumán 2025
Kappa,K232255HW-KROO,K232255HW-KROO-M,44,99999.00,Camiseta Kombat Regular Home San Martín de Tucumán 2025
Kappa,K232255HW-KROO,K232255HW-KROO-L,25,99999.00,Camiseta Kombat Regular Home San Martín de Tucumán 2025
Kappa,K232255HW-KROO,K232255HW-KROO-XL,49,99999.00,Camiseta Kombat Regular Home San Martín de Tucumán 2025
Kappa,K232255HW-KROO,K232255HW-KROO-XXL,14,99999.00,Camiseta Kombat Regular Home San Martín de Tucumán 2025
Kappa,K232255HW-KROO,K232255HW-KROO-XXXL,4,99999.00,Camiseta Kombat Regular Home San Martín de Tucumán 2025
Kappa,K2372183W-KY07,K2372183W-KY07-XS,14,99999.00,Camiseta Kombat Regular Home Tigre
Kappa,K2372183W-KY07,K2372183W-KY07-S,13,99999.00,Camiseta Kombat Regular Home Tigre
Kappa,K2372183W-KY07,K2372183W-KY07-M,0,99999.00,Camiseta Kombat Regular Home Tigre
Kappa,K2372183W-KY07,K2372183W-KY07-L,0,99999.00,Camiseta Kombat Regular Home Tigre
Kappa,K2372183W-KY07,K2372183W-KY07-XL,0,99999.00,Camiseta Kombat Regular Home Tigre
Kappa,K2372183W-KY07,K2372183W-KY07-XXL,0,99999.00,Camiseta Kombat Regular Home Tigre
Kappa,K2372183W-KY07,K2372183W-KY07-XXXL,0,99999.00,Camiseta Kombat Regular Home Tigre
Kappa,K235218PW-KA56A,K235218PW-KA56A-XS,20,99999.00,Camiseta Kombat Regular Third Atlético Tucumán
Kappa,K235218PW-KA56A,K235218PW-KA56A-S,24,99999.00,Camiseta Kombat Regular Third Atlético Tucumán
Kappa,K235218PW-KA56A,K235218PW-KA56A-M,32,99999.00,Camiseta Kombat Regular Third Atlético Tucumán
Kappa,K235218PW-KA56A,K235218PW-KA56A-L,26,99999.00,Camiseta Kombat Regular Third Atlético Tucumán
Kappa,K235218PW-KA56A,K235218PW-KA56A-XL,32,99999.00,Camiseta Kombat Regular Third Atlético Tucumán
Kappa,K235218PW-KA56A,K235218PW-KA56A-XXL,22,99999.00,Camiseta Kombat Regular Third Atlético Tucumán
Kappa,K235218PW-KA56A,K235218PW-KA56A-XXXL,13,99999.00,Camiseta Kombat Regular Third Atlético Tucumán
Kappa,K238237FW-KY10,K238237FW-KY10-XS,0,99999.00,Camiseta Kombat Regular Third Huracán
Kappa,K238237FW-KY10,K238237FW-KY10-S,1,99999.00,Camiseta Kombat Regular Third Huracán
Kappa,K238237FW-KY10,K238237FW-KY10-M,0,99999.00,Camiseta Kombat Regular Third Huracán
Kappa,K238237FW-KY10,K238237FW-KY10-L,1,99999.00,Camiseta Kombat Regular Third Huracán
Kappa,K238237FW-KY10,K238237FW-KY10-XL,0,99999.00,Camiseta Kombat Regular Third Huracán
Kappa,K238237FW-KY10,K238237FW-KY10-XXL,0,99999.00,Camiseta Kombat Regular Third Huracán
Kappa,K238237FW-KY10,K238237FW-KY10-XXXL,0,99999.00,Camiseta Kombat Regular Third Huracán
Kappa,K238237FWSJ-KY10,K238237FWSJ-KY10-XS,0,99999.00,Camiseta Kombat Regular Third Huracán
Kappa,K238237FWSJ-KY10,K238237FWSJ-KY10-S,0,99999.00,Camiseta Kombat Regular Third Huracán
Kappa,K238237FWSJ-KY10,K238237FWSJ-KY10-M,0,99999.00,Camiseta Kombat Regular Third Huracán
Kappa,K238237FWSJ-KY10,K238237FWSJ-KY10-L,1,99999.00,Camiseta Kombat Regular Third Huracán
Kappa,K238237FWSJ-KY10,K238237FWSJ-KY10-XL,0,99999.00,Camiseta Kombat Regular Third Huracán
Kappa,K238237FWSJ-KY10,K238237FWSJ-KY10-XXL,0,99999.00,Camiseta Kombat Regular Third Huracán
Kappa,K238237FWSJ-KY10,K238237FWSJ-KY10-XXXL,0,99999.00,Camiseta Kombat Regular Third Huracán
Kappa,K237271FW-KY12,K237271FW-KY12-XS,4,98399.00,Camiseta Kombat Regular Third Tigre
Kappa,K237271FW-KY12,K237271FW-KY12-S,6,98399.00,Camiseta Kombat Regular Third Tigre
Kappa,K237271FW-KY12,K237271FW-KY12-M,4,98399.00,Camiseta Kombat Regular Third Tigre
Kappa,K237271FW-KY12,K237271FW-KY12-L,3,98399.00,Camiseta Kombat Regular Third Tigre
Kappa,K237271FW-KY12,K237271FW-KY12-XL,4,98399.00,Camiseta Kombat Regular Third Tigre
Kappa,K237271FW-KY12,K237271FW-KY12-XXL,0,98399.00,Camiseta Kombat Regular Third Tigre
Kappa,K237271FW-KY12,K237271FW-KY12-XXXL,0,98399.00,Camiseta Kombat Regular Third Tigre
Kappa,K238237CWSJ-KA24C,K238237CWSJ-KA24C-XS,0,99999.00,Camiseta Kombat Slim Away Huracán con sponsor
Kappa,K238237CWSJ-KA24C,K238237CWSJ-KA24C-S,8,99999.00,Camiseta Kombat Slim Away Huracán con sponsor
Kappa,K238237CWSJ-KA24C,K238237CWSJ-KA24C-M,10,99999.00,Camiseta Kombat Slim Away Huracán con sponsor
Kappa,K238237CWSJ-KA24C,K238237CWSJ-KA24C-L,9,99999.00,Camiseta Kombat Slim Away Huracán con sponsor
Kappa,K238237CWSJ-KA24C,K238237CWSJ-KA24C-XL,2,99999.00,Camiseta Kombat Slim Away Huracán con sponsor
Kappa,K238237CWSJ-KA24C,K238237CWSJ-KA24C-XXL,0,99999.00,Camiseta Kombat Slim Away Huracán con sponsor
Kappa,K2311N52W-KA0VF,K2311N52W-KA0VF-L,0,99999.00,Camiseta Kombat Slim Home Atlético Tucumán
Kappa,K2311N52W-KA0VF,K2311N52W-KA0VF-M,0,99999.00,Camiseta Kombat Slim Home Atlético Tucumán
Kappa,K2311N52W-KA0VF,K2311N52W-KA0VF-S,4,99999.00,Camiseta Kombat Slim Home Atlético Tucumán
Kappa,K2311N52W-KA0VF,K2311N52W-KA0VF-XL,0,99999.00,Camiseta Kombat Slim Home Atlético Tucumán
Kappa,K2311N52W-KA0VF,K2311N52W-KA0VF-XXL,0,99999.00,Camiseta Kombat Slim Home Atlético Tucumán
Kappa,K2382D6VWZ-KA00B,K2382D6VWZ-KA00B-XS,2,124999.00,Camiseta Kombat Slim Home Huracan
Kappa,K2382D6VWZ-KA00B,K2382D6VWZ-KA00B-S,4,124999.00,Camiseta Kombat Slim Home Huracan
Kappa,K2382D6VWZ-KA00B,K2382D6VWZ-KA00B-M,6,124999.00,Camiseta Kombat Slim Home Huracan
Kappa,K2382D6VWZ-KA00B,K2382D6VWZ-KA00B-L,6,124999.00,Camiseta Kombat Slim Home Huracan
Kappa,K2361Y2JWSJ-KA00B,K2361Y2JWSJ-KA00B-XS,0,99999.00,Camiseta Kombat Slim Home Huracán Con Sponsor
Kappa,K2361Y2JWSJ-KA00B,K2361Y2JWSJ-KA00B-S,3,99999.00,Camiseta Kombat Slim Home Huracán Con Sponsor
Kappa,K2361Y2JWSJ-KA00B,K2361Y2JWSJ-KA00B-M,0,99999.00,Camiseta Kombat Slim Home Huracán Con Sponsor
Kappa,K2361Y2JWSJ-KA00B,K2361Y2JWSJ-KA00B-L,9,99999.00,Camiseta Kombat Slim Home Huracán Con Sponsor
Kappa,K2361Y2JWSJ-KA00B,K2361Y2JWSJ-KA00B-XL,1,99999.00,Camiseta Kombat Slim Home Huracán Con Sponsor
Kappa,K2361Y2JWSJ-KA00B,K2361Y2JWSJ-KA00B-XXL,0,99999.00,Camiseta Kombat Slim Home Huracán Con Sponsor
Kappa,K2361Y2JWSJ-KA00B,K2361Y2JWSJ-KA00B-XXXL,0,99999.00,Camiseta Kombat Slim Home Huracán Con Sponsor
Kappa,K232255GW-KROO,K232255GW-KROO-XS,9,87999.00,Camiseta Kombat Slim Home San Martín de Tucumán
Kappa,K232255GW-KROO,K232255GW-KROO-S,7,87999.00,Camiseta Kombat Slim Home San Martín de Tucumán
Kappa,K232255GW-KROO,K232255GW-KROO-M,0,87999.00,Camiseta Kombat Slim Home San Martín de Tucumán
Kappa,K232255GW-KROO,K232255GW-KROO-L,0,87999.00,Camiseta Kombat Slim Home San Martín de Tucumán
Kappa,K232255GW-KROO,K232255GW-KROO-XL,5,87999.00,Camiseta Kombat Slim Home San Martín de Tucumán
Kappa,K232255GW-KROO,K232255GW-KROO-XXL,0,87999.00,Camiseta Kombat Slim Home San Martín de Tucumán
Kappa,K232255GW-KROO,K232255GW-KROO-XXXL,0,87999.00,Camiseta Kombat Slim Home San Martín de Tucumán
Kappa,K235218MW-KA56A,K235218MW-KA56A-S,2,99999.00,Camiseta Kombat Slim Third Atlético Tucumán
Kappa,K235218MW-KA56A,K235218MW-KA56A-M,7,99999.00,Camiseta Kombat Slim Third Atlético Tucumán
Kappa,K235218MW-KA56A,K235218MW-KA56A-L,4,99999.00,Camiseta Kombat Slim Third Atlético Tucumán
Kappa,K235218MW-KA56A,K235218MW-KA56A-XL,7,99999.00,Camiseta Kombat Slim Third Atlético Tucumán
Kappa,K232253PW-KA56A,K232253PW-KA56A-4,3,72499.00,Camiseta Kombat Third Kids Atlético Tucumán
Kappa,K232253PW-KA56A,K232253PW-KA56A-6,3,72499.00,Camiseta Kombat Third Kids Atlético Tucumán
Kappa,K232253PW-KA56A,K232253PW-KA56A-8,3,72499.00,Camiseta Kombat Third Kids Atlético Tucumán
Kappa,K232253PW-KA56A,K232253PW-KA56A-10,5,72499.00,Camiseta Kombat Third Kids Atlético Tucumán
Kappa,K232253PW-KA56A,K232253PW-KA56A-12,5,72499.00,Camiseta Kombat Third Kids Atlético Tucumán
Kappa,K2342365W-KY12,K2342365W-KY12-4,0,67299.00,Camiseta Kombat Third Kids Tigre
Kappa,K2342365W-KY12,K2342365W-KY12-6,1,67299.00,Camiseta Kombat Third Kids Tigre
Kappa,K2342365W-KY12,K2342365W-KY12-8,2,67299.00,Camiseta Kombat Third Kids Tigre
Kappa,K2342365W-KY12,K2342365W-KY12-10,4,67299.00,Camiseta Kombat Third Kids Tigre
Kappa,K2342365W-KY12,K2342365W-KY12-12,1,67299.00,Camiseta Kombat Third Kids Tigre
Kappa,K2331V3WW-K193,K2331V3WW-K193-XS,3,79699.00,Camiseta Kombat Third Regular Tigre
Kappa,K2331V3WW-K193,K2331V3WW-K193-S,0,79699.00,Camiseta Kombat Third Regular Tigre
Kappa,K2331V3WW-K193,K2331V3WW-K193-M,0,79699.00,Camiseta Kombat Third Regular Tigre
Kappa,K2331V3WW-K193,K2331V3WW-K193-L,0,79699.00,Camiseta Kombat Third Regular Tigre
Kappa,K2331V3WW-K193,K2331V3WW-K193-XL,0,79699.00,Camiseta Kombat Third Regular Tigre
Kappa,K2331V3WW-K193,K2331V3WW-K193-XXL,0,79699.00,Camiseta Kombat Third Regular Tigre
Kappa,K2331V3WW-K193,K2331V3WW-K193-XXXL,0,79699.00,Camiseta Kombat Third Regular Tigre
Kappa,K234245YW-KS004,K234245YW-KS004-S,5,186299.00,Camiseta Kombat XXV Aldosivi
Kappa,K234245YW-KS004,K234245YW-KS004-M,11,186299.00,Camiseta Kombat XXV Aldosivi
Kappa,K234245YW-KS004,K234245YW-KS004-L,0,186299.00,Camiseta Kombat XXV Aldosivi
Kappa,K234245YW-KS004,K234245YW-KS004-XL,0,186299.00,Camiseta Kombat XXV Aldosivi
Kappa,K234245YW-KS004,K234245YW-KS004-XXL,1,186299.00,Camiseta Kombat XXV Aldosivi
Kappa,K234245YW-KS004,K234245YW-KS004-XXXL,2,186299.00,Camiseta Kombat XXV Aldosivi
Kappa,K235285HW-KS003,K235285HW-KS003-XS,0,186299.00,Camiseta Kombat XXV Tigre
Kappa,K235285HW-KS003,K235285HW-KS003-S,8,186299.00,Camiseta Kombat XXV Tigre
Kappa,K235285HW-KS003,K235285HW-KS003-M,10,186299.00,Camiseta Kombat XXV Tigre
Kappa,K235285HW-KS003,K235285HW-KS003-L,1,186299.00,Camiseta Kombat XXV Tigre
Kappa,K235285HW-KS003,K235285HW-KS003-XL,5,186299.00,Camiseta Kombat XXV Tigre
Kappa,K235285HW-KS003,K235285HW-KS003-XXL,2,186299.00,Camiseta Kombat XXV Tigre
Kappa,K235285HW-KS003,K235285HW-KS003-XXXL,6,186299.00,Camiseta Kombat XXV Tigre
Kappa,K232255JW-KC21,K232255JW-KC21-XS,9,77699.00,Camiseta Pre March San Martín de Tucumán
Kappa,K232255JW-KC21,K232255JW-KC21-S,7,77699.00,Camiseta Pre March San Martín de Tucumán
Kappa,K232255JW-KC21,K232255JW-KC21-M,2,77699.00,Camiseta Pre March San Martín de Tucumán
Kappa,K232255JW-KC21,K232255JW-KC21-L,0,77699.00,Camiseta Pre March San Martín de Tucumán
Kappa,K232255JW-KC21,K232255JW-KC21-XL,0,77699.00,Camiseta Pre March San Martín de Tucumán
Kappa,K232255JW-KC21,K232255JW-KC21-XXL,0,77699.00,Camiseta Pre March San Martín de Tucumán
Kappa,K232255JW-KC21,K232255JW-KC21-XXXL,4,77699.00,Camiseta Pre March San Martín de Tucumán
Kappa,K2311N55W-KA56A,K2311N55W-KA56A-XS,1,82799.00,Camiseta Pre Match Atlético Tucumán
Kappa,K2311N55W-KA56A,K2311N55W-KA56A-S,0,82799.00,Camiseta Pre Match Atlético Tucumán
Kappa,K2311N55W-KA56A,K2311N55W-KA56A-M,0,82799.00,Camiseta Pre Match Atlético Tucumán
Kappa,K2311N55W-KA56A,K2311N55W-KA56A-L,0,82799.00,Camiseta Pre Match Atlético Tucumán
Kappa,K2311N55W-KA56A,K2311N55W-KA56A-XL,0,82799.00,Camiseta Pre Match Atlético Tucumán
Kappa,K2311N55W-KA56A,K2311N55W-KA56A-XXL,0,82799.00,Camiseta Pre Match Atlético Tucumán
Kappa,K2311N55W-KA56A,K2311N55W-KA56A-XXXL,0,82799.00,Camiseta Pre Match Atlético Tucumán
Kappa,K2352918W-KA73,K2352918W-KA73-XS,0,87999.00,Camiseta Pre Match Huracán
Kappa,K2352918W-KA73,K2352918W-KA73-S,4,87999.00,Camiseta Pre Match Huracán
Kappa,K2352918W-KA73,K2352918W-KA73-M,4,87999.00,Camiseta Pre Match Huracán
Kappa,K2352918W-KA73,K2352918W-KA73-L,4,87999.00,Camiseta Pre Match Huracán
Kappa,K2352918W-KA73,K2352918W-KA73-XL,8,87999.00,Camiseta Pre Match Huracán
Kappa,K2352918W-KA73,K2352918W-KA73-XXL,0,87999.00,Camiseta Pre Match Huracán
Kappa,K2352918W-KA73,K2352918W-KA73-XXXL,0,87999.00,Camiseta Pre Match Huracán
Kappa,K237271GW-KY07,K237271GW-KY07-XS,8,79699.00,Camiseta Pre Match Tigre
Kappa,K237271GW-KY07,K237271GW-KY07-S,13,79699.00,Camiseta Pre Match Tigre
Kappa,K237271GW-KY07,K237271GW-KY07-M,21,79699.00,Camiseta Pre Match Tigre
Kappa,K237271GW-KY07,K237271GW-KY07-L,12,79699.00,Camiseta Pre Match Tigre
Kappa,K237271GW-KY07,K237271GW-KY07-XL,5,79699.00,Camiseta Pre Match Tigre
Kappa,K237271GW-KY07,K237271GW-KY07-XXL,0,79699.00,Camiseta Pre Match Tigre
Kappa,K237271GW-KY07,K237271GW-KY07-XXXL,2,79699.00,Camiseta Pre Match Tigre
Kappa,K236165LW-K902I,K236165LW-K902I-M,0,43999.00,Camiseta Racing Club Away
Kappa,K236165LW-K902I,K236165LW-K902I-L,1,43999.00,Camiseta Racing Club Away
Kappa,K2322D4UW-K005,K2322D4UW-K005-XS,1,167699.00,Campera 222 Banda Nolan Zip
Kappa,K2322D4UW-K005,K2322D4UW-K005-S,4,167699.00,Campera 222 Banda Nolan Zip
Kappa,K2322D4UW-K005,K2322D4UW-K005-M,2,167699.00,Campera 222 Banda Nolan Zip
Kappa,K2322D4UW-K005,K2322D4UW-K005-L,6,167699.00,Campera 222 Banda Nolan Zip
Kappa,K2322D4UW-K005,K2322D4UW-K005-XL,4,167699.00,Campera 222 Banda Nolan Zip
Kappa,K2322D4UW-K906D,K2322D4UW-K906D-XS,1,167699.00,Campera 222 Banda Nolan Zip
Kappa,K2322D4UW-K906D,K2322D4UW-K906D-S,3,167699.00,Campera 222 Banda Nolan Zip
Kappa,K2322D4UW-K906D,K2322D4UW-K906D-M,2,167699.00,Campera 222 Banda Nolan Zip
Kappa,K2322D4UW-K906D,K2322D4UW-K906D-L,1,167699.00,Campera 222 Banda Nolan Zip
Kappa,K2322D4UW-K906D,K2322D4UW-K906D-XL,3,167699.00,Campera 222 Banda Nolan Zip
Kappa,K237281RW-KX6K,K237281RW-KX6K-L,0,134599.00,Campera Anthem Atlético Tucumán
Kappa,K237281RW-KX6K,K237281RW-KX6K-M,0,134599.00,Campera Anthem Atlético Tucumán
Kappa,K237281RW-KX6K,K237281RW-KX6K-S,0,134599.00,Campera Anthem Atlético Tucumán
Kappa,K237281RW-KX6K,K237281RW-KX6K-XL,1,134599.00,Campera Anthem Atlético Tucumán
Kappa,K237281RW-KX6K,K237281RW-KX6K-XS,0,134599.00,Campera Anthem Atlético Tucumán
Kappa,K237281RW-KX6K,K237281RW-KX6K-XXL,0,134599.00,Campera Anthem Atlético Tucumán
Kappa,K237281RW-KX6K,K237281RW-KX6K-XXXL,0,134599.00,Campera Anthem Atlético Tucumán
Kappa,K238264MW-K001,K238264MW-K001-XS,0,134599.00,Campera Anthem Tigre
Kappa,K238264MW-K001,K238264MW-K001-S,2,134599.00,Campera Anthem Tigre
Kappa,K238264MW-K001,K238264MW-K001-M,0,134599.00,Campera Anthem Tigre
Kappa,K238264MW-K001,K238264MW-K001-L,1,134599.00,Campera Anthem Tigre
Kappa,K238264MW-K001,K238264MW-K001-XL,1,134599.00,Campera Anthem Tigre
Kappa,K238264MW-K001,K238264MW-K001-XXL,0,134599.00,Campera Anthem Tigre
Kappa,K238264MW-K001,K238264MW-K001-XXXL,0,134599.00,Campera Anthem Tigre
Kappa,K237216PWE-KF29,K237216PWE-KF29-L,0,175999.00,Campera Arminzip Club Atlético Tucumán
Kappa,K237216PWE-KF29,K237216PWE-KF29-M,3,175999.00,Campera Arminzip Club Atlético Tucumán
Kappa,K237216PWE-KF29,K237216PWE-KF29-S,0,175999.00,Campera Arminzip Club Atlético Tucumán
Kappa,K237216PWE-KF29,K237216PWE-KF29-XL,1,175999.00,Campera Arminzip Club Atlético Tucumán
Kappa,K237216PWE-KF29,K237216PWE-KF29-XS,0,175999.00,Campera Arminzip Club Atlético Tucumán
Kappa,K237216PWE-KF29,K237216PWE-KF29-XXL,1,175999.00,Campera Arminzip Club Atlético Tucumán
Kappa,K237216PWE-KF29,K237216PWE-KF29-XXXL,4,175999.00,Campera Arminzip Club Atlético Tucumán
Kappa,K237216QWE-KF29,K237216QWE-KF29-XS,2,155299.00,Campera De Invierno Club Atlético Tucumán
Kappa,K237216QWE-KF29,K237216QWE-KF29-S,2,155299.00,Campera De Invierno Club Atlético Tucumán
Kappa,K237216QWE-KF29,K237216QWE-KF29-M,0,155299.00,Campera De Invierno Club Atlético Tucumán
Kappa,K237216QWE-KF29,K237216QWE-KF29-L,0,155299.00,Campera De Invierno Club Atlético Tucumán
Kappa,K237216QWE-KF29,K237216QWE-KF29-XL,2,155299.00,Campera De Invierno Club Atlético Tucumán
Kappa,K237216QWE-KF29,K237216QWE-KF29-XXL,0,155299.00,Campera De Invierno Club Atlético Tucumán
Kappa,K237216QWE-KF29,K237216QWE-KF29-XXXL,0,155299.00,Campera De Invierno Club Atlético Tucumán
Kappa,K234231IW-KY07,K234231IW-KY07-XS,2,155299.00,Campera De Invierno Tigre
Kappa,K234231IW-KY07,K234231IW-KY07-S,0,155299.00,Campera De Invierno Tigre
Kappa,K234231IW-KY07,K234231IW-KY07-M,0,155299.00,Campera De Invierno Tigre
Kappa,K234231IW-KY07,K234231IW-KY07-L,0,155299.00,Campera De Invierno Tigre
Kappa,K234231IW-KY07,K234231IW-KY07-XL,0,155299.00,Campera De Invierno Tigre
Kappa,K234231IW-KY07,K234231IW-KY07-XXL,0,155299.00,Campera De Invierno Tigre
Kappa,K234231IW-KY07,K234231IW-KY07-XXXL,0,155299.00,Campera De Invierno Tigre
Kappa,K234231GW-KA07M,K234231GW-KA07M-XS,0,144899.00,Campera de Lluvia Tigre
Kappa,K234231GW-KA07M,K234231GW-KA07M-S,0,144899.00,Campera de Lluvia Tigre
Kappa,K234231GW-KA07M,K234231GW-KA07M-M,3,144899.00,Campera de Lluvia Tigre
Kappa,K234231GW-KA07M,K234231GW-KA07M-L,0,144899.00,Campera de Lluvia Tigre
Kappa,K234231GW-KA07M,K234231GW-KA07M-XL,0,144899.00,Campera de Lluvia Tigre
Kappa,K234231GW-KA07M,K234231GW-KA07M-XXL,0,144899.00,Campera de Lluvia Tigre
Kappa,K234231GW-KA07M,K234231GW-KA07M-XXXL,0,144899.00,Campera de Lluvia Tigre
Kappa,K2372D1IW-KPAA00,K2372D1IW-KPAA00-S,1,62099.00,Campera Grevolo Kappa 4 Football
Kappa,K2372D1IW-KPAA00,K2372D1IW-KPAA00-M,0,62099.00,Campera Grevolo Kappa 4 Football
Kappa,K2372D1IW-KPAA00,K2372D1IW-KPAA00-L,0,62099.00,Campera Grevolo Kappa 4 Football
Kappa,K2372D1IW-KPAA00,K2372D1IW-KPAA00-XL,0,62099.00,Campera Grevolo Kappa 4 Football
Kappa,K2372D1IW-KPAA00,K2372D1IW-KPAA00-XXL,0,62099.00,Campera Grevolo Kappa 4 Football
Kappa,K2372D1IW-KPAA00,K2372D1IW-KPAA00-XXXL,0,62099.00,Campera Grevolo Kappa 4 Football
Kappa,K2372641W-K900AI,K2372641W-K900AI-S,4,128399.00,Campera Kappa 222 Banda
Kappa,K2372641W-K900AI,K2372641W-K900AI-M,0,128399.00,Campera Kappa 222 Banda
Kappa,K2372641W-K900AI,K2372641W-K900AI-L,6,128399.00,Campera Kappa 222 Banda
Kappa,K2372641W-K900AI,K2372641W-K900AI-XL,2,128399.00,Campera Kappa 222 Banda
Kappa,K2372641W-K900AI,K2372641W-K900AI-XXL,2,128399.00,Campera Kappa 222 Banda
Kappa,K2372641W-K907X,K2372641W-K907X-S,6,128399.00,Campera Kappa 222 Banda
Kappa,K2372641W-K907X,K2372641W-K907X-M,4,128399.00,Campera Kappa 222 Banda
Kappa,K2372641W-K907X,K2372641W-K907X-L,3,128399.00,Campera Kappa 222 Banda
Kappa,K2372641W-K907X,K2372641W-K907X-XL,4,128399.00,Campera Kappa 222 Banda
Kappa,K2372641W-K907X,K2372641W-K907X-XXL,2,128399.00,Campera Kappa 222 Banda
Piccadilly,P97009800000009FW24,P97009800000009FW24-36,0,101999.00,BORCEGO FABI
Piccadilly,P97009800000009FW24,P97009800000009FW24-37,0,101999.00,BORCEGO FABI
Piccadilly,P97009800000009FW24,P97009800000009FW24-38,0,101999.00,BORCEGO FABI
Piccadilly,P97009800000009FW24,P97009800000009FW24-39,1,101999.00,BORCEGO FABI
Piccadilly,P97009800000009FW24,P97009800000009FW24-40,0,101999.00,BORCEGO FABI
Piccadilly,P97009800000009FW24,P97009800000009FW24-41,1,101999.00,BORCEGO FABI
Piccadilly,P31801800000001FW26,P31801800000001FW26-35,2,155999.00,Borcego Fabiana
Piccadilly,P31801800000001FW26,P31801800000001FW26-36,2,155999.00,Borcego Fabiana
Piccadilly,P31801800000001FW26,P31801800000001FW26-37,5,155999.00,Borcego Fabiana
Piccadilly,P31801800000001FW26,P31801800000001FW26-38,13,155999.00,Borcego Fabiana
Piccadilly,P31801800000001FW26,P31801800000001FW26-39,4,155999.00,Borcego Fabiana
Piccadilly,P31801800000001FW26,P31801800000001FW26-40,3,155999.00,Borcego Fabiana
Piccadilly,P31801800000001FW26,P31801800000001FW26-41,1,155999.00,Borcego Fabiana
Piccadilly,P31801900000001FW26,P31801900000001FW26-35,0,151999.00,Borcego Fabiana
Piccadilly,P31801900000001FW26,P31801900000001FW26-36,9,151999.00,Borcego Fabiana
Piccadilly,P31801900000001FW26,P31801900000001FW26-37,23,151999.00,Borcego Fabiana
Piccadilly,P31801900000001FW26,P31801900000001FW26-38,32,151999.00,Borcego Fabiana
Piccadilly,P31801900000001FW26,P31801900000001FW26-39,25,151999.00,Borcego Fabiana
Piccadilly,P31801900000001FW26,P31801900000001FW26-40,18,151999.00,Borcego Fabiana
Piccadilly,P31801900000001FW26,P31801900000001FW26-41,3,151999.00,Borcego Fabiana
Piccadilly,P31801900000002FW26,P31801900000002FW26-35,2,151999.00,Borcego Fabiana
Piccadilly,P31801900000002FW26,P31801900000002FW26-36,9,151999.00,Borcego Fabiana
Piccadilly,P31801900000002FW26,P31801900000002FW26-37,18,151999.00,Borcego Fabiana
Piccadilly,P31801900000002FW26,P31801900000002FW26-38,23,151999.00,Borcego Fabiana
Piccadilly,P31801900000002FW26,P31801900000002FW26-39,18,151999.00,Borcego Fabiana
Piccadilly,P31801900000002FW26,P31801900000002FW26-40,7,151999.00,Borcego Fabiana
Piccadilly,P31801900000002FW26,P31801900000002FW26-41,0,151999.00,Borcego Fabiana
Piccadilly,P31801000000005FW25,P31801000000005FW25-35,0,129999.00,Borcego Fabiana Caña Media
Piccadilly,P31801000000005FW25,P31801000000005FW25-36,0,129999.00,Borcego Fabiana Caña Media
Piccadilly,P31801000000005FW25,P31801000000005FW25-37,0,129999.00,Borcego Fabiana Caña Media
Piccadilly,P31801000000005FW25,P31801000000005FW25-38,0,129999.00,Borcego Fabiana Caña Media
Piccadilly,P31801000000005FW25,P31801000000005FW25-39,13,129999.00,Borcego Fabiana Caña Media
Piccadilly,P31801000000005FW25,P31801000000005FW25-40,0,129999.00,Borcego Fabiana Caña Media
Piccadilly,P31801000000005FW25,P31801000000005FW25-41,0,129999.00,Borcego Fabiana Caña Media
Piccadilly,P31801000000006FW25,P31801000000006FW25-35,0,129999.00,Borcego Fabiana Caña Media
Piccadilly,P31801000000006FW25,P31801000000006FW25-36,18,129999.00,Borcego Fabiana Caña Media
Piccadilly,P31801000000006FW25,P31801000000006FW25-37,27,129999.00,Borcego Fabiana Caña Media
Piccadilly,P31801000000006FW25,P31801000000006FW25-38,32,129999.00,Borcego Fabiana Caña Media
Piccadilly,P31801000000006FW25,P31801000000006FW25-39,30,129999.00,Borcego Fabiana Caña Media
Piccadilly,P31801000000006FW25,P31801000000006FW25-40,18,129999.00,Borcego Fabiana Caña Media
Piccadilly,P31801000000006FW25,P31801000000006FW25-41,3,129999.00,Borcego Fabiana Caña Media
Piccadilly,P65302600000005FW26,P65302600000005FW26-35,0,129999.00,Borcego Leci
Piccadilly,P65302600000005FW26,P65302600000005FW26-36,2,129999.00,Borcego Leci
Piccadilly,P65302600000005FW26,P65302600000005FW26-37,13,129999.00,Borcego Leci
Piccadilly,P65302600000005FW26,P65302600000005FW26-38,13,129999.00,Borcego Leci
Piccadilly,P65302600000005FW26,P65302600000005FW26-39,10,129999.00,Borcego Leci
Piccadilly,P65302600000005FW26,P65302600000005FW26-40,6,129999.00,Borcego Leci
Piccadilly,P65302600000005FW26,P65302600000005FW26-41,4,129999.00,Borcego Leci
Piccadilly,P65302600000006FW26,P65302600000006FW26-35,0,129999.00,Borcego Leci
Piccadilly,P65302600000006FW26,P65302600000006FW26-36,4,129999.00,Borcego Leci
Piccadilly,P65302600000006FW26,P65302600000006FW26-37,9,129999.00,Borcego Leci
Piccadilly,P65302600000006FW26,P65302600000006FW26-38,8,129999.00,Borcego Leci
Piccadilly,P65302600000006FW26,P65302600000006FW26-39,6,129999.00,Borcego Leci
Piccadilly,P65302600000006FW26,P65302600000006FW26-40,1,129999.00,Borcego Leci
Piccadilly,P65302600000006FW26,P65302600000006FW26-41,0,129999.00,Borcego Leci
Piccadilly,P14321900000002FW24,P14321900000002FW24-34,41,89999.00,Bota Anabela Caña Media
Piccadilly,P14321900000002FW24,P14321900000002FW24-35,78,89999.00,Bota Anabela Caña Media
Piccadilly,P14321900000002FW24,P14321900000002FW24-36,96,89999.00,Bota Anabela Caña Media
Piccadilly,P14321900000002FW24,P14321900000002FW24-37,0,89999.00,Bota Anabela Caña Media
Piccadilly,P14321900000002FW24,P14321900000002FW24-38,0,89999.00,Bota Anabela Caña Media
Piccadilly,P14321900000002FW24,P14321900000002FW24-39,0,89999.00,Bota Anabela Caña Media
Piccadilly,P14321900000002FW24,P14321900000002FW24-40,0,89999.00,Bota Anabela Caña Media
Piccadilly,P11712500000001FW25,P11712500000001FW25-36,0,119999.00,Bota Beth Caña Alta
Piccadilly,P11712500000001FW25,P11712500000001FW25-37,6,119999.00,Bota Beth Caña Alta
Piccadilly,P11712500000001FW25,P11712500000001FW25-38,10,119999.00,Bota Beth Caña Alta
Piccadilly,P11712500000001FW25,P11712500000001FW25-39,0,119999.00,Bota Beth Caña Alta
Piccadilly,P11712500000001FW25,P11712500000001FW25-40,1,119999.00,Bota Beth Caña Alta
Piccadilly,P11712500000001FW25,P11712500000001FW25-41,0,119999.00,Bota Beth Caña Alta
Piccadilly,P11710000000016FW25,P11710000000016FW25-36,8,120999.00,Bota Beth Caña Baja
Piccadilly,P11710000000016FW25,P11710000000016FW25-37,25,120999.00,Bota Beth Caña Baja
Piccadilly,P11710000000016FW25,P11710000000016FW25-38,12,120999.00,Bota Beth Caña Baja
Piccadilly,P11710000000016FW25,P11710000000016FW25-39,0,120999.00,Bota Beth Caña Baja
Piccadilly,P11710000000016FW25,P11710000000016FW25-40,1,120999.00,Bota Beth Caña Baja
Piccadilly,P11710000000016FW25,P11710000000016FW25-41,0,120999.00,Bota Beth Caña Baja
Piccadilly,P11710600000014FW25,P11710600000014FW25-36,8,99999.00,Bota Beth Caña Baja
Piccadilly,P11710600000014FW25,P11710600000014FW25-37,0,99999.00,Bota Beth Caña Baja
Piccadilly,P11710600000014FW25,P11710600000014FW25-38,0,99999.00,Bota Beth Caña Baja
Piccadilly,P11710600000014FW25,P11710600000014FW25-39,10,99999.00,Bota Beth Caña Baja
Piccadilly,P11710600000014FW25,P11710600000014FW25-40,0,99999.00,Bota Beth Caña Baja
Piccadilly,P14505700000005FW25,P14505700000005FW25-36,1,99999.00,Bota Caña Baja
Piccadilly,P14505700000005FW25,P14505700000005FW25-37,0,99999.00,Bota Caña Baja
Piccadilly,P14505700000005FW25,P14505700000005FW25-38,0,99999.00,Bota Caña Baja
Piccadilly,P14505700000005FW25,P14505700000005FW25-39,0,99999.00,Bota Caña Baja
Piccadilly,P14505700000005FW25,P14505700000005FW25-40,0,99999.00,Bota Caña Baja
Piccadilly,P14505700000005FW25,P14505700000005FW25-41,0,99999.00,Bota Caña Baja
Piccadilly,P14505800000001FW25,P14505800000001FW25-35,0,93999.00,Bota Caña Baja
Piccadilly,P14505800000001FW25,P14505800000001FW25-36,0,93999.00,Bota Caña Baja
Piccadilly,P14505800000001FW25,P14505800000001FW25-37,0,93999.00,Bota Caña Baja
Piccadilly,P14505800000001FW25,P14505800000001FW25-38,0,93999.00,Bota Caña Baja
Piccadilly,P14505800000001FW25,P14505800000001FW25-39,0,93999.00,Bota Caña Baja
Piccadilly,P14505800000001FW25,P14505800000001FW25-40,1,93999.00,Bota Caña Baja
Piccadilly,P14505800000002FW25,P14505800000002FW25-36,0,93999.00,Bota Caña Baja
Piccadilly,P14505800000002FW25,P14505800000002FW25-37,2,93999.00,Bota Caña Baja
Piccadilly,P14505800000002FW25,P14505800000002FW25-38,1,93999.00,Bota Caña Baja
Piccadilly,P14505800000002FW25,P14505800000002FW25-39,2,93999.00,Bota Caña Baja
Piccadilly,P14505800000002FW25,P14505800000002FW25-41,0,93999.00,Bota Caña Baja
Piccadilly,P67500200000001FW26,P67500200000001FW26-35,0,133999.00,Bota Daiane
Piccadilly,P67500200000001FW26,P67500200000001FW26-36,4,133999.00,Bota Daiane
Piccadilly,P67500200000001FW26,P67500200000001FW26-37,27,133999.00,Bota Daiane
Piccadilly,P67500200000001FW26,P67500200000001FW26-38,30,133999.00,Bota Daiane
Piccadilly,P67500200000001FW26,P67500200000001FW26-39,29,133999.00,Bota Daiane
Piccadilly,P67500200000001FW26,P67500200000001FW26-40,28,133999.00,Bota Daiane
Piccadilly,P67500200000001FW26,P67500200000001FW26-41,0,133999.00,Bota Daiane
Piccadilly,P67500200000004FW26,P67500200000004FW26-35,0,133999.00,Bota Daiane
Piccadilly,P67500200000004FW26,P67500200000004FW26-36,7,133999.00,Bota Daiane
Piccadilly,P67500200000004FW26,P67500200000004FW26-37,8,133999.00,Bota Daiane
Piccadilly,P67500200000004FW26,P67500200000004FW26-38,11,133999.00,Bota Daiane
Piccadilly,P67500200000004FW26,P67500200000004FW26-39,14,133999.00,Bota Daiane
Piccadilly,P67500200000004FW26,P67500200000004FW26-40,8,133999.00,Bota Daiane
Piccadilly,P67500200000004FW26,P67500200000004FW26-41,0,133999.00,Bota Daiane
Piccadilly,P67500200000006FW26,P67500200000006FW26-35,0,133999.00,Bota Daiane
Piccadilly,P67500200000006FW26,P67500200000006FW26-36,5,133999.00,Bota Daiane
Piccadilly,P67500200000006FW26,P67500200000006FW26-37,11,133999.00,Bota Daiane
Piccadilly,P67500200000006FW26,P67500200000006FW26-38,19,133999.00,Bota Daiane
Piccadilly,P67500200000006FW26,P67500200000006FW26-39,17,133999.00,Bota Daiane
Piccadilly,P67500200000006FW26,P67500200000006FW26-40,5,133999.00,Bota Daiane
Piccadilly,P67500200000006FW26,P67500200000006FW26-41,0,133999.00,Bota Daiane
Piccadilly,P66100500000001FW23,P66100500000001FW23-35,0,139999.00,Bota Dalva Diamante Nobuck
Piccadilly,P66100500000001FW23,P66100500000001FW23-36,1,139999.00,Bota Dalva Diamante Nobuck
Piccadilly,P66100500000001FW23,P66100500000001FW23-37,0,139999.00,Bota Dalva Diamante Nobuck
Piccadilly,P66100500000001FW23,P66100500000001FW23-38,0,139999.00,Bota Dalva Diamante Nobuck
Piccadilly,P66100500000001FW23,P66100500000001FW23-39,0,139999.00,Bota Dalva Diamante Nobuck
Piccadilly,P66100500000001FW23,P66100500000001FW23-40,0,139999.00,Bota Dalva Diamante Nobuck
Piccadilly,P66100500000001FW23,P66100500000001FW23-41,0,139999.00,Bota Dalva Diamante Nobuck
Piccadilly,P65406200000002FW25,P65406200000002FW25-35,0,89999.00,Bota Danubia Caña Baja
Piccadilly,P65406200000002FW25,P65406200000002FW25-36,0,89999.00,Bota Danubia Caña Baja
Piccadilly,P65406200000002FW25,P65406200000002FW25-37,0,89999.00,Bota Danubia Caña Baja
Piccadilly,P65406200000002FW25,P65406200000002FW25-38,1,89999.00,Bota Danubia Caña Baja
Piccadilly,P65406200000002FW25,P65406200000002FW25-39,0,89999.00,Bota Danubia Caña Baja
Piccadilly,P65406200000002FW25,P65406200000002FW25-40,0,89999.00,Bota Danubia Caña Baja
Piccadilly,P65406200000002FW25,P65406200000002FW25-41,0,89999.00,Bota Danubia Caña Baja
Piccadilly,P13024900000001FW26,P13024900000001FW26-35,1,133999.00,Bota Deise
Piccadilly,P13024900000001FW26,P13024900000001FW26-36,1,133999.00,Bota Deise
Piccadilly,P13024900000001FW26,P13024900000001FW26-37,10,133999.00,Bota Deise
Piccadilly,P13024900000001FW26,P13024900000001FW26-38,22,133999.00,Bota Deise
Piccadilly,P13024900000001FW26,P13024900000001FW26-39,17,133999.00,Bota Deise
Piccadilly,P13024900000001FW26,P13024900000001FW26-40,14,133999.00,Bota Deise
Piccadilly,P13024900000001FW26,P13024900000001FW26-41,10,133999.00,Bota Deise
Piccadilly,P13024900000003FW26,P13024900000003FW26-35,0,133999.00,Bota Deise
Piccadilly,P13024900000003FW26,P13024900000003FW26-36,4,133999.00,Bota Deise
Piccadilly,P13024900000003FW26,P13024900000003FW26-37,9,133999.00,Bota Deise
Piccadilly,P13024900000003FW26,P13024900000003FW26-38,16,133999.00,Bota Deise
Piccadilly,P13024900000003FW26,P13024900000003FW26-39,20,133999.00,Bota Deise
Piccadilly,P13024900000003FW26,P13024900000003FW26-40,10,133999.00,Bota Deise
Piccadilly,P13024900000003FW26,P13024900000003FW26-41,8,133999.00,Bota Deise
Piccadilly,P13022300000001FW23,P13022300000001FW23-35,0,77999.00,Bota Deise Bordado Aplique Textura
Piccadilly,P13022300000001FW23,P13022300000001FW23-36,0,77999.00,Bota Deise Bordado Aplique Textura
Piccadilly,P13022300000001FW23,P13022300000001FW23-37,0,77999.00,Bota Deise Bordado Aplique Textura
Piccadilly,P13022300000001FW23,P13022300000001FW23-38,1,77999.00,Bota Deise Bordado Aplique Textura
Piccadilly,P13022300000001FW23,P13022300000001FW23-39,0,77999.00,Bota Deise Bordado Aplique Textura
Piccadilly,P13022300000001FW23,P13022300000001FW23-40,0,77999.00,Bota Deise Bordado Aplique Textura
Piccadilly,P13022300000001FW23,P13022300000001FW23-41,0,77999.00,Bota Deise Bordado Aplique Textura
Piccadilly,P13023900000004FW25,P13023900000004FW25-35,0,99999.00,Bota Deise Caña Baja
Piccadilly,P13023900000004FW25,P13023900000004FW25-36,0,99999.00,Bota Deise Caña Baja
Piccadilly,P13023900000004FW25,P13023900000004FW25-37,0,99999.00,Bota Deise Caña Baja
Piccadilly,P13023900000004FW25,P13023900000004FW25-38,15,99999.00,Bota Deise Caña Baja
Piccadilly,P13023900000004FW25,P13023900000004FW25-39,0,99999.00,Bota Deise Caña Baja
Piccadilly,P13023900000004FW25,P13023900000004FW25-40,0,99999.00,Bota Deise Caña Baja
Piccadilly,P13023900000004FW25,P13023900000004FW25-41,3,99999.00,Bota Deise Caña Baja
Piccadilly,P13023900000007FW25,P13023900000007FW25-36,0,99999.00,Bota Deise Caña Baja
Piccadilly,P13023900000007FW25,P13023900000007FW25-37,0,99999.00,Bota Deise Caña Baja
Piccadilly,P13023900000007FW25,P13023900000007FW25-38,18,99999.00,Bota Deise Caña Baja
Piccadilly,P13023900000007FW25,P13023900000007FW25-39,0,99999.00,Bota Deise Caña Baja
Piccadilly,P13023900000007FW25,P13023900000007FW25-40,1,99999.00,Bota Deise Caña Baja
Piccadilly,P13023900000007FW25,P13023900000007FW25-41,0,99999.00,Bota Deise Caña Baja
Piccadilly,P13024000000001FW25,P13024000000001FW25-36,10,104999.00,Bota Deise Caña Baja
Piccadilly,P13024000000001FW25,P13024000000001FW25-37,12,104999.00,Bota Deise Caña Baja
Piccadilly,P13024000000001FW25,P13024000000001FW25-38,11,104999.00,Bota Deise Caña Baja
Piccadilly,P13024000000001FW25,P13024000000001FW25-39,2,104999.00,Bota Deise Caña Baja
Piccadilly,P13024000000001FW25,P13024000000001FW25-40,0,104999.00,Bota Deise Caña Baja
Piccadilly,P13024000000001FW25,P13024000000001FW25-41,0,104999.00,Bota Deise Caña Baja
Piccadilly,P13024000000004FW25,P13024000000004FW25-36,7,104999.00,Bota Deise Caña Baja
Piccadilly,P13024000000004FW25,P13024000000004FW25-37,14,104999.00,Bota Deise Caña Baja
Piccadilly,P13024000000004FW25,P13024000000004FW25-38,0,104999.00,Bota Deise Caña Baja
Piccadilly,P13024000000004FW25,P13024000000004FW25-39,1,104999.00,Bota Deise Caña Baja
Piccadilly,P13024000000004FW25,P13024000000004FW25-40,0,104999.00,Bota Deise Caña Baja
Piccadilly,P13024000000004FW25,P13024000000004FW25-41,2,104999.00,Bota Deise Caña Baja
Piccadilly,P76900200000003FW25,P76900200000003FW25-36,10,119999.00,Bota Denise
Piccadilly,P76900200000003FW25,P76900200000003FW25-37,9,119999.00,Bota Denise
Piccadilly,P76900200000003FW25,P76900200000003FW25-38,8,119999.00,Bota Denise
Piccadilly,P76900200000003FW25,P76900200000003FW25-39,1,119999.00,Bota Denise
Piccadilly,P76900200000003FW25,P76900200000003FW25-40,0,119999.00,Bota Denise
Piccadilly,P76900200000003FW25,P76900200000003FW25-41,0,119999.00,Bota Denise
Piccadilly,P76900200000001FW25,P76900200000001FW25-35,1,119999.00,Bota Denise
Piccadilly,P76900200000001FW25,P76900200000001FW25-36,3,119999.00,Bota Denise
Piccadilly,P76900200000001FW25,P76900200000001FW25-37,5,119999.00,Bota Denise
Piccadilly,P76900200000001FW25,P76900200000001FW25-38,3,119999.00,Bota Denise
Piccadilly,P76900200000001FW25,P76900200000001FW25-39,2,119999.00,Bota Denise
Piccadilly,P76900200000001FW25,P76900200000001FW25-40,1,119999.00,Bota Denise
Piccadilly,P76900200000001FW25,P76900200000001FW25-41,0,119999.00,Bota Denise
Piccadilly,P76900200000004FW25,P76900200000004FW25-35,0,119999.00,Bota Denise Caña Baja
Piccadilly,P76900200000004FW25,P76900200000004FW25-36,4,119999.00,Bota Denise Caña Baja
Piccadilly,P76900200000004FW25,P76900200000004FW25-37,0,119999.00,Bota Denise Caña Baja
Piccadilly,P76900200000004FW25,P76900200000004FW25-38,4,119999.00,Bota Denise Caña Baja
Piccadilly,P76900200000004FW25,P76900200000004FW25-39,0,119999.00,Bota Denise Caña Baja
Piccadilly,P76900200000004FW25,P76900200000004FW25-40,0,119999.00,Bota Denise Caña Baja
Piccadilly,P76900200000004FW25,P76900200000004FW25-41,0,119999.00,Bota Denise Caña Baja
Piccadilly,P31801800000003FW26,P31801800000003FW26-35,1,155999.00,Bota Fabiana
Piccadilly,P31801800000003FW26,P31801800000003FW26-36,1,155999.00,Bota Fabiana
Piccadilly,P31801800000003FW26,P31801800000003FW26-37,12,155999.00,Bota Fabiana
Piccadilly,P31801800000003FW26,P31801800000003FW26-38,18,155999.00,Bota Fabiana
Piccadilly,P31801800000003FW26,P31801800000003FW26-39,2,155999.00,Bota Fabiana
Piccadilly,P31801800000003FW26,P31801800000003FW26-40,1,155999.00,Bota Fabiana
Piccadilly,P31801800000003FW26,P31801800000003FW26-41,6,155999.00,Bota Fabiana
Piccadilly,P31801700000004FW26,P31801700000004FW26-35,0,135999.00,Bota Fabiana
Piccadilly,P31801700000004FW26,P31801700000004FW26-36,4,135999.00,Bota Fabiana
Piccadilly,P31801700000004FW26,P31801700000004FW26-37,11,135999.00,Bota Fabiana
Piccadilly,P31801700000004FW26,P31801700000004FW26-38,19,135999.00,Bota Fabiana
Piccadilly,P31801700000004FW26,P31801700000004FW26-39,1,135999.00,Bota Fabiana
Piccadilly,P31801700000004FW26,P31801700000004FW26-40,1,135999.00,Bota Fabiana
Piccadilly,P31801700000004FW26,P31801700000004FW26-41,2,135999.00,Bota Fabiana
Piccadilly,P31801700000005FW26,P31801700000005FW26-35,0,135999.00,Bota Fabiana
Piccadilly,P31801700000005FW26,P31801700000005FW26-36,1,135999.00,Bota Fabiana
Piccadilly,P31801700000005FW26,P31801700000005FW26-37,6,135999.00,Bota Fabiana
Piccadilly,P31801700000005FW26,P31801700000005FW26-38,12,135999.00,Bota Fabiana
Piccadilly,P31801700000005FW26,P31801700000005FW26-39,8,135999.00,Bota Fabiana
Piccadilly,P31801700000005FW26,P31801700000005FW26-40,3,135999.00,Bota Fabiana
Piccadilly,P31801700000005FW26,P31801700000005FW26-41,3,135999.00,Bota Fabiana
Piccadilly,P31800900000001FW25,P31800900000001FW25-36,0,119999.00,Bota Fabiana Chelsea
Piccadilly,P31800900000001FW25,P31800900000001FW25-37,5,119999.00,Bota Fabiana Chelsea
Piccadilly,P31800900000001FW25,P31800900000001FW25-38,0,119999.00,Bota Fabiana Chelsea
Piccadilly,P31800900000001FW25,P31800900000001FW25-39,0,119999.00,Bota Fabiana Chelsea
Piccadilly,P31800900000001FW25,P31800900000001FW25-40,0,119999.00,Bota Fabiana Chelsea
Piccadilly,P31800900000001FW25,P31800900000001FW25-41,0,119999.00,Bota Fabiana Chelsea
Piccadilly,P76600100000001FW24,P76600100000001FW24-35,0,99999.00,Bota Giordana
Piccadilly,P76600100000001FW24,P76600100000001FW24-36,0,99999.00,Bota Giordana
Piccadilly,P76600100000001FW24,P76600100000001FW24-37,1,99999.00,Bota Giordana
Piccadilly,P76600100000001FW24,P76600100000001FW24-38,1,99999.00,Bota Giordana
Piccadilly,P76600100000001FW24,P76600100000001FW24-39,0,99999.00,Bota Giordana
Piccadilly,P76600100000001FW24,P76600100000001FW24-40,0,99999.00,Bota Giordana
Piccadilly,P76600700000007FW26,P76600700000007FW26-35,0,149999.00,Bota Giordana
Piccadilly,P76600700000007FW26,P76600700000007FW26-36,3,149999.00,Bota Giordana
Piccadilly,P76600700000007FW26,P76600700000007FW26-37,6,149999.00,Bota Giordana
Piccadilly,P76600700000007FW26,P76600700000007FW26-38,6,149999.00,Bota Giordana
Piccadilly,P76600700000007FW26,P76600700000007FW26-39,14,149999.00,Bota Giordana
Piccadilly,P76600700000007FW26,P76600700000007FW26-40,11,149999.00,Bota Giordana
Piccadilly,P76600700000007FW26,P76600700000007FW26-41,1,149999.00,Bota Giordana
Piccadilly,P76600700000013FW26,P76600700000013FW26-35,0,151999.00,Bota Giordana
Piccadilly,P76600700000013FW26,P76600700000013FW26-36,3,151999.00,Bota Giordana
Piccadilly,P76600700000013FW26,P76600700000013FW26-37,7,151999.00,Bota Giordana
Piccadilly,P76600700000013FW26,P76600700000013FW26-38,12,151999.00,Bota Giordana
Piccadilly,P76600700000013FW26,P76600700000013FW26-39,6,151999.00,Bota Giordana
Piccadilly,P76600700000013FW26,P76600700000013FW26-40,3,151999.00,Bota Giordana
Piccadilly,P76600700000013FW26,P76600700000013FW26-41,6,151999.00,Bota Giordana
Piccadilly,P76601100000001FW26,P76601100000001FW26-35,0,173999.00,Bota Giordana
Piccadilly,P76601100000001FW26,P76601100000001FW26-36,5,173999.00,Bota Giordana
Piccadilly,P76601100000001FW26,P76601100000001FW26-37,7,173999.00,Bota Giordana
Piccadilly,P76601100000001FW26,P76601100000001FW26-38,14,173999.00,Bota Giordana
Piccadilly,P76601100000001FW26,P76601100000001FW26-39,8,173999.00,Bota Giordana
Piccadilly,P76601100000001FW26,P76601100000001FW26-40,4,173999.00,Bota Giordana
Piccadilly,P76601100000001FW26,P76601100000001FW26-41,0,173999.00,Bota Giordana
Piccadilly,P76601100000003FW26,P76601100000003FW26-35,0,173999.00,Bota Giordana
Piccadilly,P76601100000003FW26,P76601100000003FW26-36,5,173999.00,Bota Giordana
Piccadilly,P76601100000003FW26,P76601100000003FW26-37,4,173999.00,Bota Giordana
Piccadilly,P76601100000003FW26,P76601100000003FW26-38,1,173999.00,Bota Giordana
Piccadilly,P76601100000003FW26,P76601100000003FW26-39,4,173999.00,Bota Giordana
Piccadilly,P76601100000003FW26,P76601100000003FW26-40,4,173999.00,Bota Giordana
Piccadilly,P76601100000003FW26,P76601100000003FW26-41,0,173999.00,Bota Giordana
Piccadilly,P73504300000001FW26,P73504300000001FW26-35,0,151999.00,Bota Gisa
Piccadilly,P73504300000001FW26,P73504300000001FW26-36,3,151999.00,Bota Gisa
Piccadilly,P73504300000001FW26,P73504300000001FW26-37,6,151999.00,Bota Gisa
Piccadilly,P73504300000001FW26,P73504300000001FW26-38,7,151999.00,Bota Gisa
Piccadilly,P73504300000001FW26,P73504300000001FW26-39,8,151999.00,Bota Gisa
Piccadilly,P73504300000001FW26,P73504300000001FW26-40,2,151999.00,Bota Gisa
Piccadilly,P73504300000001FW26,P73504300000001FW26-41,0,151999.00,Bota Gisa
Piccadilly,P73504300000001FW26,P73504300000001FW26-42,0,151999.00,Bota Gisa
Piccadilly,P73504300000001FW26,P73504300000001FW26-43,0,151999.00,Bota Gisa
Piccadilly,P73504300000004FW26,P73504300000004FW26-35,0,151999.00,Bota Gisa
Piccadilly,P73504300000004FW26,P73504300000004FW26-36,3,151999.00,Bota Gisa
Piccadilly,P73504300000004FW26,P73504300000004FW26-37,7,151999.00,Bota Gisa
Piccadilly,P73504300000004FW26,P73504300000004FW26-38,13,151999.00,Bota Gisa
Piccadilly,P73504300000004FW26,P73504300000004FW26-39,10,151999.00,Bota Gisa
Piccadilly,P73504300000004FW26,P73504300000004FW26-40,4,151999.00,Bota Gisa
Piccadilly,P73504300000004FW26,P73504300000004FW26-41,0,151999.00,Bota Gisa
Piccadilly,P73504300000004FW26,P73504300000004FW26-42,0,151999.00,Bota Gisa
Piccadilly,P73504300000004FW26,P73504300000004FW26-43,0,151999.00,Bota Gisa
Piccadilly,P73503100000002FW25,P73503100000002FW25-36,8,99999.00,Bota Gisa Caña Baja
Piccadilly,P73503100000002FW25,P73503100000002FW25-37,3,99999.00,Bota Gisa Caña Baja
Piccadilly,P73503100000002FW25,P73503100000002FW25-38,0,99999.00,Bota Gisa Caña Baja
Piccadilly,P73503100000002FW25,P73503100000002FW25-39,0,99999.00,Bota Gisa Caña Baja
Piccadilly,P73503100000002FW25,P73503100000002FW25-40,0,99999.00,Bota Gisa Caña Baja
Piccadilly,P73503100000002FW25,P73503100000002FW25-41,0,99999.00,Bota Gisa Caña Baja
Piccadilly,P73503100000004FW25,P73503100000004FW25-35,1,99999.00,Bota Gisa Caña Baja
Piccadilly,P73503100000004FW25,P73503100000004FW25-36,0,99999.00,Bota Gisa Caña Baja
Piccadilly,P73503100000004FW25,P73503100000004FW25-37,3,99999.00,Bota Gisa Caña Baja
Piccadilly,P73503100000004FW25,P73503100000004FW25-38,0,99999.00,Bota Gisa Caña Baja
Piccadilly,P73503100000004FW25,P73503100000004FW25-39,0,99999.00,Bota Gisa Caña Baja
Piccadilly,P73503100000004FW25,P73503100000004FW25-40,0,99999.00,Bota Gisa Caña Baja
Piccadilly,P73503100000004FW25,P73503100000004FW25-41,0,99999.00,Bota Gisa Caña Baja
Piccadilly,P76402900000003FW26,P76402900000003FW26-36,2,123999.00,Bota Irene
Piccadilly,P76402900000003FW26,P76402900000003FW26-37,0,123999.00,Bota Irene
Piccadilly,P76402900000003FW26,P76402900000003FW26-38,2,123999.00,Bota Irene
Piccadilly,P76402900000003FW26,P76402900000003FW26-39,8,123999.00,Bota Irene
Piccadilly,P76402900000003FW26,P76402900000003FW26-40,3,123999.00,Bota Irene
Piccadilly,P76402900000005FW26,P76402900000005FW26-35,0,123999.00,Bota Irene
Piccadilly,P76402900000005FW26,P76402900000005FW26-36,0,123999.00,Bota Irene
Piccadilly,P76402900000005FW26,P76402900000005FW26-37,0,123999.00,Bota Irene
Piccadilly,P76402900000005FW26,P76402900000005FW26-38,8,123999.00,Bota Irene
Piccadilly,P76402900000005FW26,P76402900000005FW26-39,2,123999.00,Bota Irene
Piccadilly,P76402900000005FW26,P76402900000005FW26-40,6,123999.00,Bota Irene
Piccadilly,P76402900000005FW26,P76402900000005FW26-41,5,123999.00,Bota Irene
Piccadilly,P14321700000008FW25,P14321700000008FW25-36,0,83999.00,Bota Ivone Caña Baja
Piccadilly,P14321700000008FW25,P14321700000008FW25-37,2,83999.00,Bota Ivone Caña Baja
Piccadilly,P14321700000008FW25,P14321700000008FW25-38,5,83999.00,Bota Ivone Caña Baja
Piccadilly,P14321700000008FW25,P14321700000008FW25-39,6,83999.00,Bota Ivone Caña Baja
Piccadilly,P14321700000008FW25,P14321700000008FW25-40,0,83999.00,Bota Ivone Caña Baja
Piccadilly,P14323000000003FW25,P14323000000003FW25-36,0,89999.00,Bota Ivone Caña Baja
Piccadilly,P14323000000003FW25,P14323000000003FW25-37,0,89999.00,Bota Ivone Caña Baja
Piccadilly,P14323000000003FW25,P14323000000003FW25-38,1,89999.00,Bota Ivone Caña Baja
Piccadilly,P14323000000003FW25,P14323000000003FW25-39,0,89999.00,Bota Ivone Caña Baja
Piccadilly,P14323000000003FW25,P14323000000003FW25-40,0,89999.00,Bota Ivone Caña Baja
Piccadilly,P11020200000006FW26,P11020200000006FW26-34,0,127999.00,Bota Laura
Piccadilly,P11020200000006FW26,P11020200000006FW26-35,5,127999.00,Bota Laura
Piccadilly,P11020200000006FW26,P11020200000006FW26-36,5,127999.00,Bota Laura
Piccadilly,P11020200000006FW26,P11020200000006FW26-37,45,127999.00,Bota Laura
Piccadilly,P11020200000006FW26,P11020200000006FW26-38,67,127999.00,Bota Laura
Piccadilly,P11020200000006FW26,P11020200000006FW26-39,38,127999.00,Bota Laura
Piccadilly,P11020200000006FW26,P11020200000006FW26-40,37,127999.00,Bota Laura
Piccadilly,P11020200000006FW26,P11020200000006FW26-41,0,127999.00,Bota Laura
Piccadilly,P11020200000006FW26,P11020200000006FW26-42,0,127999.00,Bota Laura
Piccadilly,P11020200000007FW26,P11020200000007FW26-36,4,127999.00,Bota Laura
Piccadilly,P11020200000007FW26,P11020200000007FW26-37,5,127999.00,Bota Laura
Piccadilly,P11020200000007FW26,P11020200000007FW26-38,7,127999.00,Bota Laura
Piccadilly,P11020200000007FW26,P11020200000007FW26-39,10,127999.00,Bota Laura
Piccadilly,P11020200000007FW26,P11020200000007FW26-40,2,127999.00,Bota Laura
Piccadilly,P11020200000007FW26,P11020200000007FW26-41,1,127999.00,Bota Laura
Piccadilly,P11020100000001FW26,P11020100000001FW26-35,1,117999.00,Bota Laura
Piccadilly,P11020100000001FW26,P11020100000001FW26-36,15,117999.00,Bota Laura
Piccadilly,P11020100000001FW26,P11020100000001FW26-37,19,117999.00,Bota Laura
Piccadilly,P11020100000001FW26,P11020100000001FW26-38,20,117999.00,Bota Laura
Piccadilly,P11020100000001FW26,P11020100000001FW26-39,14,117999.00,Bota Laura
Piccadilly,P11020100000001FW26,P11020100000001FW26-40,4,117999.00,Bota Laura
Piccadilly,P11020100000001FW26,P11020100000001FW26-41,7,117999.00,Bota Laura
Piccadilly,P11020100000001FW26,P11020100000001FW26-42,0,117999.00,Bota Laura
Piccadilly,P11020100000006FW26,P11020100000006FW26-35,0,117999.00,Bota Laura
Piccadilly,P11020100000006FW26,P11020100000006FW26-36,5,117999.00,Bota Laura
Piccadilly,P11020100000006FW26,P11020100000006FW26-37,9,117999.00,Bota Laura
Piccadilly,P11020100000006FW26,P11020100000006FW26-38,6,117999.00,Bota Laura
Piccadilly,P11020100000006FW26,P11020100000006FW26-39,10,117999.00,Bota Laura
Piccadilly,P11020100000006FW26,P11020100000006FW26-40,12,117999.00,Bota Laura
Piccadilly,P11020100000006FW26,P11020100000006FW26-41,5,117999.00,Bota Laura
Piccadilly,P11020200000004FW26,P11020200000004FW26-35,0,127999.00,Bota Laura
Piccadilly,P11020200000004FW26,P11020200000004FW26-36,5,127999.00,Bota Laura
Piccadilly,P11020200000004FW26,P11020200000004FW26-37,9,127999.00,Bota Laura
Piccadilly,P11020200000004FW26,P11020200000004FW26-38,12,127999.00,Bota Laura
Piccadilly,P11020200000004FW26,P11020200000004FW26-39,11,127999.00,Bota Laura
Piccadilly,P11020200000004FW26,P11020200000004FW26-40,8,127999.00,Bota Laura
Piccadilly,P11020200000004FW26,P11020200000004FW26-41,3,127999.00,Bota Laura
Piccadilly,P11017900000006FW25,P11017900000006FW25-35,0,79999.00,Bota Laura Caña Baja
Piccadilly,P11017900000006FW25,P11017900000006FW25-36,1,79999.00,Bota Laura Caña Baja
Piccadilly,P11017900000006FW25,P11017900000006FW25-37,1,79999.00,Bota Laura Caña Baja
Piccadilly,P11017900000006FW25,P11017900000006FW25-38,1,79999.00,Bota Laura Caña Baja
Piccadilly,P11017900000006FW25,P11017900000006FW25-39,0,79999.00,Bota Laura Caña Baja
Piccadilly,P11017900000006FW25,P11017900000006FW25-40,0,79999.00,Bota Laura Caña Baja
Piccadilly,P11018100000008FW25,P11018100000008FW25-36,0,77999.00,Bota Laura Caña Baja
Piccadilly,P11018100000008FW25,P11018100000008FW25-37,0,77999.00,Bota Laura Caña Baja
Piccadilly,P11018100000008FW25,P11018100000008FW25-38,0,77999.00,Bota Laura Caña Baja
Piccadilly,P11018100000008FW25,P11018100000008FW25-39,1,77999.00,Bota Laura Caña Baja
Piccadilly,P11018100000008FW25,P11018100000008FW25-40,0,77999.00,Bota Laura Caña Baja
Piccadilly,P11018100000008FW25,P11018100000008FW25-41,0,77999.00,Bota Laura Caña Baja
Piccadilly,P65302100000010FW26,P65302100000010FW26-35,0,129999.00,Bota Leci
Piccadilly,P65302100000010FW26,P65302100000010FW26-36,5,129999.00,Bota Leci
Piccadilly,P65302100000010FW26,P65302100000010FW26-37,7,129999.00,Bota Leci
Piccadilly,P65302100000010FW26,P65302100000010FW26-38,4,129999.00,Bota Leci
Piccadilly,P65302100000010FW26,P65302100000010FW26-39,8,129999.00,Bota Leci
Piccadilly,P65302100000010FW26,P65302100000010FW26-40,0,129999.00,Bota Leci
Piccadilly,P65302100000010FW26,P65302100000010FW26-41,0,129999.00,Bota Leci
Piccadilly,P65302100000012FW26,P65302100000012FW26-35,1,129999.00,Bota Leci
Piccadilly,P65302100000012FW26,P65302100000012FW26-36,4,129999.00,Bota Leci
Piccadilly,P65302100000012FW26,P65302100000012FW26-37,3,129999.00,Bota Leci
Piccadilly,P65302100000012FW26,P65302100000012FW26-38,9,129999.00,Bota Leci
Piccadilly,P65302100000012FW26,P65302100000012FW26-39,3,129999.00,Bota Leci
Piccadilly,P65302100000012FW26,P65302100000012FW26-40,0,129999.00,Bota Leci
Piccadilly,P65302100000012FW26,P65302100000012FW26-41,0,129999.00,Bota Leci
Piccadilly,P65302700000004FW26,P65302700000004FW26-35,0,135999.00,Bota Leci
Piccadilly,P65302700000004FW26,P65302700000004FW26-36,7,135999.00,Bota Leci
Piccadilly,P65302700000004FW26,P65302700000004FW26-37,16,135999.00,Bota Leci
Piccadilly,P65302700000004FW26,P65302700000004FW26-38,13,135999.00,Bota Leci
Piccadilly,P65302700000004FW26,P65302700000004FW26-39,11,135999.00,Bota Leci
Piccadilly,P65302700000004FW26,P65302700000004FW26-40,6,135999.00,Bota Leci
Piccadilly,P65302700000004FW26,P65302700000004FW26-41,0,135999.00,Bota Leci
Piccadilly,P65302700000005FW26,P65302700000005FW26-35,3,135999.00,Bota Leci
Piccadilly,P65302700000005FW26,P65302700000005FW26-36,0,135999.00,Bota Leci
Piccadilly,P65302700000005FW26,P65302700000005FW26-37,18,135999.00,Bota Leci
Piccadilly,P65302700000005FW26,P65302700000005FW26-38,18,135999.00,Bota Leci
Piccadilly,P65302700000005FW26,P65302700000005FW26-39,11,135999.00,Bota Leci
Piccadilly,P65302700000005FW26,P65302700000005FW26-40,0,135999.00,Bota Leci
Piccadilly,P65302700000005FW26,P65302700000005FW26-41,0,135999.00,Bota Leci
Piccadilly,P65301500000004FW25,P65301500000004FW25-36,0,104999.00,Bota Leci Caña Baja
Piccadilly,P65301500000004FW25,P65301500000004FW25-37,0,104999.00,Bota Leci Caña Baja
Piccadilly,P65301500000004FW25,P65301500000004FW25-38,1,104999.00,Bota Leci Caña Baja
Piccadilly,P65301500000004FW25,P65301500000004FW25-39,0,104999.00,Bota Leci Caña Baja
Piccadilly,P65301500000004FW25,P65301500000004FW25-40,0,104999.00,Bota Leci Caña Baja
Piccadilly,P65301500000004FW25,P65301500000004FW25-41,0,104999.00,Bota Leci Caña Baja
Piccadilly,P65302100000006FW25,P65302100000006FW25-35,0,129999.00,Bota Leci Caña Baja
Piccadilly,P65302100000006FW25,P65302100000006FW25-36,13,129999.00,Bota Leci Caña Baja
Piccadilly,P65302100000006FW25,P65302100000006FW25-37,9,129999.00,Bota Leci Caña Baja
Piccadilly,P65302100000006FW25,P65302100000006FW25-38,0,129999.00,Bota Leci Caña Baja
Piccadilly,P65302100000006FW25,P65302100000006FW25-39,0,129999.00,Bota Leci Caña Baja
Piccadilly,P65302100000006FW25,P65302100000006FW25-40,0,129999.00,Bota Leci Caña Baja
Piccadilly,P65302100000006FW25,P65302100000006FW25-41,0,129999.00,Bota Leci Caña Baja
Piccadilly,P65301300000002FW25,P65301300000002FW25-35,3,120999.00,Bota Leci Caña Media
Piccadilly,P65301300000002FW25,P65301300000002FW25-36,0,120999.00,Bota Leci Caña Media
Piccadilly,P65301300000002FW25,P65301300000002FW25-37,11,120999.00,Bota Leci Caña Media
Piccadilly,P65301300000002FW25,P65301300000002FW25-38,14,120999.00,Bota Leci Caña Media
Piccadilly,P65301300000002FW25,P65301300000002FW25-39,0,120999.00,Bota Leci Caña Media
Piccadilly,P65301300000002FW25,P65301300000002FW25-40,0,120999.00,Bota Leci Caña Media
Piccadilly,P65301300000002FW25,P65301300000002FW25-41,0,120999.00,Bota Leci Caña Media
Piccadilly,P77200600000001FW26,P77200600000001FW26-34,0,123999.00,Bota Lina
Piccadilly,P77200600000001FW26,P77200600000001FW26-35,5,123999.00,Bota Lina
Piccadilly,P77200600000001FW26,P77200600000001FW26-36,3,123999.00,Bota Lina
Piccadilly,P77200600000001FW26,P77200600000001FW26-37,1,123999.00,Bota Lina
Piccadilly,P77200600000001FW26,P77200600000001FW26-38,1,123999.00,Bota Lina
Piccadilly,P77200600000001FW26,P77200600000001FW26-39,2,123999.00,Bota Lina
Piccadilly,P77200600000001FW26,P77200600000001FW26-40,0,123999.00,Bota Lina
Piccadilly,P77200600000001FW26,P77200600000001FW26-41,0,123999.00,Bota Lina
Piccadilly,P77200600000002FW26,P77200600000002FW26-35,0,123999.00,Bota Lina
Piccadilly,P77200600000002FW26,P77200600000002FW26-36,6,123999.00,Bota Lina
Piccadilly,P77200600000002FW26,P77200600000002FW26-37,8,123999.00,Bota Lina
Piccadilly,P77200600000002FW26,P77200600000002FW26-38,4,123999.00,Bota Lina
Piccadilly,P77200600000002FW26,P77200600000002FW26-39,8,123999.00,Bota Lina
Piccadilly,P77200600000002FW26,P77200600000002FW26-40,7,123999.00,Bota Lina
Piccadilly,P77200700000003FW26,P77200700000003FW26-35,0,135999.00,Bota Lina
Piccadilly,P77200700000003FW26,P77200700000003FW26-36,0,135999.00,Bota Lina
Piccadilly,P77200700000003FW26,P77200700000003FW26-37,3,135999.00,Bota Lina
Piccadilly,P77200700000003FW26,P77200700000003FW26-38,2,135999.00,Bota Lina
Piccadilly,P77200700000003FW26,P77200700000003FW26-39,3,135999.00,Bota Lina
Piccadilly,P77200700000003FW26,P77200700000003FW26-40,3,135999.00,Bota Lina
Piccadilly,P77200700000004FW26,P77200700000004FW26-35,0,135999.00,Bota Lina
Piccadilly,P77200700000004FW26,P77200700000004FW26-36,2,135999.00,Bota Lina
Piccadilly,P77200700000004FW26,P77200700000004FW26-37,4,135999.00,Bota Lina
Piccadilly,P77200700000004FW26,P77200700000004FW26-38,5,135999.00,Bota Lina
Piccadilly,P77200700000004FW26,P77200700000004FW26-39,12,135999.00,Bota Lina
Piccadilly,P77200700000004FW26,P77200700000004FW26-40,5,135999.00,Bota Lina
Piccadilly,P77200700000004FW26,P77200700000004FW26-41,3,135999.00,Bota Lina
Piccadilly,P74513600000003FW25,P74513600000003FW25-35,1,95999.00,Bota Luiza Caña Baja
Piccadilly,P74513600000003FW25,P74513600000003FW25-36,0,95999.00,Bota Luiza Caña Baja
Piccadilly,P74513600000003FW25,P74513600000003FW25-37,1,95999.00,Bota Luiza Caña Baja
Piccadilly,P74513600000003FW25,P74513600000003FW25-38,0,95999.00,Bota Luiza Caña Baja
Piccadilly,P74513600000003FW25,P74513600000003FW25-39,0,95999.00,Bota Luiza Caña Baja
Piccadilly,P74513600000003FW25,P74513600000003FW25-40,0,95999.00,Bota Luiza Caña Baja
Piccadilly,P74513600000003FW25,P74513600000003FW25-41,0,95999.00,Bota Luiza Caña Baja
Piccadilly,P94001100000002FW26,P94001100000002FW26-34,0,123999.00,Bota Softstep
Piccadilly,P94001100000002FW26,P94001100000002FW26-35,0,123999.00,Bota Softstep
Piccadilly,P94001100000002FW26,P94001100000002FW26-36,2,123999.00,Bota Softstep
Piccadilly,P94001100000002FW26,P94001100000002FW26-37,12,123999.00,Bota Softstep
Piccadilly,P94001100000002FW26,P94001100000002FW26-38,2,123999.00,Bota Softstep
Piccadilly,P94001100000002FW26,P94001100000002FW26-39,0,123999.00,Bota Softstep
Piccadilly,P94001100000002FW26,P94001100000002FW26-40,0,123999.00,Bota Softstep
Piccadilly,P94001100000002FW26,P94001100000002FW26-41,0,123999.00,Bota Softstep
Piccadilly,P94001100000004FW26,P94001100000004FW26-35,0,123999.00,Bota Softstep
Piccadilly,P94001100000004FW26,P94001100000004FW26-36,5,123999.00,Bota Softstep
Piccadilly,P94001100000004FW26,P94001100000004FW26-37,1,123999.00,Bota Softstep
Piccadilly,P94001100000004FW26,P94001100000004FW26-38,5,123999.00,Bota Softstep
Piccadilly,P94001100000004FW26,P94001100000004FW26-39,4,123999.00,Bota Softstep
Piccadilly,P94001100000004FW26,P94001100000004FW26-40,9,123999.00,Bota Softstep
Piccadilly,P94001100000004FW26,P94001100000004FW26-41,4,123999.00,Bota Softstep
Piccadilly,P16011700000001FW26,P16011700000001FW26-35,0,127999.00,Bota Tati
Piccadilly,P16011700000001FW26,P16011700000001FW26-36,0,127999.00,Bota Tati
Piccadilly,P16011700000001FW26,P16011700000001FW26-37,8,127999.00,Bota Tati
Piccadilly,P16011700000001FW26,P16011700000001FW26-38,11,127999.00,Bota Tati
Piccadilly,P16011700000001FW26,P16011700000001FW26-39,6,127999.00,Bota Tati
Piccadilly,P16011700000001FW26,P16011700000001FW26-40,4,127999.00,Bota Tati
Piccadilly,P16011700000001FW26,P16011700000001FW26-41,1,127999.00,Bota Tati
Piccadilly,P16011700000005FW26,P16011700000005FW26-35,4,127999.00,Bota Tati
Piccadilly,P16011700000005FW26,P16011700000005FW26-36,2,127999.00,Bota Tati
Piccadilly,P16011700000005FW26,P16011700000005FW26-37,5,127999.00,Bota Tati
Piccadilly,P16011700000005FW26,P16011700000005FW26-38,4,127999.00,Bota Tati
Piccadilly,P16011700000005FW26,P16011700000005FW26-39,8,127999.00,Bota Tati
Piccadilly,P16011700000005FW26,P16011700000005FW26-40,2,127999.00,Bota Tati
Piccadilly,P11710000000019FW26,P11710000000019FW26-35,0,121999.00,Botineta Beth
Piccadilly,P11710000000019FW26,P11710000000019FW26-36,6,121999.00,Botineta Beth
Piccadilly,P11710000000019FW26,P11710000000019FW26-37,3,121999.00,Botineta Beth
Piccadilly,P11710000000019FW26,P11710000000019FW26-38,13,121999.00,Botineta Beth
Piccadilly,P11710000000019FW26,P11710000000019FW26-39,10,121999.00,Botineta Beth
Piccadilly,P11710000000019FW26,P11710000000019FW26-40,12,121999.00,Botineta Beth
Piccadilly,P11710000000019FW26,P11710000000019FW26-41,0,121999.00,Botineta Beth
Piccadilly,P11710000000023FW26,P11710000000023FW26-35,2,121999.00,Botineta Beth
Piccadilly,P11710000000023FW26,P11710000000023FW26-36,5,121999.00,Botineta Beth
Piccadilly,P11710000000023FW26,P11710000000023FW26-37,40,121999.00,Botineta Beth
Piccadilly,P11710000000023FW26,P11710000000023FW26-38,47,121999.00,Botineta Beth
Piccadilly,P11710000000023FW26,P11710000000023FW26-39,17,121999.00,Botineta Beth
Piccadilly,P11710000000023FW26,P11710000000023FW26-40,15,121999.00,Botineta Beth
Piccadilly,P11710000000023FW26,P11710000000023FW26-41,2,121999.00,Botineta Beth
Piccadilly,P11710000000023FW26,P11710000000023FW26-42,0,121999.00,Botineta Beth
Piccadilly,P11710000000023FW26,P11710000000023FW26-43,0,121999.00,Botineta Beth
Piccadilly,P11710200000017FW26,P11710200000017FW26-38,1,123999.00,Botineta Beth
Piccadilly,P73502600000001FW24,P73502600000001FW24-35,0,99999.00,Botineta Gisa Hebilla
Piccadilly,P73502600000001FW24,P73502600000001FW24-36,0,99999.00,Botineta Gisa Hebilla
Piccadilly,P73502600000001FW24,P73502600000001FW24-37,0,99999.00,Botineta Gisa Hebilla
Piccadilly,P73502600000001FW24,P73502600000001FW24-38,1,99999.00,Botineta Gisa Hebilla
Piccadilly,P73502600000001FW24,P73502600000001FW24-39,0,99999.00,Botineta Gisa Hebilla
Piccadilly,P73502600000001FW24,P73502600000001FW24-40,0,99999.00,Botineta Gisa Hebilla
Piccadilly,P73502600000001FW24,P73502600000001FW24-41,0,99999.00,Botineta Gisa Hebilla
Piccadilly,P14321700000011FW25,P14321700000011FW25-35,0,83999.00,Botineta Ivone Caña Baja
Piccadilly,P14321700000011FW25,P14321700000011FW25-36,0,83999.00,Botineta Ivone Caña Baja
Piccadilly,P14321700000011FW25,P14321700000011FW25-37,16,83999.00,Botineta Ivone Caña Baja
Piccadilly,P14321700000011FW25,P14321700000011FW25-38,5,83999.00,Botineta Ivone Caña Baja
Piccadilly,P14321700000011FW25,P14321700000011FW25-39,0,83999.00,Botineta Ivone Caña Baja
Piccadilly,P14321700000011FW25,P14321700000011FW25-40,0,83999.00,Botineta Ivone Caña Baja
Piccadilly,P14321700000011FW25,P14321700000011FW25-41,0,83999.00,Botineta Ivone Caña Baja
Piccadilly,P65300600000001FW24,P65300600000001FW24-36,0,131999.00,Botineta Leci Hebillas
Piccadilly,P65300600000001FW24,P65300600000001FW24-37,1,131999.00,Botineta Leci Hebillas
Piccadilly,P65300600000001FW24,P65300600000001FW24-38,0,131999.00,Botineta Leci Hebillas
Piccadilly,P65300600000001FW24,P65300600000001FW24-39,0,131999.00,Botineta Leci Hebillas
Piccadilly,P65300600000001FW24,P65300600000001FW24-40,0,131999.00,Botineta Leci Hebillas
Piccadilly,P65300600000001FW24,P65300600000001FW24-41,0,131999.00,Botineta Leci Hebillas
Piccadilly,P65300600000001FW24,P65300600000001FW24-35,0,131999.00,Botineta Leci Hebillas
Piccadilly,P26103500000001FW25,P26103500000001FW25-35,2,89999.00,Botineta sandy
Piccadilly,P26103500000001FW25,P26103500000001FW25-36,4,89999.00,Botineta sandy
Piccadilly,P26103500000001FW25,P26103500000001FW25-37,5,89999.00,Botineta sandy
Piccadilly,P26103500000001FW25,P26103500000001FW25-38,6,89999.00,Botineta sandy
Piccadilly,P26103500000001FW25,P26103500000001FW25-39,4,89999.00,Botineta sandy
Piccadilly,P26103500000001FW25,P26103500000001FW25-40,2,89999.00,Botineta sandy
Piccadilly,P95004400000001FW25,P95004400000001FW25-35,0,104999.00,Botineta Vicky
Piccadilly,P95004400000001FW25,P95004400000001FW25-36,1,104999.00,Botineta Vicky
Piccadilly,P95004400000001FW25,P95004400000001FW25-37,2,104999.00,Botineta Vicky
Piccadilly,P95004400000001FW25,P95004400000001FW25-38,0,104999.00,Botineta Vicky
Piccadilly,P95004400000001FW25,P95004400000001FW25-39,11,104999.00,Botineta Vicky
Piccadilly,P95004400000001FW25,P95004400000001FW25-40,4,104999.00,Botineta Vicky
Piccadilly,P95004400000001FW25,P95004400000001FW25-41,0,104999.00,Botineta Vicky
Piccadilly,P27405400000135SS24,P27405400000135SS24-35,0,83999.00,Chatita Ana
Piccadilly,P27405400000135SS24,P27405400000135SS24-36,2,83999.00,Chatita Ana
Piccadilly,P27405400000135SS24,P27405400000135SS24-37,0,83999.00,Chatita Ana
Piccadilly,P27405400000135SS24,P27405400000135SS24-38,0,83999.00,Chatita Ana
Piccadilly,P27405400000135SS24,P27405400000135SS24-39,0,83999.00,Chatita Ana
Piccadilly,P27405400000135SS24,P27405400000135SS24-40,1,83999.00,Chatita Ana
Piccadilly,P27411200000007FW26,P27411200000007FW26-35,3,99999.00,Chatita Ana
Piccadilly,P27411200000007FW26,P27411200000007FW26-36,3,99999.00,Chatita Ana
Piccadilly,P27411200000007FW26,P27411200000007FW26-37,1,99999.00,Chatita Ana
Piccadilly,P27411200000007FW26,P27411200000007FW26-38,3,99999.00,Chatita Ana
Piccadilly,P27411200000007FW26,P27411200000007FW26-39,5,99999.00,Chatita Ana
Piccadilly,P27411200000007FW26,P27411200000007FW26-40,6,99999.00,Chatita Ana
Piccadilly,P27411200000007FW26,P27411200000007FW26-41,0,99999.00,Chatita Ana
Piccadilly,P27411200000012FW26,P27411200000012FW26-35,0,105999.00,Chatita Ana
Piccadilly,P27411200000012FW26,P27411200000012FW26-36,6,105999.00,Chatita Ana
Piccadilly,P27411200000012FW26,P27411200000012FW26-37,5,105999.00,Chatita Ana
Piccadilly,P27411200000012FW26,P27411200000012FW26-38,1,105999.00,Chatita Ana
Piccadilly,P27411200000012FW26,P27411200000012FW26-39,2,105999.00,Chatita Ana
Piccadilly,P27411200000012FW26,P27411200000012FW26-40,3,105999.00,Chatita Ana
Piccadilly,P27411200000012FW26,P27411200000012FW26-41,4,105999.00,Chatita Ana
Piccadilly,P27410800000001FW25,P27410800000001FW25-35,0,75599.00,Chatita Ana
Piccadilly,P27410800000001FW25,P27410800000001FW25-36,0,75599.00,Chatita Ana
Piccadilly,P27410800000001FW25,P27410800000001FW25-37,0,75599.00,Chatita Ana
Piccadilly,P27410800000001FW25,P27410800000001FW25-38,1,75599.00,Chatita Ana
Piccadilly,P27410800000001FW25,P27410800000001FW25-39,0,75599.00,Chatita Ana
Piccadilly,P27410800000001FW25,P27410800000001FW25-40,0,75599.00,Chatita Ana
Piccadilly,P27410800000001FW25,P27410800000001FW25-41,0,75599.00,Chatita Ana
Piccadilly,P27410900000001FW25,P27410900000001FW25-35,2,83999.00,Chatita Ana
Piccadilly,P27410900000001FW25,P27410900000001FW25-36,2,83999.00,Chatita Ana
Piccadilly,P27410900000001FW25,P27410900000001FW25-37,1,83999.00,Chatita Ana
Piccadilly,P27410900000001FW25,P27410900000001FW25-38,3,83999.00,Chatita Ana
Piccadilly,P27410900000001FW25,P27410900000001FW25-39,1,83999.00,Chatita Ana
Piccadilly,P27410900000001FW25,P27410900000001FW25-40,2,83999.00,Chatita Ana
Piccadilly,P27410900000002FW25,P27410900000002FW25-35,1,83999.00,Chatita Ana
Piccadilly,P27410900000002FW25,P27410900000002FW25-36,1,83999.00,Chatita Ana
Piccadilly,P27410900000002FW25,P27410900000002FW25-37,1,83999.00,Chatita Ana
Piccadilly,P27410900000002FW25,P27410900000002FW25-38,2,83999.00,Chatita Ana
Piccadilly,P27410900000002FW25,P27410900000002FW25-39,1,83999.00,Chatita Ana
Piccadilly,P27410900000002FW25,P27410900000002FW25-40,0,83999.00,Chatita Ana
Piccadilly,P29500400000001SS26,P29500400000001SS26-35,7,63999.00,Chatita Mary Jane Solange
Piccadilly,P29500400000001SS26,P29500400000001SS26-36,2,63999.00,Chatita Mary Jane Solange
Piccadilly,P29500400000001SS26,P29500400000001SS26-37,0,63999.00,Chatita Mary Jane Solange
Piccadilly,P29500400000001SS26,P29500400000001SS26-38,0,63999.00,Chatita Mary Jane Solange
Piccadilly,P29500400000001SS26,P29500400000001SS26-39,0,63999.00,Chatita Mary Jane Solange
Piccadilly,P29500400000001SS26,P29500400000001SS26-40,4,63999.00,Chatita Mary Jane Solange
Piccadilly,P29500400000005SS26,P29500400000005SS26-35,5,63999.00,Chatita Mary Jane Solange
Piccadilly,P29500400000005SS26,P29500400000005SS26-36,0,63999.00,Chatita Mary Jane Solange
Piccadilly,P29500400000005SS26,P29500400000005SS26-37,0,63999.00,Chatita Mary Jane Solange
Piccadilly,P29500400000005SS26,P29500400000005SS26-38,0,63999.00,Chatita Mary Jane Solange
Piccadilly,P29500400000005SS26,P29500400000005SS26-39,0,63999.00,Chatita Mary Jane Solange
Piccadilly,P29500400000005SS26,P29500400000005SS26-40,0,63999.00,Chatita Mary Jane Solange
Piccadilly,P12204100000003FW26,P12204100000003FW26-35,2,79999.00,Chatita Michele
Piccadilly,P12204100000003FW26,P12204100000003FW26-36,5,79999.00,Chatita Michele
Piccadilly,P12204100000003FW26,P12204100000003FW26-37,21,79999.00,Chatita Michele
Piccadilly,P12204100000003FW26,P12204100000003FW26-38,30,79999.00,Chatita Michele
Piccadilly,P12204100000003FW26,P12204100000003FW26-39,27,79999.00,Chatita Michele
Piccadilly,P12204100000003FW26,P12204100000003FW26-40,12,79999.00,Chatita Michele
Piccadilly,P12204100000003FW26,P12204100000003FW26-41,14,79999.00,Chatita Michele
Piccadilly,P12203000000023FW26,P12203000000023FW26-35,0,79999.00,Chatita Michele
Piccadilly,P12203000000023FW26,P12203000000023FW26-36,6,79999.00,Chatita Michele
Piccadilly,P12203000000023FW26,P12203000000023FW26-37,13,79999.00,Chatita Michele
Piccadilly,P12203000000023FW26,P12203000000023FW26-38,17,79999.00,Chatita Michele
Piccadilly,P12203000000023FW26,P12203000000023FW26-39,11,79999.00,Chatita Michele
Piccadilly,P12203000000023FW26,P12203000000023FW26-40,8,79999.00,Chatita Michele
Piccadilly,P12203000000023FW26,P12203000000023FW26-41,11,79999.00,Chatita Michele
Piccadilly,P12203000000024FW26,P12203000000024FW26-35,0,79999.00,Chatita Michele
Piccadilly,P12203000000024FW26,P12203000000024FW26-36,6,79999.00,Chatita Michele
Piccadilly,P12203000000024FW26,P12203000000024FW26-37,5,79999.00,Chatita Michele
Piccadilly,P12203000000024FW26,P12203000000024FW26-38,8,79999.00,Chatita Michele
Piccadilly,P12203000000024FW26,P12203000000024FW26-39,10,79999.00,Chatita Michele
Piccadilly,P12203000000024FW26,P12203000000024FW26-40,10,79999.00,Chatita Michele
Piccadilly,P12203000000024FW26,P12203000000024FW26-41,3,79999.00,Chatita Michele
Piccadilly,P12204100000004FW26,P12204100000004FW26-35,0,79999.00,Chatita Michele
Piccadilly,P12204100000004FW26,P12204100000004FW26-36,6,79999.00,Chatita Michele
Piccadilly,P12204100000004FW26,P12204100000004FW26-37,4,79999.00,Chatita Michele
Piccadilly,P12204100000004FW26,P12204100000004FW26-38,2,79999.00,Chatita Michele
Piccadilly,P12204100000004FW26,P12204100000004FW26-39,5,79999.00,Chatita Michele
Piccadilly,P12204100000004FW26,P12204100000004FW26-40,2,79999.00,Chatita Michele
Piccadilly,P12204100000004FW26,P12204100000004FW26-41,0,79999.00,Chatita Michele
Piccadilly,P12200500000033FW23,P12200500000033FW23-35,0,74999.00,Chatita Michele Glitter
Piccadilly,P12200500000033FW23,P12200500000033FW23-36,1,74999.00,Chatita Michele Glitter
Piccadilly,P12200500000033FW23,P12200500000033FW23-37,0,74999.00,Chatita Michele Glitter
Piccadilly,P12200500000033FW23,P12200500000033FW23-38,0,74999.00,Chatita Michele Glitter
Piccadilly,P12200500000033FW23,P12200500000033FW23-39,0,74999.00,Chatita Michele Glitter
Piccadilly,P12200500000033FW23,P12200500000033FW23-40,0,74999.00,Chatita Michele Glitter
Piccadilly,P12200500000033FW23,P12200500000033FW23-41,0,74999.00,Chatita Michele Glitter
Piccadilly,P25011500000592FW25,P25011500000592FW25-35,1,66999.00,Chatita Raquel
Piccadilly,P25011500000592FW25,P25011500000592FW25-36,0,66999.00,Chatita Raquel
Piccadilly,P25011500000592FW25,P25011500000592FW25-37,0,66999.00,Chatita Raquel
Piccadilly,P25011500000592FW25,P25011500000592FW25-38,14,66999.00,Chatita Raquel
Piccadilly,P25011500000592FW25,P25011500000592FW25-39,14,66999.00,Chatita Raquel
Piccadilly,P25011500000592FW25,P25011500000592FW25-40,12,66999.00,Chatita Raquel
Piccadilly,P25011500000592FW25,P25011500000592FW25-41,12,66999.00,Chatita Raquel
Piccadilly,P25011500000596FW25,P25011500000596FW25-35,0,66999.00,Chatita Raquel
Piccadilly,P25011500000596FW25,P25011500000596FW25-36,0,66999.00,Chatita Raquel
Piccadilly,P25011500000596FW25,P25011500000596FW25-37,5,66999.00,Chatita Raquel
Piccadilly,P25011500000596FW25,P25011500000596FW25-38,9,66999.00,Chatita Raquel
Piccadilly,P25011500000596FW25,P25011500000596FW25-39,9,66999.00,Chatita Raquel
Piccadilly,P25011500000596FW25,P25011500000596FW25-40,5,66999.00,Chatita Raquel
Piccadilly,P25011500000596FW25,P25011500000596FW25-41,4,66999.00,Chatita Raquel
Piccadilly,P25013200000500FW25,P25013200000500FW25-35,1,63999.00,Chatita Raquel
Piccadilly,P25013200000500FW25,P25013200000500FW25-36,0,63999.00,Chatita Raquel
Piccadilly,P25013200000500FW25,P25013200000500FW25-37,0,63999.00,Chatita Raquel
Piccadilly,P25013200000500FW25,P25013200000500FW25-38,7,63999.00,Chatita Raquel
Piccadilly,P25013200000500FW25,P25013200000500FW25-39,7,63999.00,Chatita Raquel
Piccadilly,P25013200000500FW25,P25013200000500FW25-40,9,63999.00,Chatita Raquel
Piccadilly,P25013200000500FW25,P25013200000500FW25-41,7,63999.00,Chatita Raquel
Piccadilly,P25013200000506FW25,P25013200000506FW25-36,6,63999.00,Chatita Raquel
Piccadilly,P25013200000506FW25,P25013200000506FW25-37,8,63999.00,Chatita Raquel
Piccadilly,P25013200000506FW25,P25013200000506FW25-38,14,63999.00,Chatita Raquel
Piccadilly,P25013200000506FW25,P25013200000506FW25-39,6,63999.00,Chatita Raquel
Piccadilly,P25013200000506FW25,P25013200000506FW25-40,0,63999.00,Chatita Raquel
Piccadilly,P25013200000506FW25,P25013200000506FW25-41,0,63999.00,Chatita Raquel
Piccadilly,P25013200000510FW25,P25013200000510FW25-36,3,63999.00,Chatita Raquel
Piccadilly,P25013200000510FW25,P25013200000510FW25-37,0,63999.00,Chatita Raquel
Piccadilly,P25013200000510FW25,P25013200000510FW25-38,7,63999.00,Chatita Raquel
Piccadilly,P25013200000510FW25,P25013200000510FW25-39,0,63999.00,Chatita Raquel
Piccadilly,P25013200000510FW25,P25013200000510FW25-40,0,63999.00,Chatita Raquel
Piccadilly,P25013200000510FW25,P25013200000510FW25-41,0,63999.00,Chatita Raquel
Piccadilly,P25025000000002FW25,P25025000000002FW25-36,0,55999.00,Chatita Raquel
Piccadilly,P25025000000002FW25,P25025000000002FW25-37,0,55999.00,Chatita Raquel
Piccadilly,P25025000000002FW25,P25025000000002FW25-38,4,55999.00,Chatita Raquel
Piccadilly,P25025000000002FW25,P25025000000002FW25-39,4,55999.00,Chatita Raquel
Piccadilly,P25025000000002FW25,P25025000000002FW25-40,0,55999.00,Chatita Raquel
Piccadilly,P25025000000003FW25,P25025000000003FW25-35,0,55999.00,Chatita Raquel
Piccadilly,P25025000000003FW25,P25025000000003FW25-36,0,55999.00,Chatita Raquel
Piccadilly,P25025000000003FW25,P25025000000003FW25-37,0,55999.00,Chatita Raquel
Piccadilly,P25025000000003FW25,P25025000000003FW25-38,12,55999.00,Chatita Raquel
Piccadilly,P25025000000003FW25,P25025000000003FW25-39,1,55999.00,Chatita Raquel
Piccadilly,P25025000000003FW25,P25025000000003FW25-40,0,55999.00,Chatita Raquel
Piccadilly,P25025000000003FW25,P25025000000003FW25-41,0,55999.00,Chatita Raquel
Piccadilly,P25011500000618SS26,P25011500000618SS26-36,9,66999.00,Chatita Raquel
Piccadilly,P25011500000618SS26,P25011500000618SS26-37,6,66999.00,Chatita Raquel
Piccadilly,P25011500000618SS26,P25011500000618SS26-38,2,66999.00,Chatita Raquel
Piccadilly,P25011500000618SS26,P25011500000618SS26-39,7,66999.00,Chatita Raquel
Piccadilly,P25011500000618SS26,P25011500000618SS26-40,8,66999.00,Chatita Raquel
Piccadilly,P25011500000619SS26,P25011500000619SS26-36,10,66999.00,Chatita Raquel
Piccadilly,P25011500000619SS26,P25011500000619SS26-37,9,66999.00,Chatita Raquel
Piccadilly,P25011500000619SS26,P25011500000619SS26-38,7,66999.00,Chatita Raquel
Piccadilly,P25011500000619SS26,P25011500000619SS26-39,9,66999.00,Chatita Raquel
Piccadilly,P25011500000619SS26,P25011500000619SS26-40,5,66999.00,Chatita Raquel
Piccadilly,P25011500000620SS26,P25011500000620SS26-35,2,66999.00,Chatita Raquel
Piccadilly,P25011500000620SS26,P25011500000620SS26-36,9,66999.00,Chatita Raquel
Piccadilly,P25011500000620SS26,P25011500000620SS26-37,0,66999.00,Chatita Raquel
Piccadilly,P25011500000620SS26,P25011500000620SS26-38,0,66999.00,Chatita Raquel
Piccadilly,P25011500000620SS26,P25011500000620SS26-39,0,66999.00,Chatita Raquel
Piccadilly,P25011500000620SS26,P25011500000620SS26-40,4,66999.00,Chatita Raquel
Piccadilly,P25026500000001SS26,P25026500000001SS26-35,2,67999.00,Chatita Raquel
Piccadilly,P25026500000001SS26,P25026500000001SS26-36,9,67999.00,Chatita Raquel
Piccadilly,P25026500000001SS26,P25026500000001SS26-37,6,67999.00,Chatita Raquel
Piccadilly,P25026500000001SS26,P25026500000001SS26-38,9,67999.00,Chatita Raquel
Piccadilly,P25026500000001SS26,P25026500000001SS26-39,9,67999.00,Chatita Raquel
Piccadilly,P25026500000001SS26,P25026500000001SS26-40,7,67999.00,Chatita Raquel
Piccadilly,P25026500000004SS26,P25026500000004SS26-35,6,67999.00,Chatita Raquel
Piccadilly,P25026500000004SS26,P25026500000004SS26-36,2,67999.00,Chatita Raquel
Piccadilly,P25026500000004SS26,P25026500000004SS26-37,0,67999.00,Chatita Raquel
Piccadilly,P25026500000004SS26,P25026500000004SS26-38,0,67999.00,Chatita Raquel
Piccadilly,P25026500000004SS26,P25026500000004SS26-39,0,67999.00,Chatita Raquel
Piccadilly,P25026500000004SS26,P25026500000004SS26-40,0,67999.00,Chatita Raquel
Piccadilly,P25011500000652FW26,P25011500000652FW26-35,3,69999.00,Chatita Raquel
Piccadilly,P25011500000652FW26,P25011500000652FW26-36,4,69999.00,Chatita Raquel
Piccadilly,P25011500000652FW26,P25011500000652FW26-37,16,69999.00,Chatita Raquel
Piccadilly,P25011500000652FW26,P25011500000652FW26-38,16,69999.00,Chatita Raquel
Piccadilly,P25011500000652FW26,P25011500000652FW26-39,12,69999.00,Chatita Raquel
Piccadilly,P25011500000652FW26,P25011500000652FW26-40,6,69999.00,Chatita Raquel
Piccadilly,P25011500000652FW26,P25011500000652FW26-41,7,69999.00,Chatita Raquel
Piccadilly,P25011500000645FW26,P25011500000645FW26-35,0,69999.00,Chatita Raquel
Piccadilly,P25011500000645FW26,P25011500000645FW26-36,6,69999.00,Chatita Raquel
Piccadilly,P25011500000645FW26,P25011500000645FW26-37,12,69999.00,Chatita Raquel
Piccadilly,P25011500000645FW26,P25011500000645FW26-38,11,69999.00,Chatita Raquel
Piccadilly,P25011500000645FW26,P25011500000645FW26-39,13,69999.00,Chatita Raquel
Piccadilly,P25011500000645FW26,P25011500000645FW26-40,8,69999.00,Chatita Raquel
Piccadilly,P25011500000645FW26,P25011500000645FW26-41,4,69999.00,Chatita Raquel
Piccadilly,P25024600000005FW25,P25024600000005FW25-36,0,57999.00,Chatita Raquel Aplique
Piccadilly,P25024600000005FW25,P25024600000005FW25-37,0,57999.00,Chatita Raquel Aplique
Piccadilly,P25024600000005FW25,P25024600000005FW25-38,3,57999.00,Chatita Raquel Aplique
Piccadilly,P25024600000005FW25,P25024600000005FW25-39,0,57999.00,Chatita Raquel Aplique
Piccadilly,P25024600000005FW25,P25024600000005FW25-40,1,57999.00,Chatita Raquel Aplique
Piccadilly,P25024600000005FW25,P25024600000005FW25-41,0,57999.00,Chatita Raquel Aplique
Piccadilly,P25024600000007FW25,P25024600000007FW25-36,6,57999.00,Chatita Raquel Aplique
Piccadilly,P25024600000007FW25,P25024600000007FW25-37,7,57999.00,Chatita Raquel Aplique
Piccadilly,P25024600000007FW25,P25024600000007FW25-38,7,57999.00,Chatita Raquel Aplique
Piccadilly,P25024600000007FW25,P25024600000007FW25-39,1,57999.00,Chatita Raquel Aplique
Piccadilly,P25024600000007FW25,P25024600000007FW25-40,0,57999.00,Chatita Raquel Aplique
Piccadilly,P25024600000007FW25,P25024600000007FW25-41,0,57999.00,Chatita Raquel Aplique
Piccadilly,P29500300000006SS26,P29500300000006SS26-35,4,63999.00,Chatita Solange
Piccadilly,P29500300000006SS26,P29500300000006SS26-36,0,63999.00,Chatita Solange
Piccadilly,P29500300000006SS26,P29500300000006SS26-37,0,63999.00,Chatita Solange
Piccadilly,P29500300000006SS26,P29500300000006SS26-38,0,63999.00,Chatita Solange
Piccadilly,P29500300000006SS26,P29500300000006SS26-39,0,63999.00,Chatita Solange
Piccadilly,P29500300000006SS26,P29500300000006SS26-40,0,63999.00,Chatita Solange
Piccadilly,P31801500000016FW26,P31801500000016FW26-35,0,115999.00,Mocasín Fabiana
Piccadilly,P31801500000016FW26,P31801500000016FW26-36,4,115999.00,Mocasín Fabiana
Piccadilly,P31801500000016FW26,P31801500000016FW26-37,8,115999.00,Mocasín Fabiana
Piccadilly,P31801500000016FW26,P31801500000016FW26-38,15,115999.00,Mocasín Fabiana
Piccadilly,P31801500000016FW26,P31801500000016FW26-39,8,115999.00,Mocasín Fabiana
Piccadilly,P31801500000016FW26,P31801500000016FW26-40,0,115999.00,Mocasín Fabiana
Piccadilly,P31801500000016FW26,P31801500000016FW26-41,0,115999.00,Mocasín Fabiana
Piccadilly,P31801500000011FW26,P31801500000011FW26-35,4,115999.00,Mocasín Fabiana
Piccadilly,P31801500000011FW26,P31801500000011FW26-36,1,115999.00,Mocasín Fabiana
Piccadilly,P31801500000011FW26,P31801500000011FW26-37,18,115999.00,Mocasín Fabiana
Piccadilly,P31801500000011FW26,P31801500000011FW26-38,27,115999.00,Mocasín Fabiana
Piccadilly,P31801500000011FW26,P31801500000011FW26-39,17,115999.00,Mocasín Fabiana
Piccadilly,P31801500000011FW26,P31801500000011FW26-40,9,115999.00,Mocasín Fabiana
Piccadilly,P31801500000011FW26,P31801500000011FW26-41,4,115999.00,Mocasín Fabiana
Piccadilly,P66300300000002FW26,P66300300000002FW26-34,0,99999.00,Mocasín Francisca
Piccadilly,P66300300000002FW26,P66300300000002FW26-35,7,99999.00,Mocasín Francisca
Piccadilly,P66300300000002FW26,P66300300000002FW26-36,7,99999.00,Mocasín Francisca
Piccadilly,P66300300000002FW26,P66300300000002FW26-37,5,99999.00,Mocasín Francisca
Piccadilly,P66300300000002FW26,P66300300000002FW26-38,9,99999.00,Mocasín Francisca
Piccadilly,P66300300000002FW26,P66300300000002FW26-39,15,99999.00,Mocasín Francisca
Piccadilly,P66300300000002FW26,P66300300000002FW26-40,6,99999.00,Mocasín Francisca
Piccadilly,P66300300000002FW26,P66300300000002FW26-41,5,99999.00,Mocasín Francisca
Piccadilly,P66300300000001FW26,P66300300000001FW26-34,1,99999.00,Mocasín Francisca
Piccadilly,P66300300000001FW26,P66300300000001FW26-35,0,99999.00,Mocasín Francisca
Piccadilly,P66300300000001FW26,P66300300000001FW26-36,9,99999.00,Mocasín Francisca
Piccadilly,P66300300000001FW26,P66300300000001FW26-37,6,99999.00,Mocasín Francisca
Piccadilly,P66300300000001FW26,P66300300000001FW26-38,0,99999.00,Mocasín Francisca
Piccadilly,P66300300000001FW26,P66300300000001FW26-39,0,99999.00,Mocasín Francisca
Piccadilly,P66300300000001FW26,P66300300000001FW26-40,1,99999.00,Mocasín Francisca
Piccadilly,P66300300000001FW26,P66300300000001FW26-41,0,99999.00,Mocasín Francisca
Piccadilly,P73504200000005FW26,P73504200000005FW26-35,0,121999.00,Mocasín Gisa
Piccadilly,P73504200000005FW26,P73504200000005FW26-36,1,121999.00,Mocasín Gisa
Piccadilly,P73504200000005FW26,P73504200000005FW26-37,3,121999.00,Mocasín Gisa
Piccadilly,P73504200000005FW26,P73504200000005FW26-38,4,121999.00,Mocasín Gisa
Piccadilly,P73504200000005FW26,P73504200000005FW26-39,0,121999.00,Mocasín Gisa
Piccadilly,P73504200000005FW26,P73504200000005FW26-40,5,121999.00,Mocasín Gisa
Piccadilly,P73504200000005FW26,P73504200000005FW26-41,6,121999.00,Mocasín Gisa
Piccadilly,P73504200000006FW26,P73504200000006FW26-36,6,121999.00,Mocasín Gisa
Piccadilly,P73504200000006FW26,P73504200000006FW26-37,3,121999.00,Mocasín Gisa
Piccadilly,P73504200000006FW26,P73504200000006FW26-38,3,121999.00,Mocasín Gisa
Piccadilly,P73504200000006FW26,P73504200000006FW26-39,5,121999.00,Mocasín Gisa
Piccadilly,P73504200000006FW26,P73504200000006FW26-40,4,121999.00,Mocasín Gisa
Piccadilly,P73504200000006FW26,P73504200000006FW26-41,0,121999.00,Mocasín Gisa
Piccadilly,P73504200000007FW26,P73504200000007FW26-36,5,121999.00,Mocasín Gisa
Piccadilly,P73504200000007FW26,P73504200000007FW26-37,4,121999.00,Mocasín Gisa
Piccadilly,P73504200000007FW26,P73504200000007FW26-38,6,121999.00,Mocasín Gisa
Piccadilly,P73504200000007FW26,P73504200000007FW26-39,9,121999.00,Mocasín Gisa
Piccadilly,P73504200000007FW26,P73504200000007FW26-40,2,121999.00,Mocasín Gisa
Piccadilly,P73503900000022FW26,P73503900000022FW26-36,1,119999.00,Mocasín Gisa
Piccadilly,P73503900000022FW26,P73503900000022FW26-37,0,119999.00,Mocasín Gisa
Piccadilly,P73503900000022FW26,P73503900000022FW26-38,2,119999.00,Mocasín Gisa
Piccadilly,P73503900000022FW26,P73503900000022FW26-39,2,119999.00,Mocasín Gisa
Piccadilly,P73503900000022FW26,P73503900000022FW26-40,2,119999.00,Mocasín Gisa
Piccadilly,P73503900000022FW26,P73503900000022FW26-41,1,119999.00,Mocasín Gisa
Piccadilly,P25027500000001FW26,P25027500000001FW26-35,6,83999.00,Mocasín Raquel
Piccadilly,P25027500000001FW26,P25027500000001FW26-36,12,83999.00,Mocasín Raquel
Piccadilly,P25027500000001FW26,P25027500000001FW26-37,14,83999.00,Mocasín Raquel
Piccadilly,P25027500000001FW26,P25027500000001FW26-38,8,83999.00,Mocasín Raquel
Piccadilly,P25027500000001FW26,P25027500000001FW26-39,11,83999.00,Mocasín Raquel
Piccadilly,P25027500000001FW26,P25027500000001FW26-40,1,83999.00,Mocasín Raquel
Piccadilly,P25027500000001FW26,P25027500000001FW26-41,0,83999.00,Mocasín Raquel
Piccadilly,P25027500000004FW26,P25027500000004FW26-35,1,83999.00,Mocasín Raquel
Piccadilly,P25027500000004FW26,P25027500000004FW26-36,8,83999.00,Mocasín Raquel
Piccadilly,P25027500000004FW26,P25027500000004FW26-37,13,83999.00,Mocasín Raquel
Piccadilly,P25027500000004FW26,P25027500000004FW26-38,10,83999.00,Mocasín Raquel
Piccadilly,P25027500000004FW26,P25027500000004FW26-39,10,83999.00,Mocasín Raquel
Piccadilly,P25027500000004FW26,P25027500000004FW26-40,7,83999.00,Mocasín Raquel
Piccadilly,P25027500000004FW26,P25027500000004FW26-41,5,83999.00,Mocasín Raquel
Piccadilly,P25027500000005FW26,P25027500000005FW26-34,0,83999.00,Mocasín Raquel
Piccadilly,P25027500000005FW26,P25027500000005FW26-35,5,83999.00,Mocasín Raquel
Piccadilly,P25027500000005FW26,P25027500000005FW26-36,6,83999.00,Mocasín Raquel
Piccadilly,P25027500000005FW26,P25027500000005FW26-37,15,83999.00,Mocasín Raquel
Piccadilly,P25027500000005FW26,P25027500000005FW26-38,20,83999.00,Mocasín Raquel
Piccadilly,P25027500000005FW26,P25027500000005FW26-39,25,83999.00,Mocasín Raquel
Piccadilly,P25027500000005FW26,P25027500000005FW26-40,10,83999.00,Mocasín Raquel
Piccadilly,P25027500000005FW26,P25027500000005FW26-41,8,83999.00,Mocasín Raquel
Piccadilly,P25027500000005FW26,P25027500000005FW26-42,0,83999.00,Mocasín Raquel
Piccadilly,P59007400000002SS26,P59007400000002SS26-36,9,47999.00,Ojota Taila
Piccadilly,P59007400000002SS26,P59007400000002SS26-37,6,47999.00,Ojota Taila
Piccadilly,P59007400000002SS26,P59007400000002SS26-38,4,47999.00,Ojota Taila
Piccadilly,P59007400000002SS26,P59007400000002SS26-39,2,47999.00,Ojota Taila
Piccadilly,P59007400000002SS26,P59007400000002SS26-40,4,47999.00,Ojota Taila
Piccadilly,P91001000000001SS26,P91001000000001SS26-36,0,106999.00,Zapatilla  Beatriz
Piccadilly,P91001000000001SS26,P91001000000001SS26-37,2,106999.00,Zapatilla  Beatriz
Piccadilly,P91001000000001SS26,P91001000000001SS26-38,0,106999.00,Zapatilla  Beatriz
Piccadilly,P91001000000001SS26,P91001000000001SS26-39,0,106999.00,Zapatilla  Beatriz
Piccadilly,P91001000000001SS26,P91001000000001SS26-40,0,106999.00,Zapatilla  Beatriz
Piccadilly,P91001000000001SS26,P91001000000001SS26-41,1,106999.00,Zapatilla  Beatriz
Piccadilly,P93501200000001SS26,P93501200000001SS26-36,8,127999.00,Zapatilla  Energy
Piccadilly,P93501200000001SS26,P93501200000001SS26-37,8,127999.00,Zapatilla  Energy
Piccadilly,P93501200000001SS26,P93501200000001SS26-38,4,127999.00,Zapatilla  Energy
Piccadilly,P93501200000001SS26,P93501200000001SS26-39,1,127999.00,Zapatilla  Energy
Piccadilly,P93501200000001SS26,P93501200000001SS26-40,4,127999.00,Zapatilla  Energy
Piccadilly,P93501200000001SS26,P93501200000001SS26-41,8,127999.00,Zapatilla  Energy
Piccadilly,P93511000000006SS26,P93511000000006SS26-36,1,98999.00,Zapatilla  Energy
Piccadilly,P93511000000006SS26,P93511000000006SS26-37,0,98999.00,Zapatilla  Energy
Piccadilly,P93511000000006SS26,P93511000000006SS26-38,0,98999.00,Zapatilla  Energy
Piccadilly,P93511000000006SS26,P93511000000006SS26-39,0,98999.00,Zapatilla  Energy
Piccadilly,P93511000000006SS26,P93511000000006SS26-40,0,98999.00,Zapatilla  Energy
Piccadilly,P93511000000006SS26,P93511000000006SS26-41,0,98999.00,Zapatilla  Energy
Piccadilly,P94903000000004SS26,P94903000000004SS26-36,1,127999.00,Zapatilla  Fascitis
Piccadilly,P94903000000004SS26,P94903000000004SS26-37,0,127999.00,Zapatilla  Fascitis
Piccadilly,P94903000000004SS26,P94903000000004SS26-38,0,127999.00,Zapatilla  Fascitis
Piccadilly,P94903000000004SS26,P94903000000004SS26-39,0,127999.00,Zapatilla  Fascitis
Piccadilly,P94903000000004SS26,P94903000000004SS26-40,0,127999.00,Zapatilla  Fascitis
Piccadilly,P94903000000004SS26,P94903000000004SS26-41,1,127999.00,Zapatilla  Fascitis
Piccadilly,P97904300000002FW23,P97904300000002FW23-35,0,75999.00,Zapatilla Adri Bordado
Piccadilly,P97904300000002FW23,P97904300000002FW23-36,3,75999.00,Zapatilla Adri Bordado
Piccadilly,P97904300000002FW23,P97904300000002FW23-37,0,75999.00,Zapatilla Adri Bordado
Piccadilly,P97904300000002FW23,P97904300000002FW23-38,0,75999.00,Zapatilla Adri Bordado
Piccadilly,P97904300000002FW23,P97904300000002FW23-39,0,75999.00,Zapatilla Adri Bordado
Piccadilly,P97904300000002FW23,P97904300000002FW23-40,0,75999.00,Zapatilla Adri Bordado
Piccadilly,P97904300000002FW23,P97904300000002FW23-41,0,75999.00,Zapatilla Adri Bordado
Piccadilly,P97904300000003FW23,P97904300000003FW23-35,1,75999.00,Zapatilla Adri Bordado
Piccadilly,P97904300000003FW23,P97904300000003FW23-36,9,75999.00,Zapatilla Adri Bordado
Piccadilly,P97904300000003FW23,P97904300000003FW23-37,13,75999.00,Zapatilla Adri Bordado
Piccadilly,P97904300000003FW23,P97904300000003FW23-38,8,75999.00,Zapatilla Adri Bordado
Piccadilly,P97904300000003FW23,P97904300000003FW23-39,12,75999.00,Zapatilla Adri Bordado
Piccadilly,P97904300000003FW23,P97904300000003FW23-40,0,75999.00,Zapatilla Adri Bordado
Piccadilly,P97904300000003FW23,P97904300000003FW23-41,0,75999.00,Zapatilla Adri Bordado
Piccadilly,P91001100000003FW26,P91001100000003FW26-35,0,133999.00,Zapatilla Beatriz
Piccadilly,P91001100000003FW26,P91001100000003FW26-36,5,133999.00,Zapatilla Beatriz
Piccadilly,P91001100000003FW26,P91001100000003FW26-37,10,133999.00,Zapatilla Beatriz
Piccadilly,P91001100000003FW26,P91001100000003FW26-38,9,133999.00,Zapatilla Beatriz
Piccadilly,P91001100000003FW26,P91001100000003FW26-39,9,133999.00,Zapatilla Beatriz
Piccadilly,P91001100000003FW26,P91001100000003FW26-40,4,133999.00,Zapatilla Beatriz
Piccadilly,P91001100000003FW26,P91001100000003FW26-41,0,133999.00,Zapatilla Beatriz
Piccadilly,P91001100000008FW26,P91001100000008FW26-35,0,129999.00,Zapatilla Beatriz
Piccadilly,P91001100000008FW26,P91001100000008FW26-36,3,129999.00,Zapatilla Beatriz
Piccadilly,P91001100000008FW26,P91001100000008FW26-37,6,129999.00,Zapatilla Beatriz
Piccadilly,P91001100000008FW26,P91001100000008FW26-38,5,129999.00,Zapatilla Beatriz
Piccadilly,P91001100000008FW26,P91001100000008FW26-39,1,129999.00,Zapatilla Beatriz
Piccadilly,P91001100000008FW26,P91001100000008FW26-40,4,129999.00,Zapatilla Beatriz
Piccadilly,P91001100000008FW26,P91001100000008FW26-41,1,129999.00,Zapatilla Beatriz
Piccadilly,P91000200000005FW25,P91000200000005FW25-35,2,99999.00,Zapatilla Beatriz
Piccadilly,P91000200000005FW25,P91000200000005FW25-36,6,99999.00,Zapatilla Beatriz
Piccadilly,P91000200000005FW25,P91000200000005FW25-37,13,99999.00,Zapatilla Beatriz
Piccadilly,P91000200000005FW25,P91000200000005FW25-38,14,99999.00,Zapatilla Beatriz
Piccadilly,P91000200000005FW25,P91000200000005FW25-39,15,99999.00,Zapatilla Beatriz
Piccadilly,P91000200000005FW25,P91000200000005FW25-40,8,99999.00,Zapatilla Beatriz
Piccadilly,P91000200000005FW25,P91000200000005FW25-41,2,99999.00,Zapatilla Beatriz
Piccadilly,P98500200000008SS24,P98500200000008SS24-35,0,71999.00,Zapatilla Beta Alta
Piccadilly,P98500200000008SS24,P98500200000008SS24-36,1,71999.00,Zapatilla Beta Alta
Piccadilly,P98500200000008SS24,P98500200000008SS24-37,0,71999.00,Zapatilla Beta Alta
Piccadilly,P98500200000008SS24,P98500200000008SS24-38,0,71999.00,Zapatilla Beta Alta
Piccadilly,P98500200000008SS24,P98500200000008SS24-39,0,71999.00,Zapatilla Beta Alta
Piccadilly,P98500200000008SS24,P98500200000008SS24-40,0,71999.00,Zapatilla Beta Alta
Piccadilly,P98500200000008SS24,P98500200000008SS24-41,0,71999.00,Zapatilla Beta Alta
Piccadilly,P90300100000002FW26,P90300100000002FW26-35,2,127999.00,Zapatilla Caroline
Piccadilly,P90300100000002FW26,P90300100000002FW26-36,6,127999.00,Zapatilla Caroline
Piccadilly,P90300100000002FW26,P90300100000002FW26-37,13,127999.00,Zapatilla Caroline
Piccadilly,P90300100000002FW26,P90300100000002FW26-38,8,127999.00,Zapatilla Caroline
Piccadilly,P90300100000002FW26,P90300100000002FW26-39,6,127999.00,Zapatilla Caroline
Piccadilly,P90300100000002FW26,P90300100000002FW26-40,7,127999.00,Zapatilla Caroline
Piccadilly,P90300100000002FW26,P90300100000002FW26-41,0,127999.00,Zapatilla Caroline
Piccadilly,P90300100000009FW26,P90300100000009FW26-35,4,133999.00,Zapatilla Caroline
Piccadilly,P90300100000009FW26,P90300100000009FW26-36,1,133999.00,Zapatilla Caroline
Piccadilly,P90300100000009FW26,P90300100000009FW26-37,2,133999.00,Zapatilla Caroline
Piccadilly,P90300100000009FW26,P90300100000009FW26-38,1,133999.00,Zapatilla Caroline
Piccadilly,P90300100000009FW26,P90300100000009FW26-39,1,133999.00,Zapatilla Caroline
Piccadilly,P90300300000001FW26,P90300300000001FW26-35,4,123999.00,Zapatilla Caroline
Piccadilly,P90300300000001FW26,P90300300000001FW26-36,4,123999.00,Zapatilla Caroline
Piccadilly,P90300300000001FW26,P90300300000001FW26-37,13,123999.00,Zapatilla Caroline
Piccadilly,P90300300000001FW26,P90300300000001FW26-38,15,123999.00,Zapatilla Caroline
Piccadilly,P90300300000001FW26,P90300300000001FW26-39,8,123999.00,Zapatilla Caroline
Piccadilly,P90300300000001FW26,P90300300000001FW26-40,6,123999.00,Zapatilla Caroline
Piccadilly,P90300300000001FW26,P90300300000001FW26-41,2,123999.00,Zapatilla Caroline
Piccadilly,P90300300000004FW26,P90300300000004FW26-35,2,123999.00,Zapatilla Caroline
Piccadilly,P90300300000004FW26,P90300300000004FW26-36,6,123999.00,Zapatilla Caroline
Piccadilly,P90300300000004FW26,P90300300000004FW26-37,9,123999.00,Zapatilla Caroline
Piccadilly,P90300300000004FW26,P90300300000004FW26-38,11,123999.00,Zapatilla Caroline
Piccadilly,P90300300000004FW26,P90300300000004FW26-39,3,123999.00,Zapatilla Caroline
Piccadilly,P90300300000004FW26,P90300300000004FW26-40,0,123999.00,Zapatilla Caroline
Piccadilly,P90300300000004FW26,P90300300000004FW26-41,2,123999.00,Zapatilla Caroline
Piccadilly,P93600300000002FW23,P93600300000002FW23-35,1,78999.00,Zapatilla Elaine Velcro
Piccadilly,P93600300000002FW23,P93600300000002FW23-36,0,78999.00,Zapatilla Elaine Velcro
Piccadilly,P93600300000002FW23,P93600300000002FW23-37,0,78999.00,Zapatilla Elaine Velcro
Piccadilly,P93600300000002FW23,P93600300000002FW23-38,0,78999.00,Zapatilla Elaine Velcro
Piccadilly,P93600300000002FW23,P93600300000002FW23-39,0,78999.00,Zapatilla Elaine Velcro
Piccadilly,P93600300000002FW23,P93600300000002FW23-40,0,78999.00,Zapatilla Elaine Velcro
Piccadilly,P93600300000002FW23,P93600300000002FW23-41,0,78999.00,Zapatilla Elaine Velcro
Piccadilly,P93600400000008SS24,P93600400000008SS24-35,4,62999.00,Zapatilla Eliane Juanete
Piccadilly,P93600400000008SS24,P93600400000008SS24-36,13,62999.00,Zapatilla Eliane Juanete
Piccadilly,P93600400000008SS24,P93600400000008SS24-37,0,62999.00,Zapatilla Eliane Juanete
Piccadilly,P93600400000008SS24,P93600400000008SS24-38,5,62999.00,Zapatilla Eliane Juanete
Piccadilly,P93600400000008SS24,P93600400000008SS24-39,20,62999.00,Zapatilla Eliane Juanete
Piccadilly,P93600400000008SS24,P93600400000008SS24-40,0,62999.00,Zapatilla Eliane Juanete
Piccadilly,P93600400000008SS24,P93600400000008SS24-41,0,62999.00,Zapatilla Eliane Juanete
Piccadilly,P93500400000001FW25,P93500400000001FW25-35,4,119999.00,Zapatilla Energy
Piccadilly,P93500400000001FW25,P93500400000001FW25-36,8,119999.00,Zapatilla Energy
Piccadilly,P93500400000001FW25,P93500400000001FW25-37,14,119999.00,Zapatilla Energy
Piccadilly,P93500400000001FW25,P93500400000001FW25-38,14,119999.00,Zapatilla Energy
Piccadilly,P93500400000001FW25,P93500400000001FW25-39,13,119999.00,Zapatilla Energy
Piccadilly,P93500400000001FW25,P93500400000001FW25-40,2,119999.00,Zapatilla Energy
Piccadilly,P93500400000001FW25,P93500400000001FW25-41,0,119999.00,Zapatilla Energy
Piccadilly,P93500500000004FW25,P93500500000004FW25-36,0,119999.00,Zapatilla Energy
Piccadilly,P93500500000004FW25,P93500500000004FW25-37,0,119999.00,Zapatilla Energy
Piccadilly,P93500500000004FW25,P93500500000004FW25-38,0,119999.00,Zapatilla Energy
Piccadilly,P93500500000004FW25,P93500500000004FW25-39,1,119999.00,Zapatilla Energy
Piccadilly,P93500500000004FW25,P93500500000004FW25-40,0,119999.00,Zapatilla Energy
Piccadilly,P93500700000005FW25,P93500700000005FW25-35,0,119999.00,Zapatilla Energy
Piccadilly,P93500700000005FW25,P93500700000005FW25-36,0,119999.00,Zapatilla Energy
Piccadilly,P93500700000005FW25,P93500700000005FW25-37,0,119999.00,Zapatilla Energy
Piccadilly,P93500700000005FW25,P93500700000005FW25-38,0,119999.00,Zapatilla Energy
Piccadilly,P93500700000005FW25,P93500700000005FW25-39,0,119999.00,Zapatilla Energy
Piccadilly,P93500700000005FW25,P93500700000005FW25-40,1,119999.00,Zapatilla Energy
Piccadilly,P93500700000005FW25,P93500700000005FW25-41,0,119999.00,Zapatilla Energy
Piccadilly,P93500700000008FW25,P93500700000008FW25-36,0,119999.00,Zapatilla Energy
Piccadilly,P93500700000008FW25,P93500700000008FW25-37,0,119999.00,Zapatilla Energy
Piccadilly,P93500700000008FW25,P93500700000008FW25-38,0,119999.00,Zapatilla Energy
Piccadilly,P93500700000008FW25,P93500700000008FW25-39,1,119999.00,Zapatilla Energy
Piccadilly,P93500700000008FW25,P93500700000008FW25-40,0,119999.00,Zapatilla Energy
Piccadilly,P93500700000008FW25,P93500700000008FW25-41,0,119999.00,Zapatilla Energy
Piccadilly,P93501500000001FW26,P93501500000001FW26-35,0,167999.00,Zapatilla Energy
Piccadilly,P93501500000001FW26,P93501500000001FW26-36,3,167999.00,Zapatilla Energy
Piccadilly,P93501500000001FW26,P93501500000001FW26-37,9,167999.00,Zapatilla Energy
Piccadilly,P93501500000001FW26,P93501500000001FW26-38,9,167999.00,Zapatilla Energy
Piccadilly,P93501500000001FW26,P93501500000001FW26-39,8,167999.00,Zapatilla Energy
Piccadilly,P93501500000001FW26,P93501500000001FW26-40,2,167999.00,Zapatilla Energy
Piccadilly,P93501500000001FW26,P93501500000001FW26-41,0,167999.00,Zapatilla Energy
Piccadilly,P93501500000001FW26,P93501500000001FW26-42,0,167999.00,Zapatilla Energy
Piccadilly,P93501500000001FW26,P93501500000001FW26-43,0,167999.00,Zapatilla Energy
Piccadilly,P93501500000004FW26,P93501500000004FW26-35,1,167999.00,Zapatilla Energy
Piccadilly,P93501500000004FW26,P93501500000004FW26-36,4,167999.00,Zapatilla Energy
Piccadilly,P93501500000004FW26,P93501500000004FW26-37,4,167999.00,Zapatilla Energy
Piccadilly,P93501500000004FW26,P93501500000004FW26-38,4,167999.00,Zapatilla Energy
Piccadilly,P93501500000004FW26,P93501500000004FW26-39,5,167999.00,Zapatilla Energy
Piccadilly,P93501500000004FW26,P93501500000004FW26-40,1,167999.00,Zapatilla Energy
Piccadilly,P93501500000004FW26,P93501500000004FW26-41,2,167999.00,Zapatilla Energy
Piccadilly,P94902600000006FW25,P94902600000006FW25-36,0,94999.00,Zapatilla Fascitis
Piccadilly,P94902600000006FW25,P94902600000006FW25-37,0,94999.00,Zapatilla Fascitis
Piccadilly,P94902600000006FW25,P94902600000006FW25-38,1,94999.00,Zapatilla Fascitis
Piccadilly,P94902600000006FW25,P94902600000006FW25-39,0,94999.00,Zapatilla Fascitis
Piccadilly,P94902600000006FW25,P94902600000006FW25-40,0,94999.00,Zapatilla Fascitis
Piccadilly,P94902600000006FW25,P94902600000006FW25-41,0,94999.00,Zapatilla Fascitis
Piccadilly,P93902200000001FW26,P93902200000001FW26-35,6,155999.00,Zapatilla Fascitis
Piccadilly,P93902200000001FW26,P93902200000001FW26-36,4,155999.00,Zapatilla Fascitis
Piccadilly,P93902200000001FW26,P93902200000001FW26-37,5,155999.00,Zapatilla Fascitis
Piccadilly,P93902200000001FW26,P93902200000001FW26-38,6,155999.00,Zapatilla Fascitis
Piccadilly,P93902200000001FW26,P93902200000001FW26-39,5,155999.00,Zapatilla Fascitis
Piccadilly,P93902200000001FW26,P93902200000001FW26-40,2,155999.00,Zapatilla Fascitis
Piccadilly,P93902200000001FW26,P93902200000001FW26-41,0,155999.00,Zapatilla Fascitis
Piccadilly,P93902200000003FW26,P93902200000003FW26-35,0,155999.00,Zapatilla Fascitis
Piccadilly,P93902200000003FW26,P93902200000003FW26-36,7,155999.00,Zapatilla Fascitis
Piccadilly,P93902200000003FW26,P93902200000003FW26-37,2,155999.00,Zapatilla Fascitis
Piccadilly,P93902200000003FW26,P93902200000003FW26-38,5,155999.00,Zapatilla Fascitis
Piccadilly,P93902200000003FW26,P93902200000003FW26-39,4,155999.00,Zapatilla Fascitis
Piccadilly,P93902200000003FW26,P93902200000003FW26-40,8,155999.00,Zapatilla Fascitis
Piccadilly,P93902200000003FW26,P93902200000003FW26-41,3,155999.00,Zapatilla Fascitis
Piccadilly,P93902200000003FW26,P93902200000003FW26-42,0,155999.00,Zapatilla Fascitis
Piccadilly,P93902200000007FW26,P93902200000007FW26-36,4,159999.00,Zapatilla Fascitis
Piccadilly,P93902200000007FW26,P93902200000007FW26-37,0,159999.00,Zapatilla Fascitis
Piccadilly,P93902200000007FW26,P93902200000007FW26-38,4,159999.00,Zapatilla Fascitis
Piccadilly,P93902200000007FW26,P93902200000007FW26-39,6,159999.00,Zapatilla Fascitis
Piccadilly,P93902200000007FW26,P93902200000007FW26-40,7,159999.00,Zapatilla Fascitis
Piccadilly,P93902200000007FW26,P93902200000007FW26-41,2,159999.00,Zapatilla Fascitis
Piccadilly,P94903000000012FW26,P94903000000012FW26-35,0,127999.00,Zapatilla Fascitis
Piccadilly,P94903000000012FW26,P94903000000012FW26-36,4,127999.00,Zapatilla Fascitis
Piccadilly,P94903000000012FW26,P94903000000012FW26-37,8,127999.00,Zapatilla Fascitis
Piccadilly,P94903000000012FW26,P94903000000012FW26-38,7,127999.00,Zapatilla Fascitis
Piccadilly,P94903000000012FW26,P94903000000012FW26-39,7,127999.00,Zapatilla Fascitis
Piccadilly,P94903000000012FW26,P94903000000012FW26-40,0,127999.00,Zapatilla Fascitis
Piccadilly,P94903000000012FW26,P94903000000012FW26-41,4,127999.00,Zapatilla Fascitis
Piccadilly,P94903000000018FW26,P94903000000018FW26-35,0,127999.00,Zapatilla Fascitis
Piccadilly,P94903000000018FW26,P94903000000018FW26-36,3,127999.00,Zapatilla Fascitis
Piccadilly,P94903000000018FW26,P94903000000018FW26-37,5,127999.00,Zapatilla Fascitis
Piccadilly,P94903000000018FW26,P94903000000018FW26-38,0,127999.00,Zapatilla Fascitis
Piccadilly,P94903000000018FW26,P94903000000018FW26-39,6,127999.00,Zapatilla Fascitis
Piccadilly,P94903000000018FW26,P94903000000018FW26-40,3,127999.00,Zapatilla Fascitis
Piccadilly,P94903000000018FW26,P94903000000018FW26-41,0,127999.00,Zapatilla Fascitis
Piccadilly,P94903200000004FW26,P94903200000004FW26-35,0,127999.00,Zapatilla Fascitis
Piccadilly,P94903200000004FW26,P94903200000004FW26-36,7,127999.00,Zapatilla Fascitis
Piccadilly,P94903200000004FW26,P94903200000004FW26-37,7,127999.00,Zapatilla Fascitis
Piccadilly,P94903200000004FW26,P94903200000004FW26-38,9,127999.00,Zapatilla Fascitis
Piccadilly,P94903200000004FW26,P94903200000004FW26-39,11,127999.00,Zapatilla Fascitis
Piccadilly,P94903200000004FW26,P94903200000004FW26-40,2,127999.00,Zapatilla Fascitis
Piccadilly,P94903200000004FW26,P94903200000004FW26-41,1,127999.00,Zapatilla Fascitis
Piccadilly,P94903200000001FW26,P94903200000001FW26-35,0,127999.00,Zapatilla Fascitis
Piccadilly,P94903200000001FW26,P94903200000001FW26-36,3,127999.00,Zapatilla Fascitis
Piccadilly,P94903200000001FW26,P94903200000001FW26-37,2,127999.00,Zapatilla Fascitis
Piccadilly,P94903200000001FW26,P94903200000001FW26-38,15,127999.00,Zapatilla Fascitis
Piccadilly,P94903200000001FW26,P94903200000001FW26-39,7,127999.00,Zapatilla Fascitis
Piccadilly,P94903200000001FW26,P94903200000001FW26-40,7,127999.00,Zapatilla Fascitis
Piccadilly,P94903200000001FW26,P94903200000001FW26-41,7,127999.00,Zapatilla Fascitis
Piccadilly,P94901700000023FW25,P94901700000023FW25-35,0,97799.00,Zapatilla Fascitis
Piccadilly,P94901700000023FW25,P94901700000023FW25-36,1,97799.00,Zapatilla Fascitis
Piccadilly,P94901700000023FW25,P94901700000023FW25-37,0,97799.00,Zapatilla Fascitis
Piccadilly,P94901700000023FW25,P94901700000023FW25-38,0,97799.00,Zapatilla Fascitis
Piccadilly,P94901700000023FW25,P94901700000023FW25-39,0,97799.00,Zapatilla Fascitis
Piccadilly,P94901700000023FW25,P94901700000023FW25-40,0,97799.00,Zapatilla Fascitis
Piccadilly,P94901700000027FW25,P94901700000027FW25-35,2,97799.00,Zapatilla Fascitis
Piccadilly,P94901700000027FW25,P94901700000027FW25-36,7,97799.00,Zapatilla Fascitis
Piccadilly,P94901700000027FW25,P94901700000027FW25-37,8,97799.00,Zapatilla Fascitis
Piccadilly,P94901700000027FW25,P94901700000027FW25-38,14,97799.00,Zapatilla Fascitis
Piccadilly,P94901700000027FW25,P94901700000027FW25-39,12,97799.00,Zapatilla Fascitis
Piccadilly,P94901700000027FW25,P94901700000027FW25-40,8,97799.00,Zapatilla Fascitis
Piccadilly,P94901700000027FW25,P94901700000027FW25-41,3,97799.00,Zapatilla Fascitis
Piccadilly,P94901700000021FW25,P94901700000021FW25-35,4,97799.00,Zapatilla fascitis
Piccadilly,P94901700000021FW25,P94901700000021FW25-36,7,97799.00,Zapatilla fascitis
Piccadilly,P94901700000021FW25,P94901700000021FW25-37,10,97799.00,Zapatilla fascitis
Piccadilly,P94901700000021FW25,P94901700000021FW25-38,20,97799.00,Zapatilla fascitis
Piccadilly,P94901700000021FW25,P94901700000021FW25-39,15,97799.00,Zapatilla fascitis
Piccadilly,P94901700000021FW25,P94901700000021FW25-40,6,97799.00,Zapatilla fascitis
Piccadilly,P94901700000021FW25,P94901700000021FW25-41,0,97799.00,Zapatilla fascitis
Piccadilly,P94901700000026FW25,P94901700000026FW25-35,2,97799.00,Zapatilla Fascitis
Piccadilly,P94901700000026FW25,P94901700000026FW25-36,7,97799.00,Zapatilla Fascitis
Piccadilly,P94901700000026FW25,P94901700000026FW25-37,7,97799.00,Zapatilla Fascitis
Piccadilly,P94901700000026FW25,P94901700000026FW25-38,9,97799.00,Zapatilla Fascitis
Piccadilly,P94901700000026FW25,P94901700000026FW25-39,12,97799.00,Zapatilla Fascitis
Piccadilly,P94901700000026FW25,P94901700000026FW25-40,8,97799.00,Zapatilla Fascitis
Piccadilly,P94901700000026FW25,P94901700000026FW25-41,1,97799.00,Zapatilla Fascitis
Piccadilly,P93900500000017FW23,P93900500000017FW23-35,2,88999.00,Zapatilla Fascitis Bordada
Piccadilly,P93900500000017FW23,P93900500000017FW23-36,0,88999.00,Zapatilla Fascitis Bordada
Piccadilly,P93900500000017FW23,P93900500000017FW23-37,0,88999.00,Zapatilla Fascitis Bordada
Piccadilly,P93900500000017FW23,P93900500000017FW23-38,0,88999.00,Zapatilla Fascitis Bordada
Piccadilly,P93900500000017FW23,P93900500000017FW23-39,0,88999.00,Zapatilla Fascitis Bordada
Piccadilly,P93900500000017FW23,P93900500000017FW23-40,0,88999.00,Zapatilla Fascitis Bordada
Piccadilly,P93900500000017FW23,P93900500000017FW23-41,0,88999.00,Zapatilla Fascitis Bordada
Piccadilly,P93700800000001FW26,P93700800000001FW26-35,4,121999.00,Zapatilla Franciele
Piccadilly,P93700800000001FW26,P93700800000001FW26-36,4,121999.00,Zapatilla Franciele
Piccadilly,P93700800000001FW26,P93700800000001FW26-37,1,121999.00,Zapatilla Franciele
Piccadilly,P93700800000001FW26,P93700800000001FW26-38,7,121999.00,Zapatilla Franciele
Piccadilly,P93700800000001FW26,P93700800000001FW26-39,8,121999.00,Zapatilla Franciele
Piccadilly,P93700800000001FW26,P93700800000001FW26-40,0,121999.00,Zapatilla Franciele
Piccadilly,P93700800000001FW26,P93700800000001FW26-41,5,121999.00,Zapatilla Franciele
Piccadilly,P93700800000002FW26,P93700800000002FW26-35,0,121999.00,Zapatilla Franciele
Piccadilly,P93700800000002FW26,P93700800000002FW26-36,5,121999.00,Zapatilla Franciele
Piccadilly,P93700800000002FW26,P93700800000002FW26-37,3,121999.00,Zapatilla Franciele
Piccadilly,P93700800000002FW26,P93700800000002FW26-38,7,121999.00,Zapatilla Franciele
Piccadilly,P93700800000002FW26,P93700800000002FW26-39,7,121999.00,Zapatilla Franciele
Piccadilly,P93700800000002FW26,P93700800000002FW26-40,10,121999.00,Zapatilla Franciele
Piccadilly,P93700800000002FW26,P93700800000002FW26-41,5,121999.00,Zapatilla Franciele
Piccadilly,P93701000000001FW26,P93701000000001FW26-35,0,127999.00,Zapatilla Franciele
Piccadilly,P93701000000001FW26,P93701000000001FW26-36,4,127999.00,Zapatilla Franciele
Piccadilly,P93701000000001FW26,P93701000000001FW26-37,4,127999.00,Zapatilla Franciele
Piccadilly,P93701000000001FW26,P93701000000001FW26-38,3,127999.00,Zapatilla Franciele
Piccadilly,P93701000000001FW26,P93701000000001FW26-39,5,127999.00,Zapatilla Franciele
Piccadilly,P93701000000001FW26,P93701000000001FW26-40,4,127999.00,Zapatilla Franciele
Piccadilly,P93701000000001FW26,P93701000000001FW26-41,0,127999.00,Zapatilla Franciele
Piccadilly,P93701000000002FW26,P93701000000002FW26-35,1,127999.00,Zapatilla Franciele
Piccadilly,P93701000000002FW26,P93701000000002FW26-36,7,127999.00,Zapatilla Franciele
Piccadilly,P93701000000002FW26,P93701000000002FW26-37,13,127999.00,Zapatilla Franciele
Piccadilly,P93701000000002FW26,P93701000000002FW26-38,12,127999.00,Zapatilla Franciele
Piccadilly,P93701000000002FW26,P93701000000002FW26-39,8,127999.00,Zapatilla Franciele
Piccadilly,P93701000000002FW26,P93701000000002FW26-40,0,127999.00,Zapatilla Franciele
Piccadilly,P93701000000002FW26,P93701000000002FW26-41,0,127999.00,Zapatilla Franciele
Piccadilly,P93701000000004FW26,P93701000000004FW26-35,0,121999.00,Zapatilla Franciele
Piccadilly,P93701000000004FW26,P93701000000004FW26-36,6,121999.00,Zapatilla Franciele
Piccadilly,P93701000000004FW26,P93701000000004FW26-37,7,121999.00,Zapatilla Franciele
Piccadilly,P93701000000004FW26,P93701000000004FW26-38,10,121999.00,Zapatilla Franciele
Piccadilly,P93701000000004FW26,P93701000000004FW26-39,0,121999.00,Zapatilla Franciele
Piccadilly,P93701000000004FW26,P93701000000004FW26-40,10,121999.00,Zapatilla Franciele
Piccadilly,P93701000000004FW26,P93701000000004FW26-41,5,121999.00,Zapatilla Franciele
Piccadilly,P93300100000001FW26,P93300100000001FW26-35,2,155999.00,Zapatilla Lavinia
Piccadilly,P93300100000001FW26,P93300100000001FW26-36,8,155999.00,Zapatilla Lavinia
Piccadilly,P93300100000001FW26,P93300100000001FW26-37,6,155999.00,Zapatilla Lavinia
Piccadilly,P93300100000001FW26,P93300100000001FW26-38,15,155999.00,Zapatilla Lavinia
Piccadilly,P93300100000001FW26,P93300100000001FW26-39,9,155999.00,Zapatilla Lavinia
Piccadilly,P93300100000001FW26,P93300100000001FW26-40,1,155999.00,Zapatilla Lavinia
Piccadilly,P93300100000001FW26,P93300100000001FW26-41,2,155999.00,Zapatilla Lavinia
Piccadilly,P93300100000005FW26,P93300100000005FW26-35,4,149999.00,Zapatilla Lavinia
Piccadilly,P93300100000005FW26,P93300100000005FW26-36,4,149999.00,Zapatilla Lavinia
Piccadilly,P93300100000005FW26,P93300100000005FW26-37,2,149999.00,Zapatilla Lavinia
Piccadilly,P93300100000005FW26,P93300100000005FW26-38,8,149999.00,Zapatilla Lavinia
Piccadilly,P93300100000005FW26,P93300100000005FW26-39,8,149999.00,Zapatilla Lavinia
Piccadilly,P93300100000005FW26,P93300100000005FW26-40,5,149999.00,Zapatilla Lavinia
Piccadilly,P93300100000005FW26,P93300100000005FW26-41,0,149999.00,Zapatilla Lavinia
Piccadilly,P93300100000005FW26,P93300100000005FW26-42,0,149999.00,Zapatilla Lavinia
Piccadilly,P93800100000001SS26,P93800100000001SS26-36,2,139999.00,Zapatilla Maxi
Piccadilly,P93800100000001SS26,P93800100000001SS26-37,0,139999.00,Zapatilla Maxi
Piccadilly,P93800100000001SS26,P93800100000001SS26-38,0,139999.00,Zapatilla Maxi
Piccadilly,P93800100000001SS26,P93800100000001SS26-39,0,139999.00,Zapatilla Maxi
Piccadilly,P93800100000001SS26,P93800100000001SS26-40,0,139999.00,Zapatilla Maxi
Piccadilly,P93800100000001SS26,P93800100000001SS26-41,3,139999.00,Zapatilla Maxi
Piccadilly,P93800100000003SS26,P93800100000003SS26-36,1,139999.00,Zapatilla Maxi
Piccadilly,P93800100000003SS26,P93800100000003SS26-37,0,139999.00,Zapatilla Maxi
Piccadilly,P93800100000003SS26,P93800100000003SS26-38,0,139999.00,Zapatilla Maxi
Piccadilly,P93800100000003SS26,P93800100000003SS26-39,0,139999.00,Zapatilla Maxi
Piccadilly,P93800100000003SS26,P93800100000003SS26-40,0,139999.00,Zapatilla Maxi
Piccadilly,P93800100000003SS26,P93800100000003SS26-41,1,139999.00,Zapatilla Maxi
Piccadilly,P94902700000001FW25,P94902700000001FW25-36,1,89239.00,Zapatilla mediaum fascitis
Piccadilly,P94902700000001FW25,P94902700000001FW25-37,0,89239.00,Zapatilla mediaum fascitis
Piccadilly,P94902700000001FW25,P94902700000001FW25-38,0,89239.00,Zapatilla mediaum fascitis
Piccadilly,P94902700000001FW25,P94902700000001FW25-39,0,89239.00,Zapatilla mediaum fascitis
Piccadilly,P94902700000001FW25,P94902700000001FW25-40,0,89239.00,Zapatilla mediaum fascitis
Piccadilly,P94902700000001FW25,P94902700000001FW25-41,1,89239.00,Zapatilla mediaum fascitis
Piccadilly,P93700500000001SS26,P93700500000001SS26-35,5,127999.00,Zapatilla Nice
Piccadilly,P93700500000001SS26,P93700500000001SS26-36,1,127999.00,Zapatilla Nice
Piccadilly,P93700500000001SS26,P93700500000001SS26-37,2,127999.00,Zapatilla Nice
Piccadilly,P93700500000001SS26,P93700500000001SS26-38,2,127999.00,Zapatilla Nice
Piccadilly,P93700500000001SS26,P93700500000001SS26-39,2,127999.00,Zapatilla Nice
Piccadilly,P93700500000001SS26,P93700500000001SS26-40,1,127999.00,Zapatilla Nice
Piccadilly,P93700500000001SS26,P93700500000001SS26-41,1,127999.00,Zapatilla Nice
Piccadilly,P93700500000006SS26,P93700500000006SS26-36,0,127999.00,Zapatilla Nice
Piccadilly,P93700500000006SS26,P93700500000006SS26-37,0,127999.00,Zapatilla Nice
Piccadilly,P93700500000006SS26,P93700500000006SS26-38,0,127999.00,Zapatilla Nice
Piccadilly,P93700500000006SS26,P93700500000006SS26-39,1,127999.00,Zapatilla Nice
Piccadilly,P93700500000006SS26,P93700500000006SS26-40,0,127999.00,Zapatilla Nice
Piccadilly,P93800300000002FW26,P93800300000002FW26-35,0,133999.00,Zapatilla Oriana
Piccadilly,P93800300000002FW26,P93800300000002FW26-36,5,133999.00,Zapatilla Oriana
Piccadilly,P93800300000002FW26,P93800300000002FW26-37,4,133999.00,Zapatilla Oriana
Piccadilly,P93800300000002FW26,P93800300000002FW26-38,4,133999.00,Zapatilla Oriana
Piccadilly,P93800300000002FW26,P93800300000002FW26-39,6,133999.00,Zapatilla Oriana
Piccadilly,P93800300000002FW26,P93800300000002FW26-40,6,133999.00,Zapatilla Oriana
Piccadilly,P93800300000002FW26,P93800300000002FW26-41,0,133999.00,Zapatilla Oriana
Piccadilly,P93800300000003FW26,P93800300000003FW26-35,0,133999.00,Zapatilla Oriana
Piccadilly,P93800300000003FW26,P93800300000003FW26-36,4,133999.00,Zapatilla Oriana
Piccadilly,P93800300000003FW26,P93800300000003FW26-37,3,133999.00,Zapatilla Oriana
Piccadilly,P93800300000003FW26,P93800300000003FW26-38,7,133999.00,Zapatilla Oriana
Piccadilly,P93800300000003FW26,P93800300000003FW26-39,7,133999.00,Zapatilla Oriana
Piccadilly,P93800300000003FW26,P93800300000003FW26-40,2,133999.00,Zapatilla Oriana
Piccadilly,P93800300000003FW26,P93800300000003FW26-41,3,133999.00,Zapatilla Oriana
Piccadilly,P92500400000004FW25,P92500400000004FW25-36,2,119999.00,Zapatilla Slip On
Piccadilly,P92500400000004FW25,P92500400000004FW25-37,0,119999.00,Zapatilla Slip On
Piccadilly,P92500400000004FW25,P92500400000004FW25-38,0,119999.00,Zapatilla Slip On
Piccadilly,P92500400000004FW25,P92500400000004FW25-39,0,119999.00,Zapatilla Slip On
Piccadilly,P92500400000004FW25,P92500400000004FW25-40,0,119999.00,Zapatilla Slip On
Piccadilly,P92500400000004FW25,P92500400000004FW25-41,0,119999.00,Zapatilla Slip On
Piccadilly,P94000200000007FW25,P94000200000007FW25-36,0,102999.00,Zapatilla Soft
Piccadilly,P94000200000007FW25,P94000200000007FW25-37,0,102999.00,Zapatilla Soft
Piccadilly,P94000200000007FW25,P94000200000007FW25-38,0,102999.00,Zapatilla Soft
Piccadilly,P94000200000007FW25,P94000200000007FW25-39,0,102999.00,Zapatilla Soft
Piccadilly,P94000200000007FW25,P94000200000007FW25-40,0,102999.00,Zapatilla Soft
Piccadilly,P94000200000007FW25,P94000200000007FW25-41,0,102999.00,Zapatilla Soft
Piccadilly,P94000200000029FW26,P94000200000029FW26-35,4,103999.00,Zapatilla Softstep
Piccadilly,P94000200000029FW26,P94000200000029FW26-36,11,103999.00,Zapatilla Softstep
Piccadilly,P94000200000029FW26,P94000200000029FW26-37,10,103999.00,Zapatilla Softstep
Piccadilly,P94000200000029FW26,P94000200000029FW26-38,10,103999.00,Zapatilla Softstep
Piccadilly,P94000200000029FW26,P94000200000029FW26-39,4,103999.00,Zapatilla Softstep
Piccadilly,P94000200000029FW26,P94000200000029FW26-40,6,103999.00,Zapatilla Softstep
Piccadilly,P94000200000029FW26,P94000200000029FW26-41,0,103999.00,Zapatilla Softstep
Piccadilly,P94000200000031FW26,P94000200000031FW26-35,2,103999.00,Zapatilla Softstep
Piccadilly,P94000200000031FW26,P94000200000031FW26-36,2,103999.00,Zapatilla Softstep
Piccadilly,P94000200000031FW26,P94000200000031FW26-37,13,103999.00,Zapatilla Softstep
Piccadilly,P94000200000031FW26,P94000200000031FW26-38,13,103999.00,Zapatilla Softstep
Piccadilly,P94000200000031FW26,P94000200000031FW26-39,11,103999.00,Zapatilla Softstep
Piccadilly,P94000200000031FW26,P94000200000031FW26-40,3,103999.00,Zapatilla Softstep
Piccadilly,P94000200000031FW26,P94000200000031FW26-41,10,103999.00,Zapatilla Softstep
Piccadilly,P94000200000036FW26,P94000200000036FW26-35,1,105999.00,Zapatilla Softstep
Piccadilly,P94000200000036FW26,P94000200000036FW26-36,6,105999.00,Zapatilla Softstep
Piccadilly,P94000200000036FW26,P94000200000036FW26-37,5,105999.00,Zapatilla Softstep
Piccadilly,P94000200000036FW26,P94000200000036FW26-38,6,105999.00,Zapatilla Softstep
Piccadilly,P94000200000036FW26,P94000200000036FW26-39,8,105999.00,Zapatilla Softstep
Piccadilly,P94000200000036FW26,P94000200000036FW26-40,6,105999.00,Zapatilla Softstep
Piccadilly,P94000200000036FW26,P94000200000036FW26-41,2,105999.00,Zapatilla Softstep
Piccadilly,P94000700000009FW26,P94000700000009FW26-35,0,105999.00,Zapatilla Softstep
Piccadilly,P94000700000009FW26,P94000700000009FW26-36,6,105999.00,Zapatilla Softstep
Piccadilly,P94000700000009FW26,P94000700000009FW26-37,0,105999.00,Zapatilla Softstep
Piccadilly,P94000700000009FW26,P94000700000009FW26-38,4,105999.00,Zapatilla Softstep
Piccadilly,P94000700000009FW26,P94000700000009FW26-39,9,105999.00,Zapatilla Softstep
Piccadilly,P94000700000009FW26,P94000700000009FW26-40,7,105999.00,Zapatilla Softstep
Piccadilly,P94000700000009FW26,P94000700000009FW26-41,3,105999.00,Zapatilla Softstep
Piccadilly,P94000700000013FW26,P94000700000013FW26-35,0,103999.00,Zapatilla Softstep
Piccadilly,P94000700000013FW26,P94000700000013FW26-36,5,103999.00,Zapatilla Softstep
Piccadilly,P94000700000013FW26,P94000700000013FW26-37,3,103999.00,Zapatilla Softstep
Piccadilly,P94000700000013FW26,P94000700000013FW26-38,6,103999.00,Zapatilla Softstep
Piccadilly,P94000700000013FW26,P94000700000013FW26-39,9,103999.00,Zapatilla Softstep
Piccadilly,P94000700000013FW26,P94000700000013FW26-40,7,103999.00,Zapatilla Softstep
Piccadilly,P94000700000013FW26,P94000700000013FW26-41,2,103999.00,Zapatilla Softstep
Piccadilly,P95005000000004FW26,P95005000000004FW26-35,0,111999.00,Zapatilla Vicky
Piccadilly,P95005000000004FW26,P95005000000004FW26-36,6,111999.00,Zapatilla Vicky
Piccadilly,P95005000000004FW26,P95005000000004FW26-37,8,111999.00,Zapatilla Vicky
Piccadilly,P95005000000004FW26,P95005000000004FW26-38,4,111999.00,Zapatilla Vicky
Piccadilly,P95005000000004FW26,P95005000000004FW26-39,5,111999.00,Zapatilla Vicky
Piccadilly,P95005000000004FW26,P95005000000004FW26-40,0,111999.00,Zapatilla Vicky
Piccadilly,P95005000000004FW26,P95005000000004FW26-41,0,111999.00,Zapatilla Vicky
Piccadilly,P95005000000004FW26,P95005000000004FW26-42,0,111999.00,Zapatilla Vicky
Piccadilly,P95005000000009FW26,P95005000000009FW26-35,0,111999.00,Zapatilla Vicky
Piccadilly,P95005000000009FW26,P95005000000009FW26-36,4,111999.00,Zapatilla Vicky
Piccadilly,P95005000000009FW26,P95005000000009FW26-37,2,111999.00,Zapatilla Vicky
Piccadilly,P95005000000009FW26,P95005000000009FW26-38,3,111999.00,Zapatilla Vicky
Piccadilly,P95005000000009FW26,P95005000000009FW26-39,0,111999.00,Zapatilla Vicky
Piccadilly,P95005000000009FW26,P95005000000009FW26-40,6,111999.00,Zapatilla Vicky
Piccadilly,P95003800000001FW25,P95003800000001FW25-35,0,89239.00,Zapatilla vicky
Piccadilly,P95003800000001FW25,P95003800000001FW25-36,1,89239.00,Zapatilla vicky
Piccadilly,P95003800000001FW25,P95003800000001FW25-37,0,89239.00,Zapatilla vicky
Piccadilly,P95003800000001FW25,P95003800000001FW25-38,0,89239.00,Zapatilla vicky
Piccadilly,P95003800000001FW25,P95003800000001FW25-39,4,89239.00,Zapatilla vicky
Piccadilly,P95003800000001FW25,P95003800000001FW25-40,0,89239.00,Zapatilla vicky
Piccadilly,P95003800000001FW25,P95003800000001FW25-41,0,89239.00,Zapatilla vicky
Piccadilly,P27407400000045FW25,P27407400000045FW25-35,1,83799.00,Zapato Ana
Piccadilly,P27407400000045FW25,P27407400000045FW25-36,2,83799.00,Zapato Ana
Piccadilly,P27407400000045FW25,P27407400000045FW25-37,4,83799.00,Zapato Ana
Piccadilly,P27407400000045FW25,P27407400000045FW25-38,6,83799.00,Zapato Ana
Piccadilly,P27407400000045FW25,P27407400000045FW25-39,4,83799.00,Zapato Ana
Piccadilly,P27407400000045FW25,P27407400000045FW25-40,0,83799.00,Zapato Ana
Piccadilly,P27407400000045FW25,P27407400000045FW25-41,0,83799.00,Zapato Ana
Piccadilly,P11708600000016FW25,P11708600000016FW25-36,0,108999.00,Zapato Beth
Piccadilly,P11708600000016FW25,P11708600000016FW25-37,9,108999.00,Zapato Beth
Piccadilly,P11708600000016FW25,P11708600000016FW25-38,18,108999.00,Zapato Beth
Piccadilly,P11708600000016FW25,P11708600000016FW25-39,8,108999.00,Zapato Beth
Piccadilly,P11708600000016FW25,P11708600000016FW25-40,0,108999.00,Zapato Beth
Piccadilly,P11708600000016FW25,P11708600000016FW25-41,0,108999.00,Zapato Beth
Piccadilly,P11708600000017FW25,P11708600000017FW25-36,7,108999.00,Zapato Beth
Piccadilly,P11708600000017FW25,P11708600000017FW25-37,8,108999.00,Zapato Beth
Piccadilly,P11708600000017FW25,P11708600000017FW25-38,1,108999.00,Zapato Beth
Piccadilly,P11708600000017FW25,P11708600000017FW25-39,14,108999.00,Zapato Beth
Piccadilly,P11708600000017FW25,P11708600000017FW25-40,0,108999.00,Zapato Beth
Piccadilly,P11708600000017FW25,P11708600000017FW25-41,0,108999.00,Zapato Beth
Piccadilly,P11712800000001FW25,P11712800000001FW25-35,0,74999.00,Zapato Beth
Piccadilly,P11712800000001FW25,P11712800000001FW25-36,0,74999.00,Zapato Beth
Piccadilly,P11712800000001FW25,P11712800000001FW25-37,0,74999.00,Zapato Beth
Piccadilly,P11712800000001FW25,P11712800000001FW25-38,8,74999.00,Zapato Beth
Piccadilly,P11712800000001FW25,P11712800000001FW25-39,3,74999.00,Zapato Beth
Piccadilly,P11712800000001FW25,P11712800000001FW25-40,5,74999.00,Zapato Beth
Piccadilly,P11712800000002FW25,P11712800000002FW25-36,3,74999.00,Zapato Beth
Piccadilly,P11712800000002FW25,P11712800000002FW25-37,8,74999.00,Zapato Beth
Piccadilly,P11712800000002FW25,P11712800000002FW25-38,10,74999.00,Zapato Beth
Piccadilly,P11712800000002FW25,P11712800000002FW25-39,0,74999.00,Zapato Beth
Piccadilly,P11712800000002FW25,P11712800000002FW25-40,0,74999.00,Zapato Beth
Piccadilly,P11712800000002FW25,P11712800000002FW25-41,0,74999.00,Zapato Beth
Piccadilly,P11712600000001FW25,P11712600000001FW25-36,4,84999.00,Zapato Beth Loafer
Piccadilly,P11712600000001FW25,P11712600000001FW25-37,2,84999.00,Zapato Beth Loafer
Piccadilly,P11712600000001FW25,P11712600000001FW25-38,7,84999.00,Zapato Beth Loafer
Piccadilly,P11712600000001FW25,P11712600000001FW25-39,4,84999.00,Zapato Beth Loafer
Piccadilly,P11712600000001FW25,P11712600000001FW25-40,5,84999.00,Zapato Beth Loafer
Piccadilly,P11712600000002FW25,P11712600000002FW25-35,0,84999.00,Zapato Beth Loafer
Piccadilly,P11712600000002FW25,P11712600000002FW25-36,0,84999.00,Zapato Beth Loafer
Piccadilly,P11712600000002FW25,P11712600000002FW25-37,1,84999.00,Zapato Beth Loafer
Piccadilly,P11712600000002FW25,P11712600000002FW25-38,6,84999.00,Zapato Beth Loafer
Piccadilly,P11712600000002FW25,P11712600000002FW25-39,2,84999.00,Zapato Beth Loafer
Piccadilly,P11712600000002FW25,P11712600000002FW25-40,0,84999.00,Zapato Beth Loafer
Piccadilly,P11712600000002FW25,P11712600000002FW25-41,2,84999.00,Zapato Beth Loafer
Piccadilly,P13018500000318FW24,P13018500000318FW24-34,1,83999.00,Zapato Deise
Piccadilly,P13018500000318FW24,P13018500000318FW24-35,0,83999.00,Zapato Deise
Piccadilly,P13018500000318FW24,P13018500000318FW24-36,3,83999.00,Zapato Deise
Piccadilly,P13018500000318FW24,P13018500000318FW24-37,0,83999.00,Zapato Deise
Piccadilly,P13018500000318FW24,P13018500000318FW24-38,0,83999.00,Zapato Deise
Piccadilly,P13018500000318FW24,P13018500000318FW24-39,0,83999.00,Zapato Deise
Piccadilly,P13018500000318FW24,P13018500000318FW24-40,0,83999.00,Zapato Deise
Piccadilly,P13018500000318FW24,P13018500000318FW24-41,0,83999.00,Zapato Deise
Piccadilly,P13018500000319FW24,P13018500000319FW24-34,0,83999.00,Zapato Deise
Piccadilly,P13018500000319FW24,P13018500000319FW24-35,0,83999.00,Zapato Deise
Piccadilly,P13018500000319FW24,P13018500000319FW24-36,5,83999.00,Zapato Deise
Piccadilly,P13018500000319FW24,P13018500000319FW24-37,0,83999.00,Zapato Deise
Piccadilly,P13018500000319FW24,P13018500000319FW24-38,0,83999.00,Zapato Deise
Piccadilly,P13018500000319FW24,P13018500000319FW24-39,0,83999.00,Zapato Deise
Piccadilly,P13018500000319FW24,P13018500000319FW24-40,0,83999.00,Zapato Deise
Piccadilly,P13018500000319FW24,P13018500000319FW24-41,0,83999.00,Zapato Deise
Piccadilly,P13018500000343FW24,P13018500000343FW24-35,6,83999.00,Zapato Deise
Piccadilly,P13018500000343FW24,P13018500000343FW24-36,6,83999.00,Zapato Deise
Piccadilly,P13018500000343FW24,P13018500000343FW24-37,14,83999.00,Zapato Deise
Piccadilly,P13018500000343FW24,P13018500000343FW24-38,17,83999.00,Zapato Deise
Piccadilly,P13018500000343FW24,P13018500000343FW24-39,17,83999.00,Zapato Deise
Piccadilly,P13018500000343FW24,P13018500000343FW24-40,20,83999.00,Zapato Deise
Piccadilly,P13018500000343FW24,P13018500000343FW24-41,5,83999.00,Zapato Deise
Piccadilly,P13021100000142FW26,P13021100000142FW26-34,0,89999.00,Zapato Deise
Piccadilly,P13021100000142FW26,P13021100000142FW26-35,3,89999.00,Zapato Deise
Piccadilly,P13021100000142FW26,P13021100000142FW26-36,10,89999.00,Zapato Deise
Piccadilly,P13021100000142FW26,P13021100000142FW26-37,23,89999.00,Zapato Deise
Piccadilly,P13021100000142FW26,P13021100000142FW26-38,44,89999.00,Zapato Deise
Piccadilly,P13021100000142FW26,P13021100000142FW26-39,33,89999.00,Zapato Deise
Piccadilly,P13021100000142FW26,P13021100000142FW26-40,16,89999.00,Zapato Deise
Piccadilly,P13021100000142FW26,P13021100000142FW26-41,0,89999.00,Zapato Deise
Piccadilly,P13021100000147FW26,P13021100000147FW26-35,3,89999.00,Zapato Deise
Piccadilly,P13021100000147FW26,P13021100000147FW26-36,11,89999.00,Zapato Deise
Piccadilly,P13021100000147FW26,P13021100000147FW26-37,18,89999.00,Zapato Deise
Piccadilly,P13021100000147FW26,P13021100000147FW26-38,17,89999.00,Zapato Deise
Piccadilly,P13021100000147FW26,P13021100000147FW26-39,15,89999.00,Zapato Deise
Piccadilly,P13021100000147FW26,P13021100000147FW26-40,8,89999.00,Zapato Deise
Piccadilly,P13021900000009FW23,P13021900000009FW23-35,0,61999.00,Zapato Deise Aplique Textura
Piccadilly,P13021900000009FW23,P13021900000009FW23-36,0,61999.00,Zapato Deise Aplique Textura
Piccadilly,P13021900000009FW23,P13021900000009FW23-37,0,61999.00,Zapato Deise Aplique Textura
Piccadilly,P13021900000009FW23,P13021900000009FW23-38,0,61999.00,Zapato Deise Aplique Textura
Piccadilly,P13021900000009FW23,P13021900000009FW23-39,1,61999.00,Zapato Deise Aplique Textura
Piccadilly,P13021900000009FW23,P13021900000009FW23-40,0,61999.00,Zapato Deise Aplique Textura
Piccadilly,P13021900000009FW23,P13021900000009FW23-41,0,61999.00,Zapato Deise Aplique Textura
Piccadilly,P13018500000304FW24,P13018500000304FW24-34,1,83999.00,Zapato Deise Liso
Piccadilly,P13018500000304FW24,P13018500000304FW24-35,0,83999.00,Zapato Deise Liso
Piccadilly,P13018500000304FW24,P13018500000304FW24-36,2,83999.00,Zapato Deise Liso
Piccadilly,P13018500000304FW24,P13018500000304FW24-37,0,83999.00,Zapato Deise Liso
Piccadilly,P13018500000304FW24,P13018500000304FW24-38,0,83999.00,Zapato Deise Liso
Piccadilly,P13018500000304FW24,P13018500000304FW24-39,0,83999.00,Zapato Deise Liso
Piccadilly,P13024300000002FW25,P13024300000002FW25-36,0,73999.00,Zapato Deise Scarpin
Piccadilly,P13024300000002FW25,P13024300000002FW25-37,0,73999.00,Zapato Deise Scarpin
Piccadilly,P13024300000002FW25,P13024300000002FW25-38,8,73999.00,Zapato Deise Scarpin
Piccadilly,P13024300000002FW25,P13024300000002FW25-39,0,73999.00,Zapato Deise Scarpin
Piccadilly,P13024300000002FW25,P13024300000002FW25-40,1,73999.00,Zapato Deise Scarpin
Piccadilly,P13024300000002FW25,P13024300000002FW25-41,0,73999.00,Zapato Deise Scarpin
Piccadilly,P13024300000003FW25,P13024300000003FW25-36,1,73999.00,Zapato Deise Scarpin
Piccadilly,P13024300000003FW25,P13024300000003FW25-37,0,73999.00,Zapato Deise Scarpin
Piccadilly,P13024300000003FW25,P13024300000003FW25-38,12,73999.00,Zapato Deise Scarpin
Piccadilly,P13024300000003FW25,P13024300000003FW25-39,0,73999.00,Zapato Deise Scarpin
Piccadilly,P13024300000003FW25,P13024300000003FW25-40,0,73999.00,Zapato Deise Scarpin
Piccadilly,P13024300000003FW25,P13024300000003FW25-41,0,73999.00,Zapato Deise Scarpin
Piccadilly,P13024300000007FW25,P13024300000007FW25-36,1,73999.00,Zapato Deise Scarpin
Piccadilly,P13024300000007FW25,P13024300000007FW25-37,1,73999.00,Zapato Deise Scarpin
Piccadilly,P13024300000007FW25,P13024300000007FW25-38,18,73999.00,Zapato Deise Scarpin
Piccadilly,P13024300000007FW25,P13024300000007FW25-39,2,73999.00,Zapato Deise Scarpin
Piccadilly,P13024300000007FW25,P13024300000007FW25-40,0,73999.00,Zapato Deise Scarpin
Piccadilly,P13024300000007FW25,P13024300000007FW25-41,0,73999.00,Zapato Deise Scarpin
Piccadilly,P74804200000001FW25,P74804200000001FW25-36,5,79999.00,Zapato Estela
Piccadilly,P74804200000001FW25,P74804200000001FW25-37,5,79999.00,Zapato Estela
Piccadilly,P74804200000001FW25,P74804200000001FW25-38,14,79999.00,Zapato Estela
Piccadilly,P74804200000001FW25,P74804200000001FW25-39,6,79999.00,Zapato Estela
Piccadilly,P74804200000001FW25,P74804200000001FW25-40,0,79999.00,Zapato Estela
Piccadilly,P74804200000004FW25,P74804200000004FW25-35,4,79999.00,Zapato Estela
Piccadilly,P74804200000004FW25,P74804200000004FW25-36,4,79999.00,Zapato Estela
Piccadilly,P74804200000004FW25,P74804200000004FW25-37,0,79999.00,Zapato Estela
Piccadilly,P74804200000004FW25,P74804200000004FW25-38,4,79999.00,Zapato Estela
Piccadilly,P74804200000004FW25,P74804200000004FW25-39,0,79999.00,Zapato Estela
Piccadilly,P74804200000004FW25,P74804200000004FW25-40,0,79999.00,Zapato Estela
Piccadilly,P74804200000004FW25,P74804200000004FW25-41,0,79999.00,Zapato Estela
Piccadilly,P74804100000004FW25,P74804100000004FW25-35,0,83999.00,Zapato Estela Mary Jane
Piccadilly,P74804100000004FW25,P74804100000004FW25-36,0,83999.00,Zapato Estela Mary Jane
Piccadilly,P74804100000004FW25,P74804100000004FW25-37,1,83999.00,Zapato Estela Mary Jane
Piccadilly,P74804100000004FW25,P74804100000004FW25-38,0,83999.00,Zapato Estela Mary Jane
Piccadilly,P74804100000004FW25,P74804100000004FW25-39,1,83999.00,Zapato Estela Mary Jane
Piccadilly,P74804100000004FW25,P74804100000004FW25-40,0,83999.00,Zapato Estela Mary Jane
Piccadilly,P74804100000004FW25,P74804100000004FW25-41,0,83999.00,Zapato Estela Mary Jane
Piccadilly,P31801200000002FW25,P31801200000002FW25-37,0,94999.00,Zapato Fabiana Loafer
Piccadilly,P31801200000002FW25,P31801200000002FW25-38,9,94999.00,Zapato Fabiana Loafer
Piccadilly,P31801200000002FW25,P31801200000002FW25-39,0,94999.00,Zapato Fabiana Loafer
Piccadilly,P31801200000002FW25,P31801200000002FW25-40,4,94999.00,Zapato Fabiana Loafer
Piccadilly,P31801200000002FW25,P31801200000002FW25-41,0,94999.00,Zapato Fabiana Loafer
Piccadilly,P14730300000001SS24,P14730300000001SS24-35,1,60999.00,Zapato Fernanda
Piccadilly,P14730300000001SS24,P14730300000001SS24-36,0,60999.00,Zapato Fernanda
Piccadilly,P14730300000001SS24,P14730300000001SS24-37,0,60999.00,Zapato Fernanda
Piccadilly,P14730300000001SS24,P14730300000001SS24-38,0,60999.00,Zapato Fernanda
Piccadilly,P14730300000001SS24,P14730300000001SS24-39,0,60999.00,Zapato Fernanda
Piccadilly,P14730300000001SS24,P14730300000001SS24-40,0,60999.00,Zapato Fernanda
Piccadilly,P66300100000003FW26,P66300100000003FW26-35,0,103999.00,Zapato Francisca
Piccadilly,P66300100000003FW26,P66300100000003FW26-36,6,103999.00,Zapato Francisca
Piccadilly,P66300100000003FW26,P66300100000003FW26-37,12,103999.00,Zapato Francisca
Piccadilly,P66300100000003FW26,P66300100000003FW26-38,9,103999.00,Zapato Francisca
Piccadilly,P66300100000003FW26,P66300100000003FW26-39,15,103999.00,Zapato Francisca
Piccadilly,P66300100000003FW26,P66300100000003FW26-40,8,103999.00,Zapato Francisca
Piccadilly,P66300100000003FW26,P66300100000003FW26-41,3,103999.00,Zapato Francisca
Piccadilly,P66300100000006FW26,P66300100000006FW26-35,0,103999.00,Zapato Francisca
Piccadilly,P66300100000006FW26,P66300100000006FW26-36,2,103999.00,Zapato Francisca
Piccadilly,P66300100000006FW26,P66300100000006FW26-37,11,103999.00,Zapato Francisca
Piccadilly,P66300100000006FW26,P66300100000006FW26-38,23,103999.00,Zapato Francisca
Piccadilly,P66300100000006FW26,P66300100000006FW26-39,14,103999.00,Zapato Francisca
Piccadilly,P66300100000006FW26,P66300100000006FW26-40,3,103999.00,Zapato Francisca
Piccadilly,P66300100000006FW26,P66300100000006FW26-41,7,103999.00,Zapato Francisca
Piccadilly,P66300100000002FW26,P66300100000002FW26-36,1,103999.00,Zapato Francisca
Piccadilly,P66300100000002FW26,P66300100000002FW26-37,2,103999.00,Zapato Francisca
Piccadilly,P66300100000002FW26,P66300100000002FW26-38,1,103999.00,Zapato Francisca
Piccadilly,P66300100000002FW26,P66300100000002FW26-39,0,103999.00,Zapato Francisca
Piccadilly,P66300100000002FW26,P66300100000002FW26-40,1,103999.00,Zapato Francisca
Piccadilly,P66300100000002FW26,P66300100000002FW26-41,0,103999.00,Zapato Francisca
Piccadilly,P66200900000002SS26,P66200900000002SS26-36,1,66999.00,Zapato Giovanna
Piccadilly,P66200900000002SS26,P66200900000002SS26-37,0,66999.00,Zapato Giovanna
Piccadilly,P66200900000002SS26,P66200900000002SS26-38,3,66999.00,Zapato Giovanna
Piccadilly,P66200900000002SS26,P66200900000002SS26-39,1,66999.00,Zapato Giovanna
Piccadilly,P66200900000002SS26,P66200900000002SS26-40,0,66999.00,Zapato Giovanna
Piccadilly,P66200900000002SS26,P66200900000002SS26-41,0,66999.00,Zapato Giovanna
Piccadilly,P73500600000024SS24,P73500600000024SS24-35,1,67999.00,ZAPATO GISA
Piccadilly,P73500600000024SS24,P73500600000024SS24-36,0,67999.00,ZAPATO GISA
Piccadilly,P73500600000024SS24,P73500600000024SS24-37,0,67999.00,ZAPATO GISA
Piccadilly,P73500600000024SS24,P73500600000024SS24-38,0,67999.00,ZAPATO GISA
Piccadilly,P73500600000024SS24,P73500600000024SS24-39,0,67999.00,ZAPATO GISA
Piccadilly,P73500600000024SS24,P73500600000024SS24-40,0,67999.00,ZAPATO GISA
Piccadilly,P73503800000004FW25,P73503800000004FW25-36,0,108999.00,Zapato Gisa Mary Jane
Piccadilly,P73503800000004FW25,P73503800000004FW25-37,1,108999.00,Zapato Gisa Mary Jane
Piccadilly,P73503800000004FW25,P73503800000004FW25-38,1,108999.00,Zapato Gisa Mary Jane
Piccadilly,P73503800000004FW25,P73503800000004FW25-39,0,108999.00,Zapato Gisa Mary Jane
Piccadilly,P73503800000004FW25,P73503800000004FW25-40,0,108999.00,Zapato Gisa Mary Jane
Piccadilly,P73502700000022FW25,P73502700000022FW25-35,0,102999.00,Zapato Gisa Mocasín/Loafer
Piccadilly,P73502700000022FW25,P73502700000022FW25-36,0,102999.00,Zapato Gisa Mocasín/Loafer
Piccadilly,P73502700000022FW25,P73502700000022FW25-37,0,102999.00,Zapato Gisa Mocasín/Loafer
Piccadilly,P73502700000022FW25,P73502700000022FW25-38,0,102999.00,Zapato Gisa Mocasín/Loafer
Piccadilly,P73502700000022FW25,P73502700000022FW25-39,1,102999.00,Zapato Gisa Mocasín/Loafer
Piccadilly,P73502700000022FW25,P73502700000022FW25-40,0,102999.00,Zapato Gisa Mocasín/Loafer
Piccadilly,P73502700000022FW25,P73502700000022FW25-41,0,102999.00,Zapato Gisa Mocasín/Loafer
Piccadilly,P73503600000003FW25,P73503600000003FW25-36,0,103999.00,Zapato Gisa Mocasín/Loafer
Piccadilly,P73503600000003FW25,P73503600000003FW25-37,0,103999.00,Zapato Gisa Mocasín/Loafer
Piccadilly,P73503600000003FW25,P73503600000003FW25-38,0,103999.00,Zapato Gisa Mocasín/Loafer
Piccadilly,P73503600000003FW25,P73503600000003FW25-39,1,103999.00,Zapato Gisa Mocasín/Loafer
Piccadilly,P73503600000003FW25,P73503600000003FW25-40,0,103999.00,Zapato Gisa Mocasín/Loafer
Piccadilly,P73503600000003FW25,P73503600000003FW25-41,0,103999.00,Zapato Gisa Mocasín/Loafer
Piccadilly,P14323100000006FW25,P14323100000006FW25-36,1,62999.00,Zapato Ivone
Piccadilly,P14323100000006FW25,P14323100000006FW25-37,0,62999.00,Zapato Ivone
Piccadilly,P14323100000006FW25,P14323100000006FW25-38,0,62999.00,Zapato Ivone
Piccadilly,P14323100000006FW25,P14323100000006FW25-39,0,62999.00,Zapato Ivone
Piccadilly,P14323100000006FW25,P14323100000006FW25-40,0,62999.00,Zapato Ivone
Piccadilly,P14323500000001FW25,P14323500000001FW25-36,0,68999.00,Zapato Ivone
Piccadilly,P14323500000001FW25,P14323500000001FW25-37,0,68999.00,Zapato Ivone
Piccadilly,P14323500000001FW25,P14323500000001FW25-38,2,68999.00,Zapato Ivone
Piccadilly,P14323500000001FW25,P14323500000001FW25-39,0,68999.00,Zapato Ivone
Piccadilly,P14323500000001FW25,P14323500000001FW25-40,2,68999.00,Zapato Ivone
Piccadilly,P14323500000002FW25,P14323500000002FW25-35,4,68999.00,Zapato Ivone
Piccadilly,P14323500000002FW25,P14323500000002FW25-36,4,68999.00,Zapato Ivone
Piccadilly,P14323500000002FW25,P14323500000002FW25-37,1,68999.00,Zapato Ivone
Piccadilly,P14323500000002FW25,P14323500000002FW25-38,9,68999.00,Zapato Ivone
Piccadilly,P14323500000002FW25,P14323500000002FW25-39,0,68999.00,Zapato Ivone
Piccadilly,P14323500000002FW25,P14323500000002FW25-40,0,68999.00,Zapato Ivone
Piccadilly,P14323500000002FW25,P14323500000002FW25-41,3,68999.00,Zapato Ivone
Piccadilly,P14324100000001SS26,P14324100000001SS26-36,6,83999.00,Zapato Ivone
Piccadilly,P14324100000001SS26,P14324100000001SS26-37,7,83999.00,Zapato Ivone
Piccadilly,P14324100000001SS26,P14324100000001SS26-38,2,83999.00,Zapato Ivone
Piccadilly,P14324100000001SS26,P14324100000001SS26-39,8,83999.00,Zapato Ivone
Piccadilly,P14324100000001SS26,P14324100000001SS26-40,6,83999.00,Zapato Ivone
Piccadilly,P14324100000004SS26,P14324100000004SS26-36,6,83999.00,Zapato Ivone
Piccadilly,P14324100000004SS26,P14324100000004SS26-37,1,83999.00,Zapato Ivone
Piccadilly,P14324100000004SS26,P14324100000004SS26-38,0,83999.00,Zapato Ivone
Piccadilly,P14324100000004SS26,P14324100000004SS26-39,7,83999.00,Zapato Ivone
Piccadilly,P14324100000004SS26,P14324100000004SS26-40,5,83999.00,Zapato Ivone
Piccadilly,P14324100000004SS26,P14324100000004SS26-41,0,83999.00,Zapato Ivone
Piccadilly,P14313300000364FW26,P14313300000364FW26-34,3,81999.00,Zapato Ivone
Piccadilly,P14313300000364FW26,P14313300000364FW26-36,0,81999.00,Zapato Ivone
Piccadilly,P14313300000364FW26,P14313300000364FW26-37,0,81999.00,Zapato Ivone
Piccadilly,P14313300000364FW26,P14313300000364FW26-38,1,81999.00,Zapato Ivone
Piccadilly,P14313300000364FW26,P14313300000364FW26-39,2,81999.00,Zapato Ivone
Piccadilly,P14313300000364FW26,P14313300000364FW26-40,4,81999.00,Zapato Ivone
Piccadilly,P14313300000364FW26,P14313300000364FW26-41,0,81999.00,Zapato Ivone
Piccadilly,P14313300000310SS25,P14313300000310SS25-35,0,77999.00,Zapato Ivone Taco Medio
Piccadilly,P14313300000310SS25,P14313300000310SS25-36,2,77999.00,Zapato Ivone Taco Medio
Piccadilly,P14313300000310SS25,P14313300000310SS25-37,2,77999.00,Zapato Ivone Taco Medio
Piccadilly,P14313300000310SS25,P14313300000310SS25-38,1,77999.00,Zapato Ivone Taco Medio
Piccadilly,P14313300000310SS25,P14313300000310SS25-39,0,77999.00,Zapato Ivone Taco Medio
Piccadilly,P14313300000310SS25,P14313300000310SS25-40,0,77999.00,Zapato Ivone Taco Medio
Piccadilly,P11007200003151SS24,P11007200003151SS24-35,1,77999.00,Zapato Laura
Piccadilly,P11007200003151SS24,P11007200003151SS24-36,3,77999.00,Zapato Laura
Piccadilly,P11007200003151SS24,P11007200003151SS24-37,0,77999.00,Zapato Laura
Piccadilly,P11007200003151SS24,P11007200003151SS24-38,10,77999.00,Zapato Laura
Piccadilly,P11007200003151SS24,P11007200003151SS24-39,0,77999.00,Zapato Laura
Piccadilly,P11007200003151SS24,P11007200003151SS24-40,0,77999.00,Zapato Laura
Piccadilly,P11007200003151SS24,P11007200003151SS24-41,0,77999.00,Zapato Laura
Piccadilly,P11007200003315SS26,P11007200003315SS26-35,5,77999.00,Zapato Laura
Piccadilly,P11007200003315SS26,P11007200003315SS26-36,8,77999.00,Zapato Laura
Piccadilly,P11007200003315SS26,P11007200003315SS26-37,5,77999.00,Zapato Laura
Piccadilly,P11007200003315SS26,P11007200003315SS26-38,6,77999.00,Zapato Laura
Piccadilly,P11007200003315SS26,P11007200003315SS26-39,10,77999.00,Zapato Laura
Piccadilly,P11007200003315SS26,P11007200003315SS26-40,3,77999.00,Zapato Laura
Piccadilly,P11007200003315SS26,P11007200003315SS26-41,8,77999.00,Zapato Laura
Piccadilly,P11007200003319SS26,P11007200003319SS26-35,3,77999.00,Zapato Laura
Piccadilly,P11007200003319SS26,P11007200003319SS26-36,9,77999.00,Zapato Laura
Piccadilly,P11007200003319SS26,P11007200003319SS26-37,24,77999.00,Zapato Laura
Piccadilly,P11007200003319SS26,P11007200003319SS26-38,16,77999.00,Zapato Laura
Piccadilly,P11007200003319SS26,P11007200003319SS26-39,16,77999.00,Zapato Laura
Piccadilly,P11007200003319SS26,P11007200003319SS26-40,7,77999.00,Zapato Laura
Piccadilly,P11007200003319SS26,P11007200003319SS26-41,11,77999.00,Zapato Laura
Piccadilly,P11010200001212SS26,P11010200001212SS26-36,1,83999.00,Zapato Laura
Piccadilly,P11010200001212SS26,P11010200001212SS26-37,5,83999.00,Zapato Laura
Piccadilly,P11010200001212SS26,P11010200001212SS26-38,1,83999.00,Zapato Laura
Piccadilly,P11010200001212SS26,P11010200001212SS26-39,0,83999.00,Zapato Laura
Piccadilly,P11010200001212SS26,P11010200001212SS26-40,2,83999.00,Zapato Laura
Piccadilly,P11010200001212SS26,P11010200001212SS26-41,0,83999.00,Zapato Laura
Piccadilly,P11019300000001SS26,P11019300000001SS26-36,0,67999.00,Zapato Laura
Piccadilly,P11019300000001SS26,P11019300000001SS26-37,1,67999.00,Zapato Laura
Piccadilly,P11019300000001SS26,P11019300000001SS26-38,0,67999.00,Zapato Laura
Piccadilly,P11019300000001SS26,P11019300000001SS26-39,0,67999.00,Zapato Laura
Piccadilly,P11019300000001SS26,P11019300000001SS26-40,5,67999.00,Zapato Laura
Piccadilly,P11019300000001SS26,P11019300000001SS26-41,2,67999.00,Zapato Laura
Piccadilly,P11019300000006SS26,P11019300000006SS26-36,0,67999.00,Zapato Laura
Piccadilly,P11019300000006SS26,P11019300000006SS26-37,1,67999.00,Zapato Laura
Piccadilly,P11019300000006SS26,P11019300000006SS26-38,0,67999.00,Zapato Laura
Piccadilly,P11019300000006SS26,P11019300000006SS26-39,0,67999.00,Zapato Laura
Piccadilly,P11019300000006SS26,P11019300000006SS26-40,0,67999.00,Zapato Laura
Piccadilly,P11019300000006SS26,P11019300000006SS26-41,0,67999.00,Zapato Laura
Piccadilly,P11007200003105FW23,P11007200003105FW23-35,0,85199.00,Zapato Laura
Piccadilly,P11007200003105FW23,P11007200003105FW23-36,0,85199.00,Zapato Laura
Piccadilly,P11007200003105FW23,P11007200003105FW23-37,0,85199.00,Zapato Laura
Piccadilly,P11007200003105FW23,P11007200003105FW23-38,0,85199.00,Zapato Laura
Piccadilly,P11007200003105FW23,P11007200003105FW23-39,1,85199.00,Zapato Laura
Piccadilly,P11007200003105FW23,P11007200003105FW23-40,0,85199.00,Zapato Laura
Piccadilly,P11007200003105FW23,P11007200003105FW23-41,0,85199.00,Zapato Laura
Piccadilly,P11019800000001FW26,P11019800000001FW26-35,0,97999.00,Zapato Laura
Piccadilly,P11019800000001FW26,P11019800000001FW26-36,8,97999.00,Zapato Laura
Piccadilly,P11019800000001FW26,P11019800000001FW26-37,9,97999.00,Zapato Laura
Piccadilly,P11019800000001FW26,P11019800000001FW26-38,17,97999.00,Zapato Laura
Piccadilly,P11019800000001FW26,P11019800000001FW26-39,17,97999.00,Zapato Laura
Piccadilly,P11019800000001FW26,P11019800000001FW26-40,15,97999.00,Zapato Laura
Piccadilly,P11019800000001FW26,P11019800000001FW26-41,8,97999.00,Zapato Laura
Piccadilly,P11019800000006FW26,P11019800000006FW26-34,0,97999.00,Zapato Laura
Piccadilly,P11019800000006FW26,P11019800000006FW26-35,0,97999.00,Zapato Laura
Piccadilly,P11019800000006FW26,P11019800000006FW26-36,7,97999.00,Zapato Laura
Piccadilly,P11019800000006FW26,P11019800000006FW26-37,6,97999.00,Zapato Laura
Piccadilly,P11019800000006FW26,P11019800000006FW26-38,4,97999.00,Zapato Laura
Piccadilly,P11019800000006FW26,P11019800000006FW26-39,3,97999.00,Zapato Laura
Piccadilly,P11019800000006FW26,P11019800000006FW26-40,8,97999.00,Zapato Laura
Piccadilly,P11019800000006FW26,P11019800000006FW26-41,6,97999.00,Zapato Laura
Piccadilly,P11014200000003FW23,P11014200000003FW23-35,0,56399.00,Zapato Laura Hebilla
Piccadilly,P11014200000003FW23,P11014200000003FW23-36,1,56399.00,Zapato Laura Hebilla
Piccadilly,P11014200000003FW23,P11014200000003FW23-37,0,56399.00,Zapato Laura Hebilla
Piccadilly,P11014200000003FW23,P11014200000003FW23-38,0,56399.00,Zapato Laura Hebilla
Piccadilly,P11014200000003FW23,P11014200000003FW23-39,0,56399.00,Zapato Laura Hebilla
Piccadilly,P11014200000003FW23,P11014200000003FW23-40,0,56399.00,Zapato Laura Hebilla
Piccadilly,P11014200000003FW23,P11014200000003FW23-41,0,56399.00,Zapato Laura Hebilla
Piccadilly,P11018300000002FW25,P11018300000002FW25-36,9,66999.00,Zapato Laura Hebilla
Piccadilly,P11018300000002FW25,P11018300000002FW25-37,2,66999.00,Zapato Laura Hebilla
Piccadilly,P11018300000002FW25,P11018300000002FW25-38,9,66999.00,Zapato Laura Hebilla
Piccadilly,P11018300000002FW25,P11018300000002FW25-39,3,66999.00,Zapato Laura Hebilla
Piccadilly,P11018300000002FW25,P11018300000002FW25-40,6,66999.00,Zapato Laura Hebilla
Piccadilly,P11018300000004FW25,P11018300000004FW25-35,1,66999.00,Zapato Laura Hebilla
Piccadilly,P11018300000004FW25,P11018300000004FW25-36,0,66999.00,Zapato Laura Hebilla
Piccadilly,P11018300000004FW25,P11018300000004FW25-37,0,66999.00,Zapato Laura Hebilla
Piccadilly,P11018300000004FW25,P11018300000004FW25-38,9,66999.00,Zapato Laura Hebilla
Piccadilly,P11018300000004FW25,P11018300000004FW25-39,0,66999.00,Zapato Laura Hebilla
Piccadilly,P11018300000004FW25,P11018300000004FW25-40,0,66999.00,Zapato Laura Hebilla
Piccadilly,P11018300000004FW25,P11018300000004FW25-41,0,66999.00,Zapato Laura Hebilla
Piccadilly,P11018300000007FW25,P11018300000007FW25-35,0,66999.00,Zapato Laura Hebilla
Piccadilly,P11018300000007FW25,P11018300000007FW25-36,0,66999.00,Zapato Laura Hebilla
Piccadilly,P11018300000007FW25,P11018300000007FW25-37,0,66999.00,Zapato Laura Hebilla
Piccadilly,P11018300000007FW25,P11018300000007FW25-38,12,66999.00,Zapato Laura Hebilla
Piccadilly,P11018300000007FW25,P11018300000007FW25-39,3,66999.00,Zapato Laura Hebilla
Piccadilly,P11018300000007FW25,P11018300000007FW25-40,2,66999.00,Zapato Laura Hebilla
Piccadilly,P11018300000007FW25,P11018300000007FW25-41,6,66999.00,Zapato Laura Hebilla
Piccadilly,P11018300000009FW25,P11018300000009FW25-36,4,66999.00,Zapato Laura Hebilla
Piccadilly,P11018300000009FW25,P11018300000009FW25-37,5,66999.00,Zapato Laura Hebilla
Piccadilly,P11018300000009FW25,P11018300000009FW25-38,11,66999.00,Zapato Laura Hebilla
Piccadilly,P11018300000009FW25,P11018300000009FW25-39,11,66999.00,Zapato Laura Hebilla
Piccadilly,P11018300000009FW25,P11018300000009FW25-40,0,66999.00,Zapato Laura Hebilla
Piccadilly,P11018600000001FW25,P11018600000001FW25-35,0,66999.00,Zapato Laura Scarpin
Piccadilly,P11018600000001FW25,P11018600000001FW25-36,0,66999.00,Zapato Laura Scarpin
Piccadilly,P11018600000001FW25,P11018600000001FW25-37,8,66999.00,Zapato Laura Scarpin
Piccadilly,P11018600000001FW25,P11018600000001FW25-38,16,66999.00,Zapato Laura Scarpin
Piccadilly,P11018600000001FW25,P11018600000001FW25-39,8,66999.00,Zapato Laura Scarpin
Piccadilly,P11018600000001FW25,P11018600000001FW25-40,3,66999.00,Zapato Laura Scarpin
Piccadilly,P11018600000001FW25,P11018600000001FW25-41,0,66999.00,Zapato Laura Scarpin
Piccadilly,P11018600000004FW25,P11018600000004FW25-36,2,66999.00,Zapato Laura Scarpin
Piccadilly,P11018600000004FW25,P11018600000004FW25-37,4,66999.00,Zapato Laura Scarpin
Piccadilly,P11018600000004FW25,P11018600000004FW25-38,10,66999.00,Zapato Laura Scarpin
Piccadilly,P11018600000004FW25,P11018600000004FW25-39,0,66999.00,Zapato Laura Scarpin
Piccadilly,P11018600000004FW25,P11018600000004FW25-40,0,66999.00,Zapato Laura Scarpin
Piccadilly,P11018600000004FW25,P11018600000004FW25-41,0,66999.00,Zapato Laura Scarpin
Piccadilly,P11018600000006FW25,P11018600000006FW25-35,0,66999.00,Zapato Laura Scarpin
Piccadilly,P11018600000006FW25,P11018600000006FW25-36,0,66999.00,Zapato Laura Scarpin
Piccadilly,P11018600000006FW25,P11018600000006FW25-37,1,66999.00,Zapato Laura Scarpin
Piccadilly,P11018600000006FW25,P11018600000006FW25-38,0,66999.00,Zapato Laura Scarpin
Piccadilly,P11018600000006FW25,P11018600000006FW25-39,2,66999.00,Zapato Laura Scarpin
Piccadilly,P11018600000006FW25,P11018600000006FW25-40,2,66999.00,Zapato Laura Scarpin
Piccadilly,P11018600000006FW25,P11018600000006FW25-41,4,66999.00,Zapato Laura Scarpin
Piccadilly,P11018600000008FW25,P11018600000008FW25-36,0,66999.00,Zapato Laura Scarpin
Piccadilly,P11018600000008FW25,P11018600000008FW25-37,3,66999.00,Zapato Laura Scarpin
Piccadilly,P11018600000008FW25,P11018600000008FW25-38,13,66999.00,Zapato Laura Scarpin
Piccadilly,P11018600000008FW25,P11018600000008FW25-39,15,66999.00,Zapato Laura Scarpin
Piccadilly,P11018600000008FW25,P11018600000008FW25-40,0,66999.00,Zapato Laura Scarpin
Piccadilly,P11007200003312SS26,P11007200003312SS26-34,2,77999.00,Zapato Laura Scarpin
Piccadilly,P11007200003312SS26,P11007200003312SS26-35,8,77999.00,Zapato Laura Scarpin
Piccadilly,P11007200003312SS26,P11007200003312SS26-36,10,77999.00,Zapato Laura Scarpin
Piccadilly,P11007200003312SS26,P11007200003312SS26-37,8,77999.00,Zapato Laura Scarpin
Piccadilly,P11007200003312SS26,P11007200003312SS26-38,14,77999.00,Zapato Laura Scarpin
Piccadilly,P11007200003312SS26,P11007200003312SS26-39,41,77999.00,Zapato Laura Scarpin
Piccadilly,P11007200003312SS26,P11007200003312SS26-40,14,77999.00,Zapato Laura Scarpin
Piccadilly,P11007200003312SS26,P11007200003312SS26-41,9,77999.00,Zapato Laura Scarpin
Piccadilly,P11007200003312SS26,P11007200003312SS26-42,4,77999.00,Zapato Laura Scarpin
Piccadilly,P74503500000726FW23,P74503500000726FW23-35,0,83999.00,Zapato Luiza
Piccadilly,P74503500000726FW23,P74503500000726FW23-36,0,83999.00,Zapato Luiza
Piccadilly,P74503500000726FW23,P74503500000726FW23-37,0,83999.00,Zapato Luiza
Piccadilly,P74503500000726FW23,P74503500000726FW23-38,0,83999.00,Zapato Luiza
Piccadilly,P74503500000726FW23,P74503500000726FW23-39,2,83999.00,Zapato Luiza
Piccadilly,P74503500000726FW23,P74503500000726FW23-40,1,83999.00,Zapato Luiza
Piccadilly,P74503500000726FW23,P74503500000726FW23-41,0,83999.00,Zapato Luiza
Piccadilly,P74503500000771SS24,P74503500000771SS24-35,0,93999.00,Zapato Luiza
Piccadilly,P74503500000771SS24,P74503500000771SS24-36,0,93999.00,Zapato Luiza
Piccadilly,P74503500000771SS24,P74503500000771SS24-37,0,93999.00,Zapato Luiza
Piccadilly,P74503500000771SS24,P74503500000771SS24-38,0,93999.00,Zapato Luiza
Piccadilly,P74503500000771SS24,P74503500000771SS24-39,1,93999.00,Zapato Luiza
Piccadilly,P74503500000771SS24,P74503500000771SS24-40,0,93999.00,Zapato Luiza
Piccadilly,P74503500000771SS24,P74503500000771SS24-41,0,93999.00,Zapato Luiza
Piccadilly,P74503500000773SS24,P74503500000773SS24-35,0,83999.00,Zapato Luiza
Piccadilly,P74503500000773SS24,P74503500000773SS24-36,2,83999.00,Zapato Luiza
Piccadilly,P74503500000773SS24,P74503500000773SS24-37,0,83999.00,Zapato Luiza
Piccadilly,P74503500000773SS24,P74503500000773SS24-38,0,83999.00,Zapato Luiza
Piccadilly,P74503500000773SS24,P74503500000773SS24-39,2,83999.00,Zapato Luiza
Piccadilly,P74503500000773SS24,P74503500000773SS24-40,0,83999.00,Zapato Luiza
Piccadilly,P74503500000773SS24,P74503500000773SS24-41,0,83999.00,Zapato Luiza
Piccadilly,P74503500000752SS24,P74503500000752SS24-35,0,83999.00,Zapato Luiza
Piccadilly,P74503500000752SS24,P74503500000752SS24-36,3,83999.00,Zapato Luiza
Piccadilly,P74503500000752SS24,P74503500000752SS24-37,1,83999.00,Zapato Luiza
Piccadilly,P74503500000752SS24,P74503500000752SS24-38,0,83999.00,Zapato Luiza
Piccadilly,P74503500000752SS24,P74503500000752SS24-39,0,83999.00,Zapato Luiza
Piccadilly,P74503500000752SS24,P74503500000752SS24-40,0,83999.00,Zapato Luiza
Piccadilly,P74503500000752SS24,P74503500000752SS24-41,0,83999.00,Zapato Luiza
Piccadilly,P74503500000935FW26,P74503500000935FW26-36,7,93999.00,Zapato Luiza
Piccadilly,P74503500000935FW26,P74503500000935FW26-37,7,93999.00,Zapato Luiza
Piccadilly,P74503500000935FW26,P74503500000935FW26-38,7,93999.00,Zapato Luiza
Piccadilly,P74503500000935FW26,P74503500000935FW26-39,8,93999.00,Zapato Luiza
Piccadilly,P74503500000935FW26,P74503500000935FW26-40,7,93999.00,Zapato Luiza
Piccadilly,P74503500000935FW26,P74503500000935FW26-41,1,93999.00,Zapato Luiza
Piccadilly,P74503500000940FW26,P74503500000940FW26-35,0,93999.00,Zapato Luiza
Piccadilly,P74503500000940FW26,P74503500000940FW26-36,10,93999.00,Zapato Luiza
Piccadilly,P74503500000940FW26,P74503500000940FW26-37,13,93999.00,Zapato Luiza
Piccadilly,P74503500000940FW26,P74503500000940FW26-38,13,93999.00,Zapato Luiza
Piccadilly,P74503500000940FW26,P74503500000940FW26-39,14,93999.00,Zapato Luiza
Piccadilly,P74503500000940FW26,P74503500000940FW26-40,6,93999.00,Zapato Luiza
Piccadilly,P74503500000940FW26,P74503500000940FW26-41,0,93999.00,Zapato Luiza
Piccadilly,P74503500000703FW23,P74503500000703FW23-35,0,83999.00,Zapato Luiza Brillo
Piccadilly,P74503500000703FW23,P74503500000703FW23-36,3,83999.00,Zapato Luiza Brillo
Piccadilly,P74503500000703FW23,P74503500000703FW23-37,0,83999.00,Zapato Luiza Brillo
Piccadilly,P74503500000703FW23,P74503500000703FW23-38,0,83999.00,Zapato Luiza Brillo
Piccadilly,P74503500000703FW23,P74503500000703FW23-39,0,83999.00,Zapato Luiza Brillo
Piccadilly,P74503500000703FW23,P74503500000703FW23-40,0,83999.00,Zapato Luiza Brillo
Piccadilly,P74503500000703FW23,P74503500000703FW23-41,0,83999.00,Zapato Luiza Brillo
Piccadilly,P74503500000861FW25,P74503500000861FW25-36,3,83999.00,Zapato Luiza Scarpin
Piccadilly,P74503500000861FW25,P74503500000861FW25-37,0,83999.00,Zapato Luiza Scarpin
Piccadilly,P74503500000861FW25,P74503500000861FW25-38,0,83999.00,Zapato Luiza Scarpin
Piccadilly,P74503500000861FW25,P74503500000861FW25-39,2,83999.00,Zapato Luiza Scarpin
Piccadilly,P74503500000861FW25,P74503500000861FW25-40,0,83999.00,Zapato Luiza Scarpin
Piccadilly,P74513500000123FW25,P74513500000123FW25-35,4,83999.00,Zapato Luiza Scarpin
Piccadilly,P74513500000123FW25,P74513500000123FW25-36,5,83999.00,Zapato Luiza Scarpin
Piccadilly,P74513500000123FW25,P74513500000123FW25-37,0,83999.00,Zapato Luiza Scarpin
Piccadilly,P74513500000123FW25,P74513500000123FW25-38,4,83999.00,Zapato Luiza Scarpin
Piccadilly,P74513500000123FW25,P74513500000123FW25-39,0,83999.00,Zapato Luiza Scarpin
Piccadilly,P74513500000123FW25,P74513500000123FW25-40,0,83999.00,Zapato Luiza Scarpin
Piccadilly,P74513500000123FW25,P74513500000123FW25-41,1,83999.00,Zapato Luiza Scarpin
Piccadilly,P74513500000125FW25,P74513500000125FW25-35,2,83999.00,Zapato Luiza Scarpin
Piccadilly,P74513500000125FW25,P74513500000125FW25-36,0,83999.00,Zapato Luiza Scarpin
Piccadilly,P74513500000125FW25,P74513500000125FW25-37,0,83999.00,Zapato Luiza Scarpin
Piccadilly,P74513500000125FW25,P74513500000125FW25-38,5,83999.00,Zapato Luiza Scarpin
Piccadilly,P74513500000125FW25,P74513500000125FW25-39,0,83999.00,Zapato Luiza Scarpin
Piccadilly,P74513500000125FW25,P74513500000125FW25-40,1,83999.00,Zapato Luiza Scarpin
Piccadilly,P74513500000125FW25,P74513500000125FW25-41,5,83999.00,Zapato Luiza Scarpin
Piccadilly,P74513500000126FW25,P74513500000126FW25-36,1,83999.00,Zapato Luiza Scarpin
Piccadilly,P74513500000126FW25,P74513500000126FW25-37,0,83999.00,Zapato Luiza Scarpin
Piccadilly,P74513500000126FW25,P74513500000126FW25-38,3,83999.00,Zapato Luiza Scarpin
Piccadilly,P74513500000126FW25,P74513500000126FW25-39,0,83999.00,Zapato Luiza Scarpin
Piccadilly,P74513500000126FW25,P74513500000126FW25-40,0,83999.00,Zapato Luiza Scarpin
Piccadilly,P74513500000126FW25,P74513500000126FW25-41,3,83999.00,Zapato Luiza Scarpin
Piccadilly,P74513500000128FW25,P74513500000128FW25-36,0,93999.00,Zapato Luiza Scarpin
Piccadilly,P74513500000128FW25,P74513500000128FW25-37,0,93999.00,Zapato Luiza Scarpin
Piccadilly,P74513500000128FW25,P74513500000128FW25-38,1,93999.00,Zapato Luiza Scarpin
Piccadilly,P74513500000128FW25,P74513500000128FW25-39,0,93999.00,Zapato Luiza Scarpin
Piccadilly,P74513500000128FW25,P74513500000128FW25-40,0,93999.00,Zapato Luiza Scarpin
Piccadilly,P74513500000128FW25,P74513500000128FW25-41,0,93999.00,Zapato Luiza Scarpin
Piccadilly,P14505400000002FW25,P14505400000002FW25-36,0,62999.00,Zapato Mary Jane
Piccadilly,P14505400000002FW25,P14505400000002FW25-37,0,62999.00,Zapato Mary Jane
Piccadilly,P14505400000002FW25,P14505400000002FW25-38,0,62999.00,Zapato Mary Jane
Piccadilly,P14505400000002FW25,P14505400000002FW25-39,0,62999.00,Zapato Mary Jane
Piccadilly,P14505400000002FW25,P14505400000002FW25-40,1,62999.00,Zapato Mary Jane
Piccadilly,P14505400000002FW25,P14505400000002FW25-41,0,62999.00,Zapato Mary Jane
Piccadilly,P14505400000012FW25,P14505400000012FW25-37,0,62999.00,Zapato Mary Jane
Piccadilly,P14505400000012FW25,P14505400000012FW25-38,0,62999.00,Zapato Mary Jane
Piccadilly,P14505400000012FW25,P14505400000012FW25-39,1,62999.00,Zapato Mary Jane
Piccadilly,P14505400000012FW25,P14505400000012FW25-40,0,62999.00,Zapato Mary Jane
Piccadilly,P14505400000012FW25,P14505400000012FW25-41,0,62999.00,Zapato Mary Jane
Piccadilly,P12203300000001FW25,P12203300000001FW25-36,0,59999.00,Zapato Michele
Piccadilly,P12203300000001FW25,P12203300000001FW25-37,0,59999.00,Zapato Michele
Piccadilly,P12203300000001FW25,P12203300000001FW25-38,1,59999.00,Zapato Michele
Piccadilly,P12203300000001FW25,P12203300000001FW25-39,0,59999.00,Zapato Michele
Piccadilly,P12203300000001FW25,P12203300000001FW25-40,0,59999.00,Zapato Michele
